url,tipo,estado,canonica,canonicaPropia,robots,enSitemap,titulo,descripcion,h1,schema,enlacesEntrantes,enlacesSalientes,redirect,servicio,geografia,intencion,riesgoCanibalizacion,disposicion,motivo
"https://www.mrandmrsoutdoorliving.com/","home","200","https://www.mrandmrsoutdoorliving.com/","true","index, follow (por defecto)","true","Custom Pool Builders & Outdoor Living in Florida","Custom inground pool builders and outdoor living design-build contractors serving North & South Florida. Licensed, engineered, and turnkey construction.","Licensed Custom Pool Builders & Outdoor Living Contractors in Florida","AdministrativeArea | LocalBusiness | PropertyValue | State | WebSite","65","45","none","Custom pool construction","Florida","","none detected","KEEP","Indexable, self-canonical, in sitemap."
"https://www.mrandmrsoutdoorliving.com/about","corporate","200","https://www.mrandmrsoutdoorliving.com/about","true","index, follow (por defecto)","true","Licensed Florida Pool Builders & Design-Build Contractors","Licensed Florida pool builders and outdoor living design-build contractors specializing in custom inground pools and engineered construction.","Discover more about Mr & Mrs Outdoor Living","AboutPage | AdministrativeArea | Answer | BreadcrumbList | EducationalOccupationalCredential | FAQPage | ImageObject | ListItem | LocalBusiness | Organization | Person | Place | PropertyValue | Question | State","80","3","none","","Florida","","none detected","KEEP","Indexable, self-canonical, in sitemap."
"https://www.mrandmrsoutdoorliving.com/articles/accessibility","legal","200","https://www.mrandmrsoutdoorliving.com/articles/accessibility","true","index, follow (por defecto)","true","Accessibility Statement | Mr. & Mrs. Outdoor Living","Learn about Mr. & Mrs. Outdoor Living’s commitment to website accessibility and ongoing efforts to provide an inclusive user experience.","Accessibility","AdministrativeArea | Article | BreadcrumbList | ImageObject | ListItem | LocalBusiness | Organization | PropertyValue | State","0","1","none","","Florida","","none detected","KEEP","Indexable, self-canonical, in sitemap."
"https://www.mrandmrsoutdoorliving.com/articles/privacy-policy","legal","200","https://www.mrandmrsoutdoorliving.com/articles/privacy-policy","true","index, follow (por defecto)","true","Privacy Policy | Mr. & Mrs. Outdoor Living","Review how Mr. & Mrs. Outdoor Living collects, uses, and protects personal information through its website and services.","Privacy Policy","AdministrativeArea | Article | BreadcrumbList | ImageObject | ListItem | LocalBusiness | Organization | PropertyValue | State","0","1","none","","Florida","","none detected","KEEP","Indexable, self-canonical, in sitemap."
"https://www.mrandmrsoutdoorliving.com/articles/terms-conditions","legal","200","https://www.mrandmrsoutdoorliving.com/articles/terms-conditions","true","index, follow (por defecto)","true","Terms & Conditions | Mr. & Mrs. Outdoor Living","Review the terms and conditions governing the use of the Mr. & Mrs. Outdoor Living website and services.","Terms & Conditions","AdministrativeArea | Article | BreadcrumbList | ImageObject | ListItem | LocalBusiness | Organization | PropertyValue | State","0","1","none","","Florida","","none detected","KEEP","Indexable, self-canonical, in sitemap."
"https://www.mrandmrsoutdoorliving.com/blogs-tips","corporate","200","https://www.mrandmrsoutdoorliving.com/blogs-tips","true","index, follow (por defecto)","true","Pool Construction Guides & Outdoor Living Tips","Expert insights on luxury pool construction and outdoor living design-build projects in Florida, written for homeowners planning high-end custom builds.","Blog & Tips","AdministrativeArea | BlogPosting | BreadcrumbList | CollectionPage | ImageObject | ListItem | LocalBusiness | Organization | PropertyValue | State","0","48","none","","Florida","","none detected","KEEP","Indexable, self-canonical, in sitemap."
"https://www.mrandmrsoutdoorliving.com/blogs/aluminum-vs-wood-pergolas-in-florida","blog-post","200","https://www.mrandmrsoutdoorliving.com/blogs/aluminum-vs-wood-pergolas-in-florida","true","index, follow (por defecto)","true","Aluminum vs. Wood Pergolas in Florida: Long-Term View","Aluminum and wood pergolas fail in different places. How Florida sun, humidity, termites and wind uplift decide which one is still worth having in year ten.","Aluminum vs. Wood Pergolas in Florida: Which Makes More Sense Long Term?","AdministrativeArea | Answer | BlogPosting | BreadcrumbList | FAQPage | ImageObject | ListItem | LocalBusiness | Organization | PropertyValue | Question | State | WebPage","9","9","none","","Florida","","none detected","KEEP","Indexable, self-canonical, in sitemap."
"https://www.mrandmrsoutdoorliving.com/blogs/attached-vs-freestanding-pergola","blog-post","200","https://www.mrandmrsoutdoorliving.com/blogs/attached-vs-freestanding-pergola","true","index, follow (por defecto)","true","Attached vs. Freestanding Pergola: How to Choose","Attached or freestanding pergola? Your door head height, what the wall is made of and what sits under the post locations decide it, not style preference.","Attached vs. Freestanding Pergola: Which Layout Works Better for Your Backyard?","AdministrativeArea | Answer | BlogPosting | BreadcrumbList | FAQPage | ImageObject | ListItem | LocalBusiness | Organization | PropertyValue | Question | State | WebPage","9","10","none","","Florida","","none detected","KEEP","Indexable, self-canonical, in sitemap."
"https://www.mrandmrsoutdoorliving.com/blogs/before-and-after-pool-remodel-ideas","blog-post","200","https://www.mrandmrsoutdoorliving.com/blogs/before-and-after-pool-remodel-ideas","true","index, follow (por defecto)","true","Before & After Pool Remodel Ideas: 10 Visible Changes","Which pool remodel changes you actually see from the deck, which only show up in a drone photo, and how to read a before-and-after pair before you buy the idea.","Before & After Pool Remodel Ideas: 10 Changes With the Biggest Visual Impact","AdministrativeArea | Answer | BlogPosting | BreadcrumbList | FAQPage | ImageObject | ListItem | LocalBusiness | Organization | PropertyValue | Question | State | WebPage","2","8","none","Complete pool remodeling","Florida","","none detected","KEEP","Indexable, self-canonical, in sitemap."
"https://www.mrandmrsoutdoorliving.com/blogs/before-you-build-a-pool-in-florida","blog-post","200","https://www.mrandmrsoutdoorliving.com/blogs/before-you-build-a-pool-in-florida","true","index, follow (por defecto)","true","Before You Build a Pool in Florida: 12 Decisions First","Twelve decisions worth settling before excavation starts on a Florida pool — placement, access, drainage, equipment, screening and the ones that are expensive to change later.","Before You Build a Pool in Florida: 12 Decisions to Make Before Excavation","AdministrativeArea | Answer | BlogPosting | BreadcrumbList | FAQPage | ImageObject | ListItem | LocalBusiness | Organization | PropertyValue | Question | State | WebPage","12","11","none","","Florida","decisions-before-excavation (informational, 0 impr.)","none detected","KEEP","Indexable, self-canonical, in sitemap."
"https://www.mrandmrsoutdoorliving.com/blogs/best-outdoor-kitchen-materials-for-florida","blog-post","200","https://www.mrandmrsoutdoorliving.com/blogs/best-outdoor-kitchen-materials-for-florida","true","index, follow (por defecto)","true","Best Outdoor Kitchen Materials for Florida: What Lasts","Which outdoor kitchen materials survive Florida sun, salt and rain — frame, hardware, countertop — and why the part that fails first is the one you never see.","Best Outdoor Kitchen Materials for Florida Heat, Humidity & Rain","AdministrativeArea | Answer | BlogPosting | BreadcrumbList | FAQPage | ImageObject | ListItem | LocalBusiness | Organization | PropertyValue | Question | State | WebPage","8","8","none","","Florida","","none detected","KEEP","Indexable, self-canonical, in sitemap."
"https://www.mrandmrsoutdoorliving.com/blogs/building-a-pool-in-north-florida","blog-post","200","https://www.mrandmrsoutdoorliving.com/blogs/building-a-pool-in-north-florida","true","index, follow (por defecto)","true","Building a Pool in North Florida: Gainesville & Ocala","What changes when you build a pool in Gainesville or Ocala: limestone under the yard, well water in the fill, a shorter swim season and who reviews the permit.","Building a Pool in North Florida? What Gainesville & Ocala Homeowners Should Plan For","AdministrativeArea | Answer | BlogPosting | BreadcrumbList | FAQPage | ImageObject | ListItem | LocalBusiness | Organization | PropertyValue | Question | State | WebPage","5","13","none","","North Florida","north-florida-site-conditions (informational, 2 impr.)","none detected","KEEP","Indexable, self-canonical, in sitemap."
"https://www.mrandmrsoutdoorliving.com/blogs/cold-plunge-integration-florida-pool-construction","blog-post","200","https://www.mrandmrsoutdoorliving.com/blogs/cold-plunge-integration-florida-pool-construction","true","index, follow (por defecto)","true","Cold Plunge Integration in Florida Pool Construction","How a cold plunge is built into a new Florida pool: its own loop, a chiller sized for Florida heat, electrical, placement, and what to decide before the shell.","Cold Plunge Integration in Florida Pool Construction: What to Plan Before the Shell","AdministrativeArea | Answer | BlogPosting | BreadcrumbList | FAQPage | ImageObject | ListItem | LocalBusiness | Organization | PropertyValue | Question | State | WebPage","2","5","none","","Florida","cold-plunge-integration (informational, 0 impr.)","none detected","KEEP","Indexable, self-canonical, in sitemap."
"https://www.mrandmrsoutdoorliving.com/blogs/commercial-pool-construction-in-florida-what-decision-makers-must-know","blog-post","200","https://www.mrandmrsoutdoorliving.com/blogs/commercial-pool-construction-in-florida-what-decision-makers-must-know","true","index, follow (por defecto)","true","Commercial Pool Construction in Florida: What to Know","What changes when a pool is public in Florida: the public pool rule, the Department of Health permit, operating duties, accessibility and how to plan it.","Commercial Pool Construction in Florida: What Decision-Makers Must Know","AdministrativeArea | Answer | BlogPosting | BreadcrumbList | FAQPage | ImageObject | ListItem | LocalBusiness | Organization | PropertyValue | Question | State | WebPage","77","5","none","","Florida","","none detected","KEEP","Indexable, self-canonical, in sitemap."
"https://www.mrandmrsoutdoorliving.com/blogs/common-pool-construction-mistakes-we-see-in-florida","blog-post","200","https://www.mrandmrsoutdoorliving.com/blogs/common-pool-construction-mistakes-we-see-in-florida","true","index, follow (por defecto)","true","Pool Construction Mistakes in Florida: What Goes Wrong","The pool construction mistakes we see most in Florida, from unpermitted work to bad drainage and undersized equipment, and how to avoid each before you sign.","Common Pool Construction Mistakes We See in Florida","AdministrativeArea | Answer | BlogPosting | BreadcrumbList | FAQPage | ImageObject | ListItem | LocalBusiness | Organization | PropertyValue | Question | State | WebPage","77","8","none","","Florida","pool-construction-mistakes (informational, 0 impr.)","none detected","KEEP","Indexable, self-canonical, in sitemap."
"https://www.mrandmrsoutdoorliving.com/blogs/complete-guide-to-pool-construction-in-florida-costs-timeline-process","blog-post","200","https://www.mrandmrsoutdoorliving.com/blogs/complete-guide-to-pool-construction-in-florida-costs-timeline-process","true","index, follow (por defecto)","true","Pool Construction in Florida: Costs, Timeline & Process","How a custom pool is built in Florida: what drives the cost, the realistic timeline, the permit and inspection steps, and the decisions to make before design.","Complete Guide to Pool Construction in Florida: Costs, Timeline & Process","AdministrativeArea | Answer | BlogPosting | BreadcrumbList | FAQPage | ImageObject | ListItem | LocalBusiness | Organization | PropertyValue | Question | State | WebPage","80","11","none","","Florida","pool-construction-process (informational, 2172 impr.)","none detected","KEEP","Indexable, self-canonical, in sitemap."
"https://www.mrandmrsoutdoorliving.com/blogs/dark-pool-finishes-in-florida","blog-post","200","https://www.mrandmrsoutdoorliving.com/blogs/dark-pool-finishes-in-florida","true","index, follow (por defecto)","true","Dark Pool Finishes in Florida: Heat, Chemistry and Look","What a dark pool finish does in Florida: how the water reads, how much warmer it runs, what it shows and hides, and the habits that keep it looking right.","Dark Pool Finishes in Florida: What Changes With the Water, the Heat and the Chemistry","AdministrativeArea | Answer | BlogPosting | BreadcrumbList | FAQPage | ImageObject | ListItem | LocalBusiness | Organization | PropertyValue | Question | State | WebPage","4","7","none","","Florida","dark-pool-finishes (informational, 0 impr.)","none detected","KEEP","Indexable, self-canonical, in sitemap."
"https://www.mrandmrsoutdoorliving.com/blogs/designing-a-complete-louvered-roof-system","blog-post","200","https://www.mrandmrsoutdoorliving.com/blogs/designing-a-complete-louvered-roof-system","true","index, follow (por defecto)","true","Louvered Roof Design: Lights, Fans, Screens & Heat","Plan lights, fans, screens and heat around a motorized louvered roof: which surface each one mounts to, what changes when the roof closes, and when it locks.","Lights, Fans, Screens & More: How to Design a Complete Louvered Roof System","AdministrativeArea | Answer | BlogPosting | BreadcrumbList | FAQPage | ImageObject | ListItem | LocalBusiness | Organization | PropertyValue | Question | State | WebPage","7","12","none","","Florida","","none detected","KEEP","Indexable, self-canonical, in sitemap."
"https://www.mrandmrsoutdoorliving.com/blogs/do-you-need-a-permit-for-a-pergola-in-florida","blog-post","200","https://www.mrandmrsoutdoorliving.com/blogs/do-you-need-a-permit-for-a-pergola-in-florida","true","index, follow (por defecto)","true","Do You Need a Permit for a Pergola in Florida?","Yes, and the useful question is which reviews your pergola triggers. What gets looked at, which inspections stop the job, and what to file before anything else.","Do You Need a Permit for a Pergola in Florida? What Homeowners Should Know","AdministrativeArea | Answer | BlogPosting | BreadcrumbList | FAQPage | ImageObject | ListItem | LocalBusiness | Organization | PropertyValue | Question | State | WebPage","9","12","none","","Florida","","none detected","KEEP","Indexable, self-canonical, in sitemap."
"https://www.mrandmrsoutdoorliving.com/blogs/features-to-compare-before-buying-a-louvered-roof","blog-post","200","https://www.mrandmrsoutdoorliving.com/blogs/features-to-compare-before-buying-a-louvered-roof","true","index, follow (por defecto)","true","Louvered Roof Features to Compare Before You Buy","Seven features that differ between two motorized louvered roof quotes: blade span, seal, drainage, metal, anchorage, drive and controls. Five are permanent.","7 Features to Compare Before Buying a Motorized Louvered Roof","AdministrativeArea | Answer | BlogPosting | BreadcrumbList | FAQPage | ImageObject | ListItem | LocalBusiness | Organization | PropertyValue | Question | State | WebPage","7","8","none","","Florida","","none detected","KEEP","Indexable, self-canonical, in sitemap."
"https://www.mrandmrsoutdoorliving.com/blogs/gas-electric-and-plumbing-for-an-outdoor-kitchen","blog-post","200","https://www.mrandmrsoutdoorliving.com/blogs/gas-electric-and-plumbing-for-an-outdoor-kitchen","true","index, follow (por defecto)","true","Outdoor Kitchen Gas, Electric & Plumbing: What to Run First","The four connections an outdoor kitchen needs, what your house has to supply, why distance changes the price, and which ones cannot be added after the deck.","Gas, Electric, Plumbing: What Your Outdoor Kitchen Needs Before Construction","AdministrativeArea | Answer | BlogPosting | BreadcrumbList | FAQPage | ImageObject | ListItem | LocalBusiness | Organization | PropertyValue | Question | State | WebPage","7","9","none","","Florida","","none detected","KEEP","Indexable, self-canonical, in sitemap."
"https://www.mrandmrsoutdoorliving.com/blogs/grill-island-vs-full-outdoor-kitchen","blog-post","200","https://www.mrandmrsoutdoorliving.com/blogs/grill-island-vs-full-outdoor-kitchen","true","index, follow (por defecto)","true","Grill Island vs. Full Outdoor Kitchen: How to Choose","A grill island is a station and a full outdoor kitchen is a room. Count your trips indoors, then read what the trench under the deck already decides for you.","Built-In Grill Island vs. Full Outdoor Kitchen: Which One Fits How You Entertain?","AdministrativeArea | Answer | BlogPosting | BreadcrumbList | FAQPage | ImageObject | ListItem | LocalBusiness | Organization | PropertyValue | Question | State | WebPage","6","10","none","","Florida","","none detected","KEEP","Indexable, self-canonical, in sitemap."
"https://www.mrandmrsoutdoorliving.com/blogs/how-long-does-a-pool-remodel-take-in-florida","blog-post","200","https://www.mrandmrsoutdoorliving.com/blogs/how-long-does-a-pool-remodel-take-in-florida","true","index, follow (por defecto)","true","How Long Does a Pool Remodel Take in Florida?","A Florida pool remodel's calendar is made of waits, not work days. Which stops your scope adds, what must be chosen before chip-out, and what you can shorten.","How Long Does a Complete Pool Remodel Take in Florida?","AdministrativeArea | Answer | BlogPosting | BreadcrumbList | FAQPage | ImageObject | ListItem | LocalBusiness | Organization | PropertyValue | Question | State | WebPage","2","8","none","Complete pool remodeling","Florida","remodel-timeline (informational, 0 impr.)","none detected","KEEP","Indexable, self-canonical, in sitemap."
"https://www.mrandmrsoutdoorliving.com/blogs/how-much-does-a-custom-pool-cost-in-florida","blog-post","200","https://www.mrandmrsoutdoorliving.com/blogs/how-much-does-a-custom-pool-cost-in-florida","true","index, follow (por defecto)","true","Custom Pool Cost in Florida: 8 Decisions That Set the Price","See what actually moves the price of a custom pool in Florida — size, style, finish, decking, spa and site conditions — with the numbers behind each decision.","How Much Does a Custom Pool Really Cost in Florida? 8 Decisions That Move the Price","AdministrativeArea | Answer | BlogPosting | BreadcrumbList | FAQPage | ImageObject | ListItem | LocalBusiness | Organization | PropertyValue | Question | State | WebPage","13","9","none","","Florida","custom-pool-cost (informational, 453 impr.)","none detected","KEEP","Indexable, self-canonical, in sitemap."
"https://www.mrandmrsoutdoorliving.com/blogs/how-much-does-a-motorized-louvered-roof-cost","blog-post","200","https://www.mrandmrsoutdoorliving.com/blogs/how-much-does-a-motorized-louvered-roof-cost","true","index, follow (por defecto)","true","Motorized Louvered Roof Cost: 7 Factors That Change It","Our estimator prices a motorized louvered roof at $18,000. What that line covers, the seven factors that change the scope, and the costs that sit outside it.","How Much Does a Motorized Louvered Roof Cost? 7 Factors That Change the Project","AdministrativeArea | Answer | BlogPosting | BreadcrumbList | FAQPage | ImageObject | ListItem | LocalBusiness | Organization | PropertyValue | Question | State | WebPage","9","14","none","","Florida","","none detected","KEEP","Indexable, self-canonical, in sitemap."
"https://www.mrandmrsoutdoorliving.com/blogs/how-much-does-a-pool-remodel-cost-in-florida","blog-post","200","https://www.mrandmrsoutdoorliving.com/blogs/how-much-does-a-pool-remodel-cost-in-florida","true","index, follow (por defecto)","true","Pool Remodel Cost in Florida: What Sets the Scope","What a complete pool remodel costs in Florida, why it prices at 82% of the same result built new, and the four decisions that set the scope before you quote.","How Much Does a Complete Pool Remodel Cost in Florida? What Actually Changes the Scope","AdministrativeArea | Answer | BlogPosting | BreadcrumbList | FAQPage | ImageObject | ListItem | LocalBusiness | Organization | PropertyValue | Question | State | WebPage","9","12","none","Complete pool remodeling","Florida","remodel-cost (informational, 0 impr.)","none detected","KEEP","Indexable, self-canonical, in sitemap."
"https://www.mrandmrsoutdoorliving.com/blogs/how-much-does-a-pool-screen-enclosure-cost-in-florida","blog-post","200","https://www.mrandmrsoutdoorliving.com/blogs/how-much-does-a-pool-screen-enclosure-cost-in-florida","true","index, follow (por defecto)","true","Pool Screen Enclosure Cost in Florida: What Sets the Scope","What a new pool screen enclosure costs in Florida: the figure our estimator uses, why height and span move it more than deck size, and what the footers add.","How Much Does a New Pool Screen Enclosure Cost in Florida? What Changes the Scope","AdministrativeArea | Answer | BlogPosting | BreadcrumbList | FAQPage | ImageObject | ListItem | LocalBusiness | Organization | PropertyValue | Question | State | WebPage","3","11","none","","Florida","","none detected","KEEP","Indexable, self-canonical, in sitemap."
"https://www.mrandmrsoutdoorliving.com/blogs/how-much-does-an-aluminum-pergola-cost-in-florida","blog-post","200","https://www.mrandmrsoutdoorliving.com/blogs/how-much-does-an-aluminum-pergola-cost-in-florida","true","index, follow (por defecto)","true","Aluminum Pergola Cost in Florida: What Moves the Price","Our estimator prices an aluminum pergola at $8,500. Here is what that single line covers, the six decisions that move it, and the costs that sit outside it.","How Much Does an Aluminum Pergola Cost in Florida? What Changes the Price","AdministrativeArea | Answer | BlogPosting | BreadcrumbList | FAQPage | ImageObject | ListItem | LocalBusiness | Organization | PropertyValue | Question | State | WebPage","10","12","none","","Florida","","none detected","KEEP","Indexable, self-canonical, in sitemap."
"https://www.mrandmrsoutdoorliving.com/blogs/how-much-does-an-outdoor-kitchen-cost-in-florida","blog-post","200","https://www.mrandmrsoutdoorliving.com/blogs/how-much-does-an-outdoor-kitchen-cost-in-florida","true","index, follow (por defecto)","true","Outdoor Kitchen Cost in Florida: What Drives the Price","What a custom outdoor kitchen costs in Florida: the number our estimator uses, why price follows appliance cut-outs and utility runs, and what to decide first.","How Much Does a Custom Outdoor Kitchen Cost in Florida? What Actually Drives the Price","AdministrativeArea | Answer | BlogPosting | BreadcrumbList | FAQPage | ImageObject | ListItem | LocalBusiness | Organization | PropertyValue | Question | State | WebPage","8","10","none","","Florida","","none detected","KEEP","Indexable, self-canonical, in sitemap."
"https://www.mrandmrsoutdoorliving.com/blogs/how-outdoor-living-spaces-increase-property-value-in-florida","blog-post","200","https://www.mrandmrsoutdoorliving.com/blogs/how-outdoor-living-spaces-increase-property-value-in-florida","true","index, follow (por defecto)","true","Do Outdoor Living Spaces Add Value to a Florida Home?","What makes a pool, lanai, pergola or outdoor kitchen add value to a Florida home: permitted work, durable materials, usable space and a design that fits.","How Outdoor Living Spaces Increase Property Value in Florida","AdministrativeArea | Answer | BlogPosting | BreadcrumbList | FAQPage | ImageObject | ListItem | LocalBusiness | Organization | PropertyValue | Question | State | WebPage","77","10","none","","Florida","","none detected","KEEP","Indexable, self-canonical, in sitemap."
"https://www.mrandmrsoutdoorliving.com/blogs/how-to-choose-a-pool-builder-in-florida","blog-post","200","https://www.mrandmrsoutdoorliving.com/blogs/how-to-choose-a-pool-builder-in-florida","true","index, follow (por defecto)","true","How to Choose a Pool Builder in Florida: 10 Questions","Ten questions that separate pool builders in Florida — licensing, who runs your job, how change orders work, and what a contract should say before you sign it.","How to Choose a Pool Builder in Florida: 10 Questions to Ask Before You Sign","AdministrativeArea | Answer | BlogPosting | BreadcrumbList | FAQPage | ImageObject | ListItem | LocalBusiness | Organization | PropertyValue | Question | State | WebPage","12","6","none","","Florida","choosing-a-pool-builder (commercial, 0 impr.)","none detected","KEEP","Indexable, self-canonical, in sitemap."
"https://www.mrandmrsoutdoorliving.com/blogs/is-a-motorized-louvered-roof-worth-it-in-florida","blog-post","200","https://www.mrandmrsoutdoorliving.com/blogs/is-a-motorized-louvered-roof-worth-it-in-florida","true","index, follow (por defecto)","true","Is a Motorized Louvered Roof Worth It in Florida?","A louvered roof earns its price when it adds hours you can name, not when it covers ground your lanai already shades. How to tell which one you are buying.","Is a Motorized Louvered Roof Worth It in Florida?","AdministrativeArea | Answer | BlogPosting | BreadcrumbList | FAQPage | ImageObject | ListItem | LocalBusiness | Organization | PropertyValue | Question | State | WebPage","5","11","none","","Florida","","none detected","KEEP","Indexable, self-canonical, in sitemap."
"https://www.mrandmrsoutdoorliving.com/blogs/louvered-roof-in-florida-rain-and-high-winds","blog-post","200","https://www.mrandmrsoutdoorliving.com/blogs/louvered-roof-in-florida-rain-and-high-winds","true","index, follow (por defecto)","true","Louvered Roofs in Florida Rain and High Winds","How a motorized louvered roof behaves in a Florida storm: where the water goes, why the rating is two numbers, and the position rule most owners have backwards.","What Happens to a Louvered Roof During Florida Rain and High Winds?","AdministrativeArea | Answer | BlogPosting | BreadcrumbList | FAQPage | ImageObject | ListItem | LocalBusiness | Organization | PropertyValue | Question | State | WebPage","8","10","none","","Florida","","none detected","KEEP","Indexable, self-canonical, in sitemap."
"https://www.mrandmrsoutdoorliving.com/blogs/new-pool-construction-vs-pool-remodeling-which-is-right-for-you","blog-post","200","https://www.mrandmrsoutdoorliving.com/blogs/new-pool-construction-vs-pool-remodeling-which-is-right-for-you","true","index, follow (por defecto)","true","New Pool vs Remodeling: Which Is Right for Your Backyard?","When a Florida pool should be remodeled and when it should be rebuilt: the shell, the plumbing, the layout and the budget signals that decide it.","New Pool Construction vs Pool Remodeling: Which Is Right for You?","AdministrativeArea | Answer | BlogPosting | BreadcrumbList | FAQPage | ImageObject | ListItem | LocalBusiness | Organization | PropertyValue | Question | State | WebPage","79","8","none","Complete pool remodeling","Florida","new-vs-remodel (commercial, 0 impr.)","none detected","KEEP","Indexable, self-canonical, in sitemap."
"https://www.mrandmrsoutdoorliving.com/blogs/outdoor-kitchen-appliance-decisions","blog-post","200","https://www.mrandmrsoutdoorliving.com/blogs/outdoor-kitchen-appliance-decisions","true","index, follow (por defecto)","true","Outdoor Kitchen Appliances: 9 Decisions to Make First","Nine decisions come before you shortlist a grill, fridge or oven: fuel, gas load, circuits, venting, cutouts. Settle them late and the island gets rebuilt.","9 Decisions to Make Before You Choose Your Outdoor Kitchen Appliances","AdministrativeArea | Answer | BlogPosting | BreadcrumbList | FAQPage | ImageObject | ListItem | LocalBusiness | Organization | PropertyValue | Question | State | WebPage","6","10","none","","Florida","","none detected","KEEP","Indexable, self-canonical, in sitemap."
"https://www.mrandmrsoutdoorliving.com/blogs/outdoor-kitchen-layout-guide","blog-post","200","https://www.mrandmrsoutdoorliving.com/blogs/outdoor-kitchen-layout-guide","true","index, follow (por defecto)","true","Outdoor Kitchen Layout Guide: Design Around How You Cook","Outdoor kitchen layout is decided by the drain, the smoke, the traffic lane and the sun. The shape comes last. How to lay out a run around the way you cook.","The Outdoor Kitchen Layout Guide: How to Design Around the Way You Actually Cook","AdministrativeArea | Answer | BlogPosting | BreadcrumbList | FAQPage | ImageObject | ListItem | LocalBusiness | Organization | PropertyValue | Question | State | WebPage","8","9","none","","Florida","","none detected","KEEP","Indexable, self-canonical, in sitemap."
"https://www.mrandmrsoutdoorliving.com/blogs/outdoor-living-design-guide-for-florida-homes","blog-post","200","https://www.mrandmrsoutdoorliving.com/blogs/outdoor-living-design-guide-for-florida-homes","true","index, follow (por defecto)","true","Outdoor Living Design Guide for Florida Homes","How to design a Florida backyard that gets used: sun, rain, insects and wind, the order to build in, materials that last, and how pool, shade and kitchen fit.","Outdoor Living Design Guide for Florida Homes","AdministrativeArea | Answer | BlogPosting | BreadcrumbList | FAQPage | ImageObject | ListItem | LocalBusiness | Organization | PropertyValue | Question | State | WebPage","78","14","none","","Florida","","none detected","KEEP","Indexable, self-canonical, in sitemap."
"https://www.mrandmrsoutdoorliving.com/blogs/pergola-beside-a-pool-features-to-plan-together","blog-post","200","https://www.mrandmrsoutdoorliving.com/blogs/pergola-beside-a-pool-features-to-plan-together","true","index, follow (por defecto)","true","Pergola Beside a Pool: 8 Features to Plan Together","Where the posts land, how the roof drains, bonding, the barrier line: eight decisions a pergola and a pool make together, and the four that close at the pour.","Building a Pergola Beside a Pool? 8 Features Worth Planning Together","AdministrativeArea | Answer | BlogPosting | BreadcrumbList | FAQPage | ImageObject | ListItem | LocalBusiness | Organization | PropertyValue | Question | State | WebPage","10","15","none","","Florida","","none detected","KEEP","Indexable, self-canonical, in sitemap."
"https://www.mrandmrsoutdoorliving.com/blogs/pergola-design-decisions-before-construction","blog-post","200","https://www.mrandmrsoutdoorliving.com/blogs/pergola-design-decisions-before-construction","true","index, follow (por defecto)","true","Pergola Design Decisions: 7 to Make Before You Build","The seven pergola decisions that close before the posts are set: size, post placement, shade hours, roof and drainage, footings, wiring and future provisions.","7 Pergola Design Decisions to Make Before Construction Starts","AdministrativeArea | Answer | BlogPosting | BreadcrumbList | FAQPage | ImageObject | ListItem | LocalBusiness | Organization | PropertyValue | Question | State | WebPage","6","13","none","","Florida","","none detected","KEEP","Indexable, self-canonical, in sitemap."
"https://www.mrandmrsoutdoorliving.com/blogs/pergola-vs-louvered-roof","blog-post","200","https://www.mrandmrsoutdoorliving.com/blogs/pergola-vs-louvered-roof","true","index, follow (por defecto)","true","Pergola vs. Louvered Roof: How to Choose in Florida","A pergola shades. A louvered roof closes and sheds water. Which one you need comes down to how the space gets used in the rain, and what that really costs.","Pergola vs. Louvered Roof: Which One Should You Build?","AdministrativeArea | Answer | BlogPosting | BreadcrumbList | FAQPage | ImageObject | ListItem | LocalBusiness | Organization | PropertyValue | Question | State | WebPage","19","12","none","","Florida","","none detected","KEEP","Indexable, self-canonical, in sitemap."
"https://www.mrandmrsoutdoorliving.com/blogs/pool-and-spa-or-pool-only","blog-post","200","https://www.mrandmrsoutdoorliving.com/blogs/pool-and-spa-or-pool-only","true","index, follow (por defecto)","true","Pool & Spa or Pool Only? How to Decide in Florida","The spa decision is not $12,000 versus $18,000. It is the spa plus the heater, what a raised wall does to your view, and what the same money buys elsewhere.","Pool & Spa or Pool Only? How to Decide Before Your Design Is Final","AdministrativeArea | Answer | BlogPosting | BreadcrumbList | FAQPage | ImageObject | ListItem | LocalBusiness | Organization | PropertyValue | Question | State | WebPage","4","13","none","","Florida","pool-and-spa (informational, 0 impr.)","none detected","KEEP","Indexable, self-canonical, in sitemap."
"https://www.mrandmrsoutdoorliving.com/blogs/pool-automation-for-new-construction","blog-post","200","https://www.mrandmrsoutdoorliving.com/blogs/pool-automation-for-new-construction","true","index, follow (por defecto)","true","Pool Automation for New Construction: What to Decide","What pool automation controls, what must be buried during construction, which equipment has to be automation-ready, and what to install now or later.","Pool Automation for New Construction: What to Decide Before the Equipment Pad Is Set","AdministrativeArea | Answer | BlogPosting | BreadcrumbList | FAQPage | ImageObject | ListItem | LocalBusiness | Organization | PropertyValue | Question | State | WebPage","4","6","none","","Florida","pool-automation-new-construction (informational, 0 impr.)","none detected","KEEP","Indexable, self-canonical, in sitemap."
"https://www.mrandmrsoutdoorliving.com/blogs/pool-construction-timeline-in-florida-what-to-expect-from-start-to-finish","blog-post","200","https://www.mrandmrsoutdoorliving.com/blogs/pool-construction-timeline-in-florida-what-to-expect-from-start-to-finish","true","index, follow (por defecto)","true","Pool Construction Timeline in Florida: Phase by Phase","Stage by stage, how long a Florida pool build takes, what happens at each inspection, the delays that are normal, and the ones a good builder prevents.","Pool Construction Timeline in Florida: What to Expect From Start to Finish","AdministrativeArea | Answer | BlogPosting | BreadcrumbList | FAQPage | ImageObject | ListItem | LocalBusiness | Organization | PropertyValue | Question | State | WebPage","84","5","none","","Florida","pool-construction-timeline (informational, 1406 impr.)","none detected","KEEP","Indexable, self-canonical, in sitemap."
"https://www.mrandmrsoutdoorliving.com/blogs/pool-remodeling-decisions-that-transform-an-old-pool","blog-post","200","https://www.mrandmrsoutdoorliving.com/blogs/pool-remodeling-decisions-that-transform-an-old-pool","true","index, follow (por defecto)","true","Pool Remodeling Decisions: The 9 That Change Daily Use","Nine pool remodeling decisions ranked by what each changes about using the pool — months of use, shade, circulation, noise, upkeep — with the finish ninth.","9 Pool Remodeling Decisions That Can Make an Old Pool Feel Completely New","AdministrativeArea | Answer | BlogPosting | BreadcrumbList | FAQPage | ImageObject | ListItem | LocalBusiness | Organization | PropertyValue | Question | State | WebPage","4","15","none","Complete pool remodeling","Florida","","none detected","KEEP","Indexable, self-canonical, in sitemap."
"https://www.mrandmrsoutdoorliving.com/blogs/pool-resurfacing-vs-full-pool-renovation","blog-post","200","https://www.mrandmrsoutdoorliving.com/blogs/pool-resurfacing-vs-full-pool-renovation","true","index, follow (por defecto)","true","Pool Resurfacing vs. Full Pool Renovation in Florida","Pool resurfacing replaces the interior finish only. A full renovation also opens the tile, deck, plumbing and equipment. How to tell which job your pool needs.","Pool Resurfacing vs. Full Pool Renovation: What's the Difference?","AdministrativeArea | Answer | BlogPosting | BreadcrumbList | FAQPage | ImageObject | ListItem | LocalBusiness | Organization | PropertyValue | Question | State | WebPage","9","12","none","","Florida","resurfacing-vs-renovation (informational, 0 impr.)","none detected","KEEP","Indexable, self-canonical, in sitemap."
"https://www.mrandmrsoutdoorliving.com/blogs/pool-upgrades-worth-planning-before-construction","blog-post","200","https://www.mrandmrsoutdoorliving.com/blogs/pool-upgrades-worth-planning-before-construction","true","index, follow (por defecto)","true","10 Pool Upgrades to Plan Before Construction","Which pool upgrades close when the shell is poured, which only need a pipe in the ground, and which can safely wait — with the estimator figures behind each.","10 Pool Upgrades Worth Planning Before Construction Begins","AdministrativeArea | Answer | BlogPosting | BreadcrumbList | FAQPage | ImageObject | ListItem | LocalBusiness | Organization | PropertyValue | Question | State | WebPage","14","13","none","","Florida","upgrades-before-construction (informational, 0 impr.)","none detected","KEEP","Indexable, self-canonical, in sitemap."
"https://www.mrandmrsoutdoorliving.com/blogs/questions-to-ask-a-louvered-roof-installer","blog-post","200","https://www.mrandmrsoutdoorliving.com/blogs/questions-to-ask-a-louvered-roof-installer","true","index, follow (por defecto)","true","Louvered Roof Installer: Questions to Ask in Florida","What to ask a louvered roof installer in Florida: which system is quoted, what it is approved for at your span, where the water goes, and who services it later.","Questions to Ask Before Hiring a Louvered Roof Installer in Florida","AdministrativeArea | Answer | BlogPosting | BreadcrumbList | FAQPage | ImageObject | ListItem | LocalBusiness | Organization | PropertyValue | Question | State | WebPage","4","10","none","","Florida","","none detected","KEEP","Indexable, self-canonical, in sitemap."
"https://www.mrandmrsoutdoorliving.com/blogs/remodel-or-rebuild-your-pool","blog-post","200","https://www.mrandmrsoutdoorliving.com/blogs/remodel-or-rebuild-your-pool","true","index, follow (por defecto)","true","Remodel or Rebuild a Pool: How to Decide in Florida","Only two findings justify rebuilding a pool. Five checks in the order that decides — shell, position, geometry, buried work, deck — and what each one costs.","Remodel or Rebuild? How to Decide What Your Existing Pool Really Needs","AdministrativeArea | Answer | BlogPosting | BreadcrumbList | FAQPage | ImageObject | ListItem | LocalBusiness | Organization | PropertyValue | Question | State | WebPage","7","10","none","","Florida","remodel-or-rebuild (commercial, 0 impr.)","none detected","KEEP","Indexable, self-canonical, in sitemap."
"https://www.mrandmrsoutdoorliving.com/blogs/residential-vs-commercial-pool-construction-in-florida","blog-post","200","https://www.mrandmrsoutdoorliving.com/blogs/residential-vs-commercial-pool-construction-in-florida","true","index, follow (por defecto)","true","Residential vs Commercial Pool Construction in Florida","Residential vs commercial pool construction in Florida: which rules apply, who permits and inspects, what the design must include, and the cost impact.","Residential vs Commercial Pool Construction in Florida","AdministrativeArea | Answer | BlogPosting | BreadcrumbList | FAQPage | ImageObject | ListItem | LocalBusiness | Organization | PropertyValue | Question | State | WebPage","77","7","none","","Florida","","none detected","KEEP","Indexable, self-canonical, in sitemap."
"https://www.mrandmrsoutdoorliving.com/blogs/top-10-luxury-pool-designs-for-florida-homes","blog-post","200","https://www.mrandmrsoutdoorliving.com/blogs/top-10-luxury-pool-designs-for-florida-homes","true","index, follow (por defecto)","true","10 Luxury Pool Designs That Work in Florida Backyards","Ten luxury pool design directions that hold up in Florida, what each asks of the lot, the engineering and the budget, and how to tell an idea from a mistake.","Top 10 Luxury Pool Designs for Florida Homes","AdministrativeArea | Answer | BlogPosting | BreadcrumbList | FAQPage | ImageObject | ListItem | LocalBusiness | Organization | PropertyValue | Question | State | WebPage","78","9","none","","Florida","luxury-pool-designs (informational, 0 impr.)","none detected","KEEP","Indexable, self-canonical, in sitemap."
"https://www.mrandmrsoutdoorliving.com/blogs/what-makes-a-pool-look-custom","blog-post","200","https://www.mrandmrsoutdoorliving.com/blogs/what-makes-a-pool-look-custom","true","index, follow (por defecto)","true","What Makes a Pool Look Custom? 9 Design Choices","What makes a Florida pool read as custom: alignment with the house, deck proportion, one raised element and one material story, and which choices lock first.","What Makes a Pool Look Custom? 9 Design Choices That Transform the Backyard","AdministrativeArea | Answer | BlogPosting | BreadcrumbList | FAQPage | ImageObject | ListItem | LocalBusiness | Organization | PropertyValue | Question | State | WebPage","6","9","none","","Florida","custom-design-cues (informational, 0 impr.)","none detected","KEEP","Indexable, self-canonical, in sitemap."
"https://www.mrandmrsoutdoorliving.com/blogs/what-permits-are-required-for-pool-construction-in-florida","blog-post","200","https://www.mrandmrsoutdoorliving.com/blogs/what-permits-are-required-for-pool-construction-in-florida","true","index, follow (por defecto)","true","Pool Permits in Florida: What You Need and Who Issues Them","Which permits a Florida pool needs, who pulls them, what the plan set includes, the inspection sequence, the barrier law, and what changes by county.","What Permits Are Required for Pool Construction in Florida?","AdministrativeArea | Answer | BlogPosting | BreadcrumbList | FAQPage | ImageObject | ListItem | LocalBusiness | Organization | PropertyValue | Question | State | WebPage","87","8","none","","Florida","permits-florida-pool (informational, 99 impr.)","none detected","KEEP","Indexable, self-canonical, in sitemap."
"https://www.mrandmrsoutdoorliving.com/blogs/what-to-upgrade-during-a-complete-pool-remodel","blog-post","200","https://www.mrandmrsoutdoorliving.com/blogs/what-to-upgrade-during-a-complete-pool-remodel","true","index, follow (por defecto)","true","Pool Remodel Upgrades: What to Do While It's Open","Which pool remodel upgrades belong in the scope and which can wait: the ones needing the shell, the deck or the trench open, and what each costs to add later.","What Should You Upgrade During a Complete Pool Remodel?","AdministrativeArea | Answer | BlogPosting | BreadcrumbList | FAQPage | ImageObject | ListItem | LocalBusiness | Organization | PropertyValue | Question | State | WebPage","8","8","none","Complete pool remodeling","Florida","upgrades-during-remodel (informational, 0 impr.)","none detected","KEEP","Indexable, self-canonical, in sitemap."
"https://www.mrandmrsoutdoorliving.com/brochures","corporate","200","https://www.mrandmrsoutdoorliving.com/brochures","true","index, follow (por defecto)","true","Brochures","Dive into the details. Explore our digital catalogs for in-depth details, design inspiration, and premium materials for your custom backyard projects.","Outdoor Living Brochures","AdministrativeArea | BreadcrumbList | CollectionPage | ListItem | LocalBusiness | Organization | PropertyValue | State","0","","none","","Florida","","none detected","KEEP","Indexable, self-canonical, in sitemap."
"https://www.mrandmrsoutdoorliving.com/contact-us","conversion","200","https://www.mrandmrsoutdoorliving.com/contact-us","true","index, follow (por defecto)","true","Contact Florida Pool Builders | Free Estimate","Request a design consultation with licensed Florida pool builders specializing in custom inground pools and full outdoor living design-build projects.","Get in touch","AdministrativeArea | BreadcrumbList | ContactPage | ContactPoint | ImageObject | ListItem | LocalBusiness | Organization | Place | PropertyValue | State","0","4","none","","Florida","","none detected","KEEP","Indexable, self-canonical, in sitemap."
"https://www.mrandmrsoutdoorliving.com/financing","conversion","200","https://www.mrandmrsoutdoorliving.com/financing","true","index, follow (por defecto)","true","Financing Your Outdoor Project | Mr & Mrs Outdoor Living","Get your design and a fixed project price first, then review financing options for your Florida pool, pergola or outdoor living build.","Financing your outdoor project","AdministrativeArea | Answer | BreadcrumbList | FAQPage | ListItem | LocalBusiness | PropertyValue | Question | State","68","7","none","","Florida","financing (commercial, 0 impr.)","none detected","KEEP","Indexable, self-canonical, in sitemap."
"https://www.mrandmrsoutdoorliving.com/gallery","gallery","200","https://www.mrandmrsoutdoorliving.com/gallery","true","index, follow (por defecto)","true","Luxury Pool & Outdoor Living Gallery | Florida Pool Builders","Explore completed pool and outdoor living projects across Florida by licensed builders and design-build contractors. Custom, engineered, fully built.","Project Gallery","AdministrativeArea | BreadcrumbList | CollectionPage | ListItem | LocalBusiness | Organization | PropertyValue | State","91","11","none","","Florida","","none detected","KEEP","Indexable, self-canonical, in sitemap."
"https://www.mrandmrsoutdoorliving.com/gallery/aluminum-pergolas","gallery","200","https://www.mrandmrsoutdoorliving.com/gallery/aluminum-pergolas","true","index, follow (por defecto)","true","Aluminum Pergola Photo Gallery | Mr & Mrs Outdoor Living","Photos of custom aluminum pergolas and patio covers built for Florida homes: freestanding, attached, poolside and over outdoor kitchens. Find a design you like.","Aluminum Pergola Gallery","AdministrativeArea | BreadcrumbList | CollectionPage | ImageObject | ListItem | LocalBusiness | PropertyValue | State","65","13","none","","Florida","","none detected","KEEP","Indexable, self-canonical, in sitemap."
"https://www.mrandmrsoutdoorliving.com/gallery/decks","gallery","200","https://www.mrandmrsoutdoorliving.com/gallery/decks","true","index, follow (por defecto)","true","Custom Deck & Patio Photo Gallery | Mr & Mrs Outdoor Living","Browse custom decks and patios built for Florida homes: wood platforms, porcelain and travertine pool decks, and large-format pavers set in turf. See real work.","Custom Deck Gallery","AdministrativeArea | BreadcrumbList | CollectionPage | ImageObject | ListItem | LocalBusiness | PropertyValue | State","65","13","none","","Florida","","none detected","KEEP","Indexable, self-canonical, in sitemap."
"https://www.mrandmrsoutdoorliving.com/gallery/landscaping","gallery","200","https://www.mrandmrsoutdoorliving.com/gallery/landscaping","true","index, follow (por defecto)","true","Landscaping Photo Gallery | Mr & Mrs Outdoor Living","See landscaping projects completed in Florida: tropical planting beds, artificial turf, putting greens, river rock borders and poolside gardens. Real photos.","Landscaping Gallery","AdministrativeArea | BreadcrumbList | CollectionPage | ImageObject | ListItem | LocalBusiness | PropertyValue | State","10","13","none","","Florida","","none detected","KEEP","Indexable, self-canonical, in sitemap."
"https://www.mrandmrsoutdoorliving.com/gallery/louvered-roofs","gallery","200","https://www.mrandmrsoutdoorliving.com/gallery/louvered-roofs","true","index, follow (por defecto)","true","Louvered Roof Photo Gallery | Mr & Mrs Outdoor Living","See motorized louvered roof systems installed on Florida patios: louvers open and closed, LED lighting at night, fans and outdoor kitchens underneath. Get ideas.","Louvered Roof Gallery","AdministrativeArea | BreadcrumbList | CollectionPage | ImageObject | ListItem | LocalBusiness | PropertyValue | State","65","13","none","","Florida","","none detected","KEEP","Indexable, self-canonical, in sitemap."
"https://www.mrandmrsoutdoorliving.com/gallery/outdoor-kitchens","gallery","200","https://www.mrandmrsoutdoorliving.com/gallery/outdoor-kitchens","true","index, follow (por defecto)","true","Outdoor Kitchen Photo Gallery | Mr & Mrs Outdoor Living","Photos of custom outdoor kitchens built in Florida: built-in grills, waterfall countertops, pizza ovens, bars and storage under pergolas and patio covers.","Outdoor Kitchen Gallery","AdministrativeArea | BreadcrumbList | CollectionPage | ImageObject | ListItem | LocalBusiness | PropertyValue | State","65","13","none","","Florida","","none detected","KEEP","Indexable, self-canonical, in sitemap."
"https://www.mrandmrsoutdoorliving.com/gallery/patio-screen-rooms","gallery","200","https://www.mrandmrsoutdoorliving.com/gallery/patio-screen-rooms","true","index, follow (por defecto)","true","Patio Screen Room Photo Gallery | Mr & Mrs Outdoor Living","Photos of patio screen rooms and enclosures built on Florida homes: screened patios and lanais you can use all year without the insects. Browse real projects.","Patio Screen Room Gallery","AdministrativeArea | BreadcrumbList | CollectionPage | ImageObject | ListItem | LocalBusiness | PropertyValue | State","10","13","none","","Florida","","none detected","KEEP","Indexable, self-canonical, in sitemap."
"https://www.mrandmrsoutdoorliving.com/gallery/pole-barns","gallery","200","https://www.mrandmrsoutdoorliving.com/gallery/pole-barns","true","index, follow (por defecto)","true","Pole Barn & Steel Building Photos | Mr & Mrs Outdoor Living","Photos of pole barns and steel buildings built in Florida: open equipment sheds, enclosed metal buildings and steel-truss roofs. See the structures up close.","Pole Barn & Steel Building Gallery","AdministrativeArea | BreadcrumbList | CollectionPage | ImageObject | ListItem | LocalBusiness | PropertyValue | State","10","13","none","","Florida","","none detected","KEEP","Indexable, self-canonical, in sitemap."
"https://www.mrandmrsoutdoorliving.com/gallery/pool-remodeling","gallery","200","https://www.mrandmrsoutdoorliving.com/gallery/pool-remodeling","true","index, follow (por defecto)","true","Pool Remodeling Photo Gallery | Mr & Mrs Outdoor Living","See pool remodeling projects completed in Florida: new tile, resurfaced interiors, travertine decks and added water features. Real photos to plan your renovation.","Pool Remodeling Gallery","AdministrativeArea | BreadcrumbList | CollectionPage | ImageObject | ListItem | LocalBusiness | PropertyValue | State","65","13","none","Complete pool remodeling","Florida","","none detected","KEEP","Indexable, self-canonical, in sitemap."
"https://www.mrandmrsoutdoorliving.com/gallery/pool-screen-enclosures","gallery","200","https://www.mrandmrsoutdoorliving.com/gallery/pool-screen-enclosures","true","index, follow (por defecto)","true","Pool Screen Enclosure Photo Gallery | Mr & Mrs Outdoor Living","See pool screen enclosures built over Florida pools: aluminum pool cages that keep out insects and debris while keeping the view. Real projects, real photos.","Pool Screen Enclosure Gallery","AdministrativeArea | BreadcrumbList | CollectionPage | ImageObject | ListItem | LocalBusiness | PropertyValue | State","10","13","none","","Florida","","none detected","KEEP","Indexable, self-canonical, in sitemap."
"https://www.mrandmrsoutdoorliving.com/gallery/pools-and-spas","gallery","200","https://www.mrandmrsoutdoorliving.com/gallery/pools-and-spas","true","index, follow (por defecto)","true","Custom Pool & Spa Photo Gallery | Mr & Mrs Outdoor Living","Browse photos of custom pools and spas we designed and built in Florida: raised spas, sun shelves, glass tile and travertine decks. Get ideas for your backyard.","Custom Pool & Spa Gallery","AdministrativeArea | BreadcrumbList | CollectionPage | ImageObject | ListItem | LocalBusiness | PropertyValue | State","65","13","none","","Florida","","none detected","KEEP","Indexable, self-canonical, in sitemap."
"https://www.mrandmrsoutdoorliving.com/industry-solutions","corporate","200","https://www.mrandmrsoutdoorliving.com/industry-solutions","true","index, follow (por defecto)","true","Commercial Pool Construction in Florida","Florida commercial pool construction and design-build contractors delivering code-compliant projects for developers, HOAs and commercial properties.","Commercial Pool & Outdoor Living Industries Across Florida","AdministrativeArea | Audience | BreadcrumbList | ImageObject | ItemList | ListItem | LocalBusiness | Organization | PropertyValue | Service | State | WebPage","2","17","none","","Florida","commercial-pools (commercial, 91 impr.)","none detected","KEEP","Indexable, self-canonical, in sitemap."
"https://www.mrandmrsoutdoorliving.com/pool-cost-estimator","conversion","200","https://www.mrandmrsoutdoorliving.com/pool-cost-estimator","true","index, follow (por defecto)","true","Custom Inground Pool Cost Estimator | Florida Pool Builders","Estimate the investment for a custom inground pool and outdoor living design-build project in Florida, built for homeowners planning high-end construction.","Custom Inground Pool Cost Estimator","AdministrativeArea | BreadcrumbList | ImageObject | ListItem | LocalBusiness | Offer | Organization | PropertyValue | SoftwareApplication | State | WebPage","82","1","none","","Florida","pool-cost-tool (commercial, 124 impr.)","none detected","KEEP","Indexable, self-canonical, in sitemap."
"https://www.mrandmrsoutdoorliving.com/pool-investment-estimator","conversion","200","https://www.mrandmrsoutdoorliving.com/pool-investment-estimator","true","index, follow (por defecto)","true","Pool Investment Estimator - Mr & Mrs Outdoor Living","Estimate the cost of your custom inground pool in North & South Florida. Free, instant, and built by licensed pool builders — no obligation.","Pool Investment Estimator","AdministrativeArea | BreadcrumbList | ListItem | LocalBusiness | PropertyValue | State","0","1","none","","Florida","","none detected","KEEP","Indexable, self-canonical, in sitemap."
"https://www.mrandmrsoutdoorliving.com/project/aluminum-patio-cover-pool-deck-south-florida","project","200","https://www.mrandmrsoutdoorliving.com/project/aluminum-patio-cover-pool-deck-south-florida","true","index, follow (por defecto)","true","Aluminum Patio Cover & Pool Deck | South Florida","Solid-roof aluminum patio cover and marble pool deck for a South Florida home, shading the lanai while leaving the pool open to the sky.","Aluminum Patio Cover & Pool Deck in South Florida","AdministrativeArea | BreadcrumbList | ImageObject | ListItem | LocalBusiness | Place | Project | PropertyValue | State | WebPage","67","1","none","","South Florida","","none detected","KEEP","Indexable, self-canonical, in sitemap."
"https://www.mrandmrsoutdoorliving.com/project/estate-pool-spa-sun-shelf-north-florida","project","200","https://www.mrandmrsoutdoorliving.com/project/estate-pool-spa-sun-shelf-north-florida","true","index, follow (por defecto)","true","Estate Pool & Spa with Sun Shelf | North Florida","Large geometric pool with a sun shelf, raised spa and banded marble deck on open North Florida acreage, designed and built for estate-scale outdoor living.","Estate Pool & Spa Project in North Florida","AdministrativeArea | BreadcrumbList | ImageObject | ListItem | LocalBusiness | Place | Project | PropertyValue | State | WebPage","67","1","none","","North Florida","","none detected","KEEP","Indexable, self-canonical, in sitemap."
"https://www.mrandmrsoutdoorliving.com/project/luxury-pool-motorized-pergola-outdoor-kitchen-north-florida","project","200","https://www.mrandmrsoutdoorliving.com/project/luxury-pool-motorized-pergola-outdoor-kitchen-north-florida","true","index, follow (por defecto)","true","Luxury Pool with Motorized Pergola & Outdoor Kitchen | North Florida","Luxury pool with motorized pergola and outdoor kitchen in North Florida. Designed for shade, comfort, and premium outdoor living.","Luxury Pool with Motorized Pergola in North Florida","AdministrativeArea | BreadcrumbList | ImageObject | ListItem | LocalBusiness | Place | Project | PropertyValue | State | WebPage","67","1","none","","North Florida","","none detected","KEEP","Indexable, self-canonical, in sitemap."
"https://www.mrandmrsoutdoorliving.com/project/luxury-pool-motorized-pergola-screen-enclosure-north-florida","project","200","https://www.mrandmrsoutdoorliving.com/project/luxury-pool-motorized-pergola-screen-enclosure-north-florida","true","index, follow (por defecto)","true","Luxury Pool with Motorized Pergola & Screen Enclosure | North Florida","Luxury pool with motorized pergola and screen enclosure in North Florida. Designed for shade, comfort, and premium outdoor living.","Luxury Pool with Motorized Pergola in North Florida","AdministrativeArea | BreadcrumbList | ImageObject | ListItem | LocalBusiness | Place | Project | PropertyValue | State | WebPage","66","1","none","","North Florida","","none detected","KEEP","Indexable, self-canonical, in sitemap."
"https://www.mrandmrsoutdoorliving.com/project/luxury-pool-motorized-pergola-screens-south-florida","project","200","https://www.mrandmrsoutdoorliving.com/project/luxury-pool-motorized-pergola-screens-south-florida","true","index, follow (por defecto)","true","Luxury Pool & Motorized Pergola with Screens | South Florida","Luxury pool with motorized pergola, integrated LED lighting, and retractable screens in South Florida. Designed for comfort and style.","Luxury Pool & Motorized Pergola with Screens in South Florida","AdministrativeArea | BreadcrumbList | ImageObject | ListItem | LocalBusiness | Place | Project | PropertyValue | State | WebPage","67","1","none","","South Florida","","none detected","KEEP","Indexable, self-canonical, in sitemap."
"https://www.mrandmrsoutdoorliving.com/project/luxury-pool-pergola-outdoor-kitchen-south-florida","project","200","https://www.mrandmrsoutdoorliving.com/project/luxury-pool-pergola-outdoor-kitchen-south-florida","true","index, follow (por defecto)","true","Luxury Pool, Pergola & Outdoor Kitchen Project | South Florida","Luxury custom pool with aluminum pergola and outdoor kitchen in South Florida. Designed and built by licensed outdoor living contractors.","Luxury Custom Pool, Pergola & Outdoor Kitchen in South Florida","AdministrativeArea | BreadcrumbList | ImageObject | ListItem | LocalBusiness | Place | Project | PropertyValue | State | WebPage","67","1","none","","South Florida","","none detected","KEEP","Indexable, self-canonical, in sitemap."
"https://www.mrandmrsoutdoorliving.com/project/luxury-pool-pergola-outdoor-living-south-florida","project","200","https://www.mrandmrsoutdoorliving.com/project/luxury-pool-pergola-outdoor-living-south-florida","true","index, follow (por defecto)","true","Luxury Pool & Pergola Outdoor Living Project | South Florida","Luxury custom pool with integrated spa and aluminum pergola in South Florida. Designed for modern outdoor living and entertaining.","Luxury Custom Pool & Pergola Outdoor Living in South Florida","AdministrativeArea | BreadcrumbList | ImageObject | ListItem | LocalBusiness | Place | Project | PropertyValue | State | WebPage","67","1","none","","South Florida","","none detected","KEEP","Indexable, self-canonical, in sitemap."
"https://www.mrandmrsoutdoorliving.com/project/luxury-pool-raised-spa-travertine-deck-south-florida","project","200","https://www.mrandmrsoutdoorliving.com/project/luxury-pool-raised-spa-travertine-deck-south-florida","true","index, follow (por defecto)","true","Luxury Pool & Raised Spa Project | South Florida","Custom South Florida pool with a raised glass-mosaic spa, spillway, sun shelf and travertine deck, built for year-round family outdoor living.","Luxury Pool & Raised Spa Project in South Florida","AdministrativeArea | BreadcrumbList | ImageObject | ListItem | LocalBusiness | Place | Project | PropertyValue | State | WebPage","67","1","none","","South Florida","","none detected","KEEP","Indexable, self-canonical, in sitemap."
"https://www.mrandmrsoutdoorliving.com/project/luxury-pool-spa-aluminum-pergola-south-florida","project","200","https://www.mrandmrsoutdoorliving.com/project/luxury-pool-spa-aluminum-pergola-south-florida","true","index, follow (por defecto)","true","Luxury Pool, Spa & Aluminum Pergola | South Florida","South Florida pool and raised spa with glass mosaic tile, deck jets and a slatted aluminum pergola shading the lanai, by licensed pool builders.","Luxury Pool, Spa & Aluminum Pergola in South Florida","AdministrativeArea | BreadcrumbList | ImageObject | ListItem | LocalBusiness | Place | Project | PropertyValue | State | WebPage","67","1","none","","South Florida","","none detected","KEEP","Indexable, self-canonical, in sitemap."
"https://www.mrandmrsoutdoorliving.com/project/luxury-pool-spa-screen-enclosure-north-florida","project","200","https://www.mrandmrsoutdoorliving.com/project/luxury-pool-spa-screen-enclosure-north-florida","true","index, follow (por defecto)","true","Luxury Pool & Spa with Screen Enclosure & Outdoor Kitchen | North Florida","Luxury pool and spa with screen enclosure and outdoor kitchen in North Florida. Designed for comfort, privacy, and year-round outdoor living.","Luxury Pool & Spa with Screen Enclosure in North Florida","AdministrativeArea | BreadcrumbList | ImageObject | ListItem | LocalBusiness | Place | Project | PropertyValue | State | WebPage","67","1","none","","North Florida","","none detected","KEEP","Indexable, self-canonical, in sitemap."
"https://www.mrandmrsoutdoorliving.com/project/luxury-pool-spa-with-screen-enclosure-north-florida","project","200","https://www.mrandmrsoutdoorliving.com/project/luxury-pool-spa-with-screen-enclosure-north-florida","true","index, follow (por defecto)","true","Luxury Pool & Spa with Screen Enclosure | North Florida","Luxury pool and spa with screen enclosure in North Florida. Designed for privacy, comfort, and year-round outdoor living.","Luxury Pool & Spa with Screen Enclosure in North Florida","AdministrativeArea | BreadcrumbList | ImageObject | ListItem | LocalBusiness | Place | Project | PropertyValue | State | WebPage","67","1","none","","North Florida","","none detected","KEEP","Indexable, self-canonical, in sitemap."
"https://www.mrandmrsoutdoorliving.com/project/modern-pool-motorized-pergola-south-florida","project","200","https://www.mrandmrsoutdoorliving.com/project/modern-pool-motorized-pergola-south-florida","true","index, follow (por defecto)","true","Modern Pool & Motorized Pergola Project in South Florida","Modern residential pool with motorized pergola in South Florida, designed for outdoor living, comfort, and year-round usability.","Modern Pool & Outdoor Living Project in South Florida","AdministrativeArea | BreadcrumbList | ImageObject | ListItem | LocalBusiness | Place | Project | PropertyValue | State | WebPage","66","1","none","","South Florida","","none detected","KEEP","Indexable, self-canonical, in sitemap."
"https://www.mrandmrsoutdoorliving.com/project/pool-raised-spa-marble-deck-south-florida","project","200","https://www.mrandmrsoutdoorliving.com/project/pool-raised-spa-marble-deck-south-florida","true","index, follow (por defecto)","true","Pool & Raised Spa with Marble Deck | South Florida","South Florida pool with a tanning shelf, in-pool loungers and a white-tiled raised spa, finished with large-format marble pavers throughout the deck.","Pool & Raised Spa with Marble Deck in South Florida","AdministrativeArea | BreadcrumbList | ImageObject | ListItem | LocalBusiness | Place | Project | PropertyValue | State | WebPage","67","1","none","","South Florida","","none detected","KEEP","Indexable, self-canonical, in sitemap."
"https://www.mrandmrsoutdoorliving.com/project/residential-pool-pergola-outdoor-dining-north-florida","project","200","https://www.mrandmrsoutdoorliving.com/project/residential-pool-pergola-outdoor-dining-north-florida","true","index, follow (por defecto)","true","Residential Pool with Pergola | North Florida","Residential pool with pergola and outdoor dining area in North Florida. Designed for comfort, shade, and everyday outdoor enjoyment.","Residential Pool with Pergola in North Florida","AdministrativeArea | BreadcrumbList | ImageObject | ListItem | LocalBusiness | Place | Project | PropertyValue | State | WebPage","66","1","none","","North Florida","","none detected","KEEP","Indexable, self-canonical, in sitemap."
"https://www.mrandmrsoutdoorliving.com/project/south-florida-backyard-pool-wood-pergola","project","200","https://www.mrandmrsoutdoorliving.com/project/south-florida-backyard-pool-wood-pergola","true","index, follow (por defecto)","true","Custom Pool & Wood Pergola Outdoor Living | South Florida","Custom pool and wood pergola project in South Florida designed for shade, comfort, and luxury outdoor living in tropical conditions.","South Florida Pool & Wood Pergola Outdoor Living","AdministrativeArea | BreadcrumbList | ImageObject | ListItem | LocalBusiness | Place | Project | PropertyValue | State | WebPage","66","1","none","","South Florida","","none detected","KEEP","Indexable, self-canonical, in sitemap."
"https://www.mrandmrsoutdoorliving.com/projects","corporate","200","https://www.mrandmrsoutdoorliving.com/projects","true","index, follow (por defecto)","true","Custom Pool & Outdoor Living Projects | Florida","Explore completed custom pool and outdoor living design-build projects across Florida by licensed pool builders. Engineered, permitted, and fully executed.","Pool & Outdoor Living Projects","AdministrativeArea | BreadcrumbList | CollectionPage | CreativeWork | ImageObject | ListItem | LocalBusiness | Organization | PropertyValue | State","69","12","none","","Florida","project-proof (informational, 0 impr.)","none detected","KEEP","Indexable, self-canonical, in sitemap."
"https://www.mrandmrsoutdoorliving.com/request-estimated","conversion","200","https://www.mrandmrsoutdoorliving.com/request-estimated","true","index, follow (por defecto)","true","Request a Custom Inground Pool Project Estimate | Florida","Request an estimate for a custom inground pool or outdoor living design-build project in Florida, tailored for high-end residential construction.","Request Your Custom Outdoor Living Estimate","AdministrativeArea | BreadcrumbList | ListItem | LocalBusiness | Organization | PropertyValue | Service | State | WebPage","165","1","none","","Florida","","none detected","KEEP","Indexable, self-canonical, in sitemap."
"https://www.mrandmrsoutdoorliving.com/services/deck-builders","service","200","https://www.mrandmrsoutdoorliving.com/services/deck-builders","true","index, follow (por defecto)","true","Custom Deck Builders & Installation Contractors in Florida","Custom deck construction and installation by licensed builders in North & South Florida. Composite and wood decks built for outdoor living.","Custom Deck Builders","AdministrativeArea | Answer | BreadcrumbList | FAQPage | ListItem | LocalBusiness | Organization | PropertyValue | Question | Service | State | WebPage","63","15","none","deck builders","Florida","","none detected","KEEP","Indexable, self-canonical, in sitemap."
"https://www.mrandmrsoutdoorliving.com/services/irrigation-systems","service","200","https://www.mrandmrsoutdoorliving.com/services/irrigation-systems","true","index, follow (por defecto)","true","Smart Irrigation System Installation Contractors in Florida","Smart irrigation system installation by experienced contractors in North & South Florida. Automated watering, drip systems, and efficient landscapes.","Smart Irrigation System Installation","AdministrativeArea | Answer | BreadcrumbList | FAQPage | ListItem | LocalBusiness | Organization | PropertyValue | Question | Service | State | WebPage","56","15","none","irrigation systems","Florida","","none detected","KEEP","Indexable, self-canonical, in sitemap."
"https://www.mrandmrsoutdoorliving.com/services/landscaping","service","200","https://www.mrandmrsoutdoorliving.com/services/landscaping","true","index, follow (por defecto)","true","Landscaping Design & Installation in Florida","Professional landscaping design and installation contractors in North & South Florida. Custom layouts, native plants, and maintenance services.","Professional Landscaping Services","AdministrativeArea | Answer | BreadcrumbList | FAQPage | ListItem | LocalBusiness | Organization | PropertyValue | Question | Service | State | WebPage","59","15","none","landscaping","Florida","","none detected","KEEP","Indexable, self-canonical, in sitemap."
"https://www.mrandmrsoutdoorliving.com/services/louvered-roofs","service","200","https://www.mrandmrsoutdoorliving.com/services/louvered-roofs","true","index, follow (por defecto)","true","Motorized Louvered Roof Systems in Florida","Motorized louvered roof system installation by certified contractors in North & South Florida. Adjustable shade, rain protection, and durability.","Motorized Louvered Roof Systems","AdministrativeArea | Answer | BreadcrumbList | FAQPage | ListItem | LocalBusiness | Organization | PropertyValue | Question | Service | State | WebPage","67","10","none","louvered roofs","Florida","","none detected","KEEP","Indexable, self-canonical, in sitemap."
"https://www.mrandmrsoutdoorliving.com/services/outdoor-furniture","service","200","https://www.mrandmrsoutdoorliving.com/services/outdoor-furniture","true","index, follow (por defecto)","true","Outdoor Furniture Installation Company in Florida","Outdoor furniture installation company serving North & South Florida. Teak, wicker, and aluminum furniture built for Florida climates.","Premium Outdoor Furniture","AdministrativeArea | Answer | BreadcrumbList | FAQPage | ListItem | LocalBusiness | Organization | PropertyValue | Question | Service | State | WebPage","56","15","none","outdoor furniture","Florida","","none detected","KEEP","Indexable, self-canonical, in sitemap."
"https://www.mrandmrsoutdoorliving.com/services/outdoor-kitchens","service","200","https://www.mrandmrsoutdoorliving.com/services/outdoor-kitchens","true","index, follow (por defecto)","true","Custom Outdoor Kitchen Builders in Florida","Custom outdoor kitchen design and installation contractors in North & South Florida. Weatherproof cabinets, grills, and stone countertops.","Custom Outdoor Kitchens","AdministrativeArea | Answer | BreadcrumbList | FAQPage | ListItem | LocalBusiness | Organization | PropertyValue | Question | Service | State | WebPage","73","10","none","outdoor kitchens","Florida","","none detected","KEEP","Indexable, self-canonical, in sitemap."
"https://www.mrandmrsoutdoorliving.com/services/patio-screen-rooms","service","200","https://www.mrandmrsoutdoorliving.com/services/patio-screen-rooms","true","index, follow (por defecto)","true","Patio Screen Room Builders in Florida","Patio screen room construction and installation by contractors in North & South Florida. Bug-free outdoor spaces with durable enclosures.","Patio Screen Rooms","AdministrativeArea | Answer | BreadcrumbList | FAQPage | ListItem | LocalBusiness | Organization | PropertyValue | Question | Service | State | WebPage","58","15","none","patio screen rooms","Florida","","none detected","KEEP","Indexable, self-canonical, in sitemap."
"https://www.mrandmrsoutdoorliving.com/services/pergola-builders","service","200","https://www.mrandmrsoutdoorliving.com/services/pergola-builders","true","index, follow (por defecto)","true","Custom Aluminum Pergola Builders & Installation in Florida","Custom aluminum pergola installation by professional builders in North & South Florida. Durable structures, modern design, and low maintenance.","Custom Aluminum Pergola Builders","AdministrativeArea | Answer | BreadcrumbList | FAQPage | ListItem | LocalBusiness | Organization | PropertyValue | Question | Service | State | WebPage","70","10","none","pergola builders","Florida","","none detected","KEEP","Indexable, self-canonical, in sitemap."
"https://www.mrandmrsoutdoorliving.com/services/pool-builders","service","200","https://www.mrandmrsoutdoorliving.com/services/pool-builders","true","index, follow (por defecto)","true","Custom Pool Builders in North Florida | Mr & Mrs","Custom inground pool construction in North Florida, from 3D design through final startup. Licensed builders serving North & South Florida.","Custom Pool Builders","AdministrativeArea | Answer | BreadcrumbList | FAQPage | ListItem | LocalBusiness | Organization | PropertyValue | Question | Service | State | WebPage","79","13","none","Custom pool construction","Florida","new-pool-north-florida (transactional, 508 impr.)","none detected","IMPROVE","Primary money page / priority market: improved in this remediation; keep improving with real project evidence."
"https://www.mrandmrsoutdoorliving.com/services/pool-builders/alachua-county-fl","county","200","https://www.mrandmrsoutdoorliving.com/services/pool-builders/alachua-county-fl","true","index, follow (por defecto)","true","Custom Pool Builders in Alachua County, FL | Outdoor Living","Custom pool builders in Alachua County, FL. We design pools and outdoor living spaces tailored to North Florida homes.","Custom Pool Builders in Alachua County, FL","AdministrativeArea | BreadcrumbList | ImageObject | ListItem | LocalBusiness | Place | PropertyValue | State | WebPage | WebPageElement","3","36","none","Custom pool construction","Alachua County, FL","","none detected","KEEP","Indexable, self-canonical, in sitemap."
"https://www.mrandmrsoutdoorliving.com/services/pool-builders/alachua-fl","city","200","https://www.mrandmrsoutdoorliving.com/services/pool-builders/alachua-fl","true","index, follow (por defecto)","true","Luxury Pools & Outdoor Living in Alachua, FL | Mr & Mrs","Transform your Alachua, FL estate with custom pools, outdoor kitchens & outdoor living tailored for spacious rural properties. Schedule a free consultation.","Luxury Pool Builders & Outdoor Living Contractors in Alachua, Florida","AdministrativeArea | Answer | BreadcrumbList | City | FAQPage | ListItem | LocalBusiness | PropertyValue | Question | Service | State","1","52","none","Custom pool construction","Alachua, FL (North Florida)","","low (one city per URL, same template)","KEEP","North Florida city in the core service area; template copy, keep indexed and enrich when local evidence exists."
"https://www.mrandmrsoutdoorliving.com/services/pool-builders/archer-fl","city","200","https://www.mrandmrsoutdoorliving.com/services/pool-builders/archer-fl","true","index, follow (por defecto)","true","Luxury Pools & Outdoor Living in Archer, FL | Mr & Mrs","Transform your Archer, FL estate with custom pools, outdoor kitchens & outdoor living tailored for spacious rural properties. Schedule a free consultation.","Luxury Pool Builders & Outdoor Living Contractors in Archer, Florida","AdministrativeArea | Answer | BreadcrumbList | City | FAQPage | ListItem | LocalBusiness | PropertyValue | Question | Service | State","1","52","none","Custom pool construction","Archer, FL (North Florida)","","low (one city per URL, same template)","KEEP","North Florida city in the core service area; template copy, keep indexed and enrich when local evidence exists."
"https://www.mrandmrsoutdoorliving.com/services/pool-builders/atlantis-fl","city","200","https://www.mrandmrsoutdoorliving.com/services/pool-builders/atlantis-fl","true","index, follow (por defecto)","true","Luxury Pools & Outdoor Living in Atlantis, FL | Mr & Mrs","Transform your Atlantis, FL backyard with custom pools, outdoor kitchens & complete outdoor living for family-friendly homes. Schedule a free consultation.","Luxury Pool Builders & Outdoor Living Contractors in Atlantis, Florida","AdministrativeArea | Answer | BreadcrumbList | City | FAQPage | ListItem | LocalBusiness | PropertyValue | Question | Service | State","1","52","none","Custom pool construction","Atlantis, FL (South Florida)","","low (one city per URL, same template)","INVESTIGATE","South Florida city page with template copy: keep indexed (existing equity), decide unique content or consolidation with Search Console data per URL."
"https://www.mrandmrsoutdoorliving.com/services/pool-builders/boca-raton-fl","city","200","https://www.mrandmrsoutdoorliving.com/services/pool-builders/boca-raton-fl","true","index, follow (por defecto)","true","Luxury Pools & Outdoor Living in Boca Raton, FL | Mr & Mrs","Transform your Boca Raton, FL waterfront backyard with custom pools, outdoor kitchens & complete outdoor living by local experts. Schedule a free consultation.","Luxury Pool Builders & Outdoor Living Contractors in Boca Raton, Florida","AdministrativeArea | Answer | BreadcrumbList | City | FAQPage | ListItem | LocalBusiness | PropertyValue | Question | Service | State","1","52","none","Custom pool construction","Boca Raton, FL (South Florida)","","low (one city per URL, same template)","INVESTIGATE","South Florida city page with template copy: keep indexed (existing equity), decide unique content or consolidation with Search Console data per URL."
"https://www.mrandmrsoutdoorliving.com/services/pool-builders/boynton-beach-fl","city","200","https://www.mrandmrsoutdoorliving.com/services/pool-builders/boynton-beach-fl","true","index, follow (por defecto)","true","Luxury Pool Builders in Boynton Beach, FL | Mr & Mrs","Transform your Boynton Beach, FL backyard with custom pools, outdoor kitchens & outdoor living by local experts. Schedule a free consultation.","Luxury Pool Builders & Outdoor Living Contractors in Boynton Beach, Florida","AdministrativeArea | Answer | BreadcrumbList | City | FAQPage | ListItem | LocalBusiness | PropertyValue | Question | Service | State","1","52","none","Custom pool construction","Boynton Beach, FL (South Florida)","","low (one city per URL, same template)","INVESTIGATE","South Florida city page with template copy: keep indexed (existing equity), decide unique content or consolidation with Search Console data per URL."
"https://www.mrandmrsoutdoorliving.com/services/pool-builders/broward-county-fl","county","200","https://www.mrandmrsoutdoorliving.com/services/pool-builders/broward-county-fl","true","index, follow (por defecto)","true","Custom Pool Builders in Broward County, FL | Outdoor Living","Custom pool builders in Broward County, FL. We design luxury pools and outdoor living spaces for South Florida homes.","Custom Pool Builders in Broward County, FL","AdministrativeArea | BreadcrumbList | ImageObject | ListItem | LocalBusiness | Place | PropertyValue | State | WebPage | WebPageElement","2","44","none","Custom pool construction","Broward County, FL","","none detected","KEEP","Indexable, self-canonical, in sitemap."
"https://www.mrandmrsoutdoorliving.com/services/pool-builders/cedar-key-fl","city","200","https://www.mrandmrsoutdoorliving.com/services/pool-builders/cedar-key-fl","true","index, follow (por defecto)","true","Luxury Pools & Outdoor Living in Cedar Key, FL | Mr & Mrs","Transform your Cedar Key, FL waterfront backyard with custom pools, outdoor kitchens & complete outdoor living by local experts. Schedule a free consultation.","Luxury Pool Builders & Outdoor Living Contractors in Cedar Key, Florida","AdministrativeArea | Answer | BreadcrumbList | City | FAQPage | ListItem | LocalBusiness | PropertyValue | Question | Service | State","1","52","none","Custom pool construction","Cedar Key, FL (North Florida)","","low (one city per URL, same template)","KEEP","North Florida city in the core service area; template copy, keep indexed and enrich when local evidence exists."
"https://www.mrandmrsoutdoorliving.com/services/pool-builders/chiefland-fl","city","200","https://www.mrandmrsoutdoorliving.com/services/pool-builders/chiefland-fl","true","index, follow (por defecto)","true","Luxury Pools & Outdoor Living in Chiefland, FL | Mr & Mrs","Transform your Chiefland, FL estate with custom pools, outdoor kitchens & outdoor living tailored for spacious rural properties. Schedule a free consultation.","Luxury Pool Builders & Outdoor Living Contractors in Chiefland, Florida","AdministrativeArea | Answer | BreadcrumbList | City | FAQPage | ListItem | LocalBusiness | PropertyValue | Question | Service | State","1","52","none","Custom pool construction","Chiefland, FL (North Florida)","","low (one city per URL, same template)","KEEP","North Florida city in the core service area; template copy, keep indexed and enrich when local evidence exists."
"https://www.mrandmrsoutdoorliving.com/services/pool-builders/columbia-county-fl","county","200","https://www.mrandmrsoutdoorliving.com/services/pool-builders/columbia-county-fl","true","index, follow (por defecto)","true","Custom Pool Builders in Columbia County, FL | Outdoor Living","Custom pool builders in Columbia County, FL. We design pools and outdoor living spaces tailored to North Florida homes.","Custom Pool Builders in Columbia County, FL","AdministrativeArea | BreadcrumbList | ImageObject | ListItem | LocalBusiness | Place | PropertyValue | State | WebPage | WebPageElement","2","29","none","Custom pool construction","Columbia County, FL","","none detected","KEEP","Indexable, self-canonical, in sitemap."
"https://www.mrandmrsoutdoorliving.com/services/pool-builders/cross-city-fl","city","200","https://www.mrandmrsoutdoorliving.com/services/pool-builders/cross-city-fl","true","index, follow (por defecto)","true","Luxury Pools & Outdoor Living in Cross City, FL | Mr & Mrs","Transform your Cross City, FL estate with custom pools, outdoor kitchens & outdoor living tailored for spacious rural properties. Schedule a free consultation.","Luxury Pool Builders & Outdoor Living Contractors in Cross City, Florida","AdministrativeArea | Answer | BreadcrumbList | City | FAQPage | ListItem | LocalBusiness | PropertyValue | Question | Service | State","1","52","none","Custom pool construction","Cross City, FL (North Florida)","","low (one city per URL, same template)","KEEP","North Florida city in the core service area; template copy, keep indexed and enrich when local evidence exists."
"https://www.mrandmrsoutdoorliving.com/services/pool-builders/dania-beach-fl","city","200","https://www.mrandmrsoutdoorliving.com/services/pool-builders/dania-beach-fl","true","index, follow (por defecto)","true","Luxury Pools & Outdoor Living in Dania Beach, FL | Mr & Mrs","Transform your Dania Beach, FL waterfront backyard with custom pools, outdoor kitchens & complete outdoor living by local experts. Schedule a free consultation.","Luxury Pool Builders & Outdoor Living Contractors in Dania Beach, Florida","AdministrativeArea | Answer | BreadcrumbList | City | FAQPage | ListItem | LocalBusiness | PropertyValue | Question | Service | State","1","52","none","Custom pool construction","Dania Beach, FL (South Florida)","","low (one city per URL, same template)","INVESTIGATE","South Florida city page with template copy: keep indexed (existing equity), decide unique content or consolidation with Search Console data per URL."
"https://www.mrandmrsoutdoorliving.com/services/pool-builders/davie-fl","city","200","https://www.mrandmrsoutdoorliving.com/services/pool-builders/davie-fl","true","index, follow (por defecto)","true","Luxury Pools & Outdoor Living in Davie, FL | Mr & Mrs","Transform your Davie, FL backyard with custom pools, outdoor kitchens & complete outdoor living for family-friendly homes. Schedule a free consultation.","Luxury Pool Builders & Outdoor Living Contractors in Davie, Florida","AdministrativeArea | Answer | BreadcrumbList | City | FAQPage | ListItem | LocalBusiness | PropertyValue | Question | Service | State","1","52","none","Custom pool construction","Davie, FL (South Florida)","","low (one city per URL, same template)","INVESTIGATE","South Florida city page with template copy: keep indexed (existing equity), decide unique content or consolidation with Search Console data per URL."
"https://www.mrandmrsoutdoorliving.com/services/pool-builders/deerfield-beach-fl","city","200","https://www.mrandmrsoutdoorliving.com/services/pool-builders/deerfield-beach-fl","true","index, follow (por defecto)","true","Luxury Pool Builders in Deerfield Beach, FL | Mr & Mrs","Transform your Deerfield Beach, FL backyard with custom pools, outdoor kitchens & outdoor living by local experts. Schedule a free consultation.","Luxury Pool Builders & Outdoor Living Contractors in Deerfield Beach, Florida","AdministrativeArea | Answer | BreadcrumbList | City | FAQPage | ListItem | LocalBusiness | PropertyValue | Question | Service | State","1","52","none","Custom pool construction","Deerfield Beach, FL (South Florida)","","low (one city per URL, same template)","INVESTIGATE","South Florida city page with template copy: keep indexed (existing equity), decide unique content or consolidation with Search Console data per URL."
"https://www.mrandmrsoutdoorliving.com/services/pool-builders/delray-beach-fl","city","200","https://www.mrandmrsoutdoorliving.com/services/pool-builders/delray-beach-fl","true","index, follow (por defecto)","true","Luxury Pools & Outdoor Living in Delray Beach, FL | Mr & Mrs","Transform your Delray Beach, FL backyard with custom pools, outdoor kitchens & outdoor living by local experts. Schedule a free consultation.","Luxury Pool Builders & Outdoor Living Contractors in Delray Beach, Florida","AdministrativeArea | Answer | BreadcrumbList | City | FAQPage | ListItem | LocalBusiness | PropertyValue | Question | Service | State","1","52","none","Custom pool construction","Delray Beach, FL (South Florida)","","low (one city per URL, same template)","INVESTIGATE","South Florida city page with template copy: keep indexed (existing equity), decide unique content or consolidation with Search Console data per URL."
"https://www.mrandmrsoutdoorliving.com/services/pool-builders/dixie-county-fl","county","200","https://www.mrandmrsoutdoorliving.com/services/pool-builders/dixie-county-fl","true","index, follow (por defecto)","true","Custom Pool Builders in Dixie County, FL | Outdoor Living","Custom pool builders in Dixie County, FL. We design pools and outdoor living spaces tailored to North Florida homes.","Custom Pool Builders in Dixie County, FL","AdministrativeArea | BreadcrumbList | ImageObject | ListItem | LocalBusiness | Place | PropertyValue | State | WebPage | WebPageElement","2","30","none","Custom pool construction","Dixie County, FL","","none detected","KEEP","Indexable, self-canonical, in sitemap."
"https://www.mrandmrsoutdoorliving.com/services/pool-builders/fanning-springs-fl","city","200","https://www.mrandmrsoutdoorliving.com/services/pool-builders/fanning-springs-fl","true","index, follow (por defecto)","true","Luxury Pool Builders in Fanning Springs, FL | Mr & Mrs","Transform your Fanning Springs, FL backyard with custom pools, outdoor kitchens & outdoor living by local experts. Schedule a free consultation.","Luxury Pool Builders & Outdoor Living Contractors in Fanning Springs, Florida","AdministrativeArea | Answer | BreadcrumbList | City | FAQPage | ListItem | LocalBusiness | PropertyValue | Question | Service | State","1","52","none","Custom pool construction","Fanning Springs, FL (North Florida)","","low (one city per URL, same template)","KEEP","North Florida city in the core service area; template copy, keep indexed and enrich when local evidence exists."
"https://www.mrandmrsoutdoorliving.com/services/pool-builders/fort-lauderdale-fl","city","200","https://www.mrandmrsoutdoorliving.com/services/pool-builders/fort-lauderdale-fl","true","index, follow (por defecto)","true","Luxury Pool Builders in Fort Lauderdale, FL | Mr & Mrs","Transform your Fort Lauderdale, FL backyard with custom pools, outdoor kitchens & outdoor living by local experts. Schedule a free consultation.","Luxury Pool Builders & Outdoor Living Contractors in Fort Lauderdale, Florida","AdministrativeArea | Answer | BreadcrumbList | City | FAQPage | ListItem | LocalBusiness | PropertyValue | Question | Service | State","1","52","none","Custom pool construction","Fort Lauderdale, FL (South Florida)","","low (one city per URL, same template)","INVESTIGATE","South Florida city page with template copy: keep indexed (existing equity), decide unique content or consolidation with Search Console data per URL."
"https://www.mrandmrsoutdoorliving.com/services/pool-builders/gainesville-fl","city","200","https://www.mrandmrsoutdoorliving.com/services/pool-builders/gainesville-fl","true","index, follow (por defecto)","true","Custom Pool Builders in Gainesville, FL | Mr & Mrs","Custom inground pool construction in Gainesville and Alachua County, FL. Licensed pool builders serving North Florida. Request a free estimate.","Custom Pool Builders In Gainesville, Florida","AdministrativeArea | Answer | BreadcrumbList | City | FAQPage | ListItem | LocalBusiness | PropertyValue | Question | Service | State","5","52","none","Custom pool construction","Gainesville, FL (North Florida)","pool-builder-gainesville (local, 35 impr.)","none detected","IMPROVE","Primary money page / priority market: improved in this remediation; keep improving with real project evidence."
"https://www.mrandmrsoutdoorliving.com/services/pool-builders/gilchrist-county-fl","county","200","https://www.mrandmrsoutdoorliving.com/services/pool-builders/gilchrist-county-fl","true","index, follow (por defecto)","true","Pool Builders in Gilchrist County, FL","Custom pool builders in Gilchrist County, FL. We design pools and outdoor living spaces tailored to North Florida homes.","Custom Pool Builders in Gilchrist County, FL","AdministrativeArea | BreadcrumbList | ImageObject | ListItem | LocalBusiness | Place | PropertyValue | State | WebPage | WebPageElement","2","29","none","Custom pool construction","Gilchrist County, FL","","none detected","KEEP","Indexable, self-canonical, in sitemap."
"https://www.mrandmrsoutdoorliving.com/services/pool-builders/gulf-stream-fl","city","200","https://www.mrandmrsoutdoorliving.com/services/pool-builders/gulf-stream-fl","true","index, follow (por defecto)","true","Luxury Pools & Outdoor Living in Gulf Stream, FL | Mr & Mrs","Transform your Gulf Stream, FL waterfront backyard with custom pools, outdoor kitchens & complete outdoor living by local experts. Schedule a free consultation.","Luxury Pool Builders & Outdoor Living Contractors in Gulf Stream, Florida","AdministrativeArea | Answer | BreadcrumbList | City | FAQPage | ListItem | LocalBusiness | PropertyValue | Question | Service | State","1","52","none","Custom pool construction","Gulf Stream, FL (South Florida)","","low (one city per URL, same template)","INVESTIGATE","South Florida city page with template copy: keep indexed (existing equity), decide unique content or consolidation with Search Console data per URL."
"https://www.mrandmrsoutdoorliving.com/services/pool-builders/hallandale-beach-fl","city","200","https://www.mrandmrsoutdoorliving.com/services/pool-builders/hallandale-beach-fl","true","index, follow (por defecto)","true","Luxury Pool Builders in Hallandale Beach, FL | Mr & Mrs","Transform your Hallandale Beach, FL backyard with custom pools, outdoor kitchens & outdoor living by local experts. Schedule a free consultation.","Luxury Pool Builders & Outdoor Living Contractors in Hallandale Beach, Florida","AdministrativeArea | Answer | BreadcrumbList | City | FAQPage | ListItem | LocalBusiness | PropertyValue | Question | Service | State","1","52","none","Custom pool construction","Hallandale Beach, FL (South Florida)","","low (one city per URL, same template)","INVESTIGATE","South Florida city page with template copy: keep indexed (existing equity), decide unique content or consolidation with Search Console data per URL."
"https://www.mrandmrsoutdoorliving.com/services/pool-builders/hawthorne-fl","city","200","https://www.mrandmrsoutdoorliving.com/services/pool-builders/hawthorne-fl","true","index, follow (por defecto)","true","Luxury Pools & Outdoor Living in Hawthorne, FL | Mr & Mrs","Transform your Hawthorne, FL estate with custom pools, outdoor kitchens & outdoor living tailored for spacious rural properties. Schedule a free consultation.","Luxury Pool Builders & Outdoor Living Contractors in Hawthorne, Florida","AdministrativeArea | Answer | BreadcrumbList | City | FAQPage | ListItem | LocalBusiness | PropertyValue | Question | Service | State","1","52","none","Custom pool construction","Hawthorne, FL (North Florida)","","low (one city per URL, same template)","KEEP","North Florida city in the core service area; template copy, keep indexed and enrich when local evidence exists."
"https://www.mrandmrsoutdoorliving.com/services/pool-builders/high-springs-fl","city","200","https://www.mrandmrsoutdoorliving.com/services/pool-builders/high-springs-fl","true","index, follow (por defecto)","true","Luxury Pools & Outdoor Living in High Springs, FL | Mr & Mrs","Transform your High Springs, FL estate with custom pools, outdoor kitchens & outdoor living for rural properties. Schedule a free consultation.","Luxury Pool Builders & Outdoor Living Contractors in High Springs, Florida","AdministrativeArea | Answer | BreadcrumbList | City | FAQPage | ListItem | LocalBusiness | PropertyValue | Question | Service | State","1","52","none","Custom pool construction","High Springs, FL (North Florida)","","low (one city per URL, same template)","KEEP","North Florida city in the core service area; template copy, keep indexed and enrich when local evidence exists."
"https://www.mrandmrsoutdoorliving.com/services/pool-builders/hillsboro-beach-fl","city","200","https://www.mrandmrsoutdoorliving.com/services/pool-builders/hillsboro-beach-fl","true","index, follow (por defecto)","true","Luxury Pool Builders in Hillsboro Beach, FL | Mr & Mrs","Transform your Hillsboro Beach, FL backyard with custom pools, outdoor kitchens & outdoor living by local experts. Schedule a free consultation.","Luxury Pool Builders & Outdoor Living Contractors in Hillsboro Beach, Florida","AdministrativeArea | Answer | BreadcrumbList | City | FAQPage | ListItem | LocalBusiness | PropertyValue | Question | Service | State","1","52","none","Custom pool construction","Hillsboro Beach, FL (South Florida)","","low (one city per URL, same template)","INVESTIGATE","South Florida city page with template copy: keep indexed (existing equity), decide unique content or consolidation with Search Console data per URL."
"https://www.mrandmrsoutdoorliving.com/services/pool-builders/hollywood-fl","city","200","https://www.mrandmrsoutdoorliving.com/services/pool-builders/hollywood-fl","true","index, follow (por defecto)","true","Luxury Pools & Outdoor Living in Hollywood, FL | Mr & Mrs","Transform your Hollywood, FL waterfront backyard with custom pools, outdoor kitchens & complete outdoor living by local experts. Schedule a free consultation.","Luxury Pool Builders & Outdoor Living Contractors in Hollywood, Florida","AdministrativeArea | Answer | BreadcrumbList | City | FAQPage | ListItem | LocalBusiness | PropertyValue | Question | Service | State","1","52","none","Custom pool construction","Hollywood, FL (South Florida)","","low (one city per URL, same template)","INVESTIGATE","South Florida city page with template copy: keep indexed (existing equity), decide unique content or consolidation with Search Console data per URL."
"https://www.mrandmrsoutdoorliving.com/services/pool-builders/hypoluxo-fl","city","200","https://www.mrandmrsoutdoorliving.com/services/pool-builders/hypoluxo-fl","true","index, follow (por defecto)","true","Luxury Pools & Outdoor Living in Hypoluxo, FL | Mr & Mrs","Transform your Hypoluxo, FL waterfront backyard with custom pools, outdoor kitchens & complete outdoor living by local experts. Schedule a free consultation.","Luxury Pool Builders & Outdoor Living Contractors in Hypoluxo, Florida","AdministrativeArea | Answer | BreadcrumbList | City | FAQPage | ListItem | LocalBusiness | PropertyValue | Question | Service | State","1","52","none","Custom pool construction","Hypoluxo, FL (South Florida)","","low (one city per URL, same template)","INVESTIGATE","South Florida city page with template copy: keep indexed (existing equity), decide unique content or consolidation with Search Console data per URL."
"https://www.mrandmrsoutdoorliving.com/services/pool-builders/juno-beach-fl","city","200","https://www.mrandmrsoutdoorliving.com/services/pool-builders/juno-beach-fl","true","index, follow (por defecto)","true","Luxury Pools & Outdoor Living in Juno Beach, FL | Mr & Mrs","Transform your Juno Beach, FL waterfront backyard with custom pools, outdoor kitchens & complete outdoor living by local experts. Schedule a free consultation.","Luxury Pool Builders & Outdoor Living Contractors in Juno Beach, Florida","AdministrativeArea | Answer | BreadcrumbList | City | FAQPage | ListItem | LocalBusiness | PropertyValue | Question | Service | State","1","52","none","Custom pool construction","Juno Beach, FL (South Florida)","","low (one city per URL, same template)","INVESTIGATE","South Florida city page with template copy: keep indexed (existing equity), decide unique content or consolidation with Search Console data per URL."
"https://www.mrandmrsoutdoorliving.com/services/pool-builders/jupiter-fl","city","200","https://www.mrandmrsoutdoorliving.com/services/pool-builders/jupiter-fl","true","index, follow (por defecto)","true","Luxury Pools & Outdoor Living in Jupiter, FL | Mr & Mrs","Transform your Jupiter, FL waterfront backyard with custom pools, outdoor kitchens & complete outdoor living by local experts. Schedule a free consultation.","Luxury Pool Builders & Outdoor Living Contractors in Jupiter, Florida","AdministrativeArea | Answer | BreadcrumbList | City | FAQPage | ListItem | LocalBusiness | PropertyValue | Question | Service | State","1","52","none","Custom pool construction","Jupiter, FL (South Florida)","","low (one city per URL, same template)","INVESTIGATE","South Florida city page with template copy: keep indexed (existing equity), decide unique content or consolidation with Search Console data per URL."
"https://www.mrandmrsoutdoorliving.com/services/pool-builders/lake-city-fl","city","200","https://www.mrandmrsoutdoorliving.com/services/pool-builders/lake-city-fl","true","index, follow (por defecto)","true","Luxury Pools & Outdoor Living in Lake City, FL | Mr & Mrs","Transform your Lake City, FL estate with custom pools, outdoor kitchens & outdoor living tailored for spacious rural properties. Schedule a free consultation.","Luxury Pool Builders & Outdoor Living Contractors in Lake City, Florida","AdministrativeArea | Answer | BreadcrumbList | City | FAQPage | ListItem | LocalBusiness | PropertyValue | Question | Service | State","1","52","none","Custom pool construction","Lake City, FL (North Florida)","","low (one city per URL, same template)","KEEP","North Florida city in the core service area; template copy, keep indexed and enrich when local evidence exists."
"https://www.mrandmrsoutdoorliving.com/services/pool-builders/levy-county-fl","county","200","https://www.mrandmrsoutdoorliving.com/services/pool-builders/levy-county-fl","true","index, follow (por defecto)","true","Custom Pool Builders in Levy County, FL | Outdoor Living","Custom pool builders in Levy County, FL. We design pools and outdoor living spaces tailored to North Florida homes.","Custom Pool Builders in Levy County, FL","AdministrativeArea | BreadcrumbList | ImageObject | ListItem | LocalBusiness | Place | PropertyValue | State | WebPage | WebPageElement","2","32","none","Custom pool construction","Levy County, FL","","none detected","KEEP","Indexable, self-canonical, in sitemap."
"https://www.mrandmrsoutdoorliving.com/services/pool-builders/lighthouse-point-fl","city","200","https://www.mrandmrsoutdoorliving.com/services/pool-builders/lighthouse-point-fl","true","index, follow (por defecto)","true","Luxury Pool Builders in Lighthouse Point, FL | Mr & Mrs","Transform your Lighthouse Point, FL backyard with custom pools, outdoor kitchens & outdoor living by local experts. Schedule a free consultation.","Luxury Pool Builders & Outdoor Living Contractors in Lighthouse Point, Florida","AdministrativeArea | Answer | BreadcrumbList | City | FAQPage | ListItem | LocalBusiness | PropertyValue | Question | Service | State","1","52","none","Custom pool construction","Lighthouse Point, FL (South Florida)","","low (one city per URL, same template)","INVESTIGATE","South Florida city page with template copy: keep indexed (existing equity), decide unique content or consolidation with Search Console data per URL."
"https://www.mrandmrsoutdoorliving.com/services/pool-builders/manalapan-fl","city","200","https://www.mrandmrsoutdoorliving.com/services/pool-builders/manalapan-fl","true","index, follow (por defecto)","true","Luxury Pools & Outdoor Living in Manalapan, FL | Mr & Mrs","Transform your Manalapan, FL waterfront backyard with custom pools, outdoor kitchens & complete outdoor living by local experts. Schedule a free consultation.","Luxury Pool Builders & Outdoor Living Contractors in Manalapan, Florida","AdministrativeArea | Answer | BreadcrumbList | City | FAQPage | ListItem | LocalBusiness | PropertyValue | Question | Service | State","1","52","none","Custom pool construction","Manalapan, FL (South Florida)","","low (one city per URL, same template)","INVESTIGATE","South Florida city page with template copy: keep indexed (existing equity), decide unique content or consolidation with Search Console data per URL."
"https://www.mrandmrsoutdoorliving.com/services/pool-builders/marion-county-fl","county","200","https://www.mrandmrsoutdoorliving.com/services/pool-builders/marion-county-fl","true","index, follow (por defecto)","true","Custom Pool Builders in Marion County, FL | Outdoor Living","Custom pool builders in Marion County, FL. We design luxury pools and outdoor living spaces tailored to North Florida homes.","Custom Pool Builders in Marion County, FL","AdministrativeArea | BreadcrumbList | ImageObject | ListItem | LocalBusiness | Place | PropertyValue | State | WebPage | WebPageElement","3","31","none","Custom pool construction","Marion County, FL","","none detected","KEEP","Indexable, self-canonical, in sitemap."
"https://www.mrandmrsoutdoorliving.com/services/pool-builders/mcintosh-fl","city","200","https://www.mrandmrsoutdoorliving.com/services/pool-builders/mcintosh-fl","true","index, follow (por defecto)","true","Luxury Pools & Outdoor Living in McIntosh, FL | Mr & Mrs","Transform your McIntosh, FL estate with custom pools, outdoor kitchens & outdoor living tailored for spacious rural properties. Schedule a free consultation.","Luxury Pool Builders & Outdoor Living Contractors in McIntosh, Florida","AdministrativeArea | Answer | BreadcrumbList | City | FAQPage | ListItem | LocalBusiness | PropertyValue | Question | Service | State","1","52","none","Custom pool construction","Mcintosh, FL (North Florida)","","low (one city per URL, same template)","KEEP","North Florida city in the core service area; template copy, keep indexed and enrich when local evidence exists."
"https://www.mrandmrsoutdoorliving.com/services/pool-builders/micanopy-fl","city","200","https://www.mrandmrsoutdoorliving.com/services/pool-builders/micanopy-fl","true","index, follow (por defecto)","true","Luxury Pools & Outdoor Living in Micanopy, FL | Mr & Mrs","Transform your Micanopy, FL estate with custom pools, outdoor kitchens & outdoor living tailored for spacious rural properties. Schedule a free consultation.","Luxury Pool Builders & Outdoor Living Contractors in Micanopy, Florida","AdministrativeArea | Answer | BreadcrumbList | City | FAQPage | ListItem | LocalBusiness | PropertyValue | Question | Service | State","1","52","none","Custom pool construction","Micanopy, FL (North Florida)","","low (one city per URL, same template)","KEEP","North Florida city in the core service area; template copy, keep indexed and enrich when local evidence exists."
"https://www.mrandmrsoutdoorliving.com/services/pool-builders/miramar-fl","city","200","https://www.mrandmrsoutdoorliving.com/services/pool-builders/miramar-fl","true","index, follow (por defecto)","true","Luxury Pools & Outdoor Living in Miramar, FL | Mr & Mrs","Transform your Miramar, FL backyard with custom pools, outdoor kitchens & complete outdoor living for family-friendly homes. Schedule a free consultation.","Luxury Pool Builders & Outdoor Living Contractors in Miramar, Florida","AdministrativeArea | Answer | BreadcrumbList | City | FAQPage | ListItem | LocalBusiness | PropertyValue | Question | Service | State","1","52","none","Custom pool construction","Miramar, FL (South Florida)","","low (one city per URL, same template)","INVESTIGATE","South Florida city page with template copy: keep indexed (existing equity), decide unique content or consolidation with Search Console data per URL."
"https://www.mrandmrsoutdoorliving.com/services/pool-builders/newberry-fl","city","200","https://www.mrandmrsoutdoorliving.com/services/pool-builders/newberry-fl","true","index, follow (por defecto)","true","Luxury Pools & Outdoor Living in Newberry, FL | Mr & Mrs","Transform your Newberry, FL estate with custom pools, outdoor kitchens & outdoor living tailored for spacious rural properties. Schedule a free consultation.","Luxury Pool Builders & Outdoor Living Contractors in Newberry, Florida","AdministrativeArea | Answer | BreadcrumbList | City | FAQPage | ListItem | LocalBusiness | PropertyValue | Question | Service | State","1","52","none","Custom pool construction","Newberry, FL (North Florida)","","low (one city per URL, same template)","KEEP","North Florida city in the core service area; template copy, keep indexed and enrich when local evidence exists."
"https://www.mrandmrsoutdoorliving.com/services/pool-builders/north-palm-beach-fl","city","200","https://www.mrandmrsoutdoorliving.com/services/pool-builders/north-palm-beach-fl","true","index, follow (por defecto)","true","Luxury Pool Builders in North Palm Beach, FL | Mr & Mrs","Transform your North Palm Beach, FL backyard with custom pools, outdoor kitchens & outdoor living by local experts. Schedule a free consultation.","Luxury Pool Builders & Outdoor Living Contractors in North Palm Beach, Florida","AdministrativeArea | Answer | BreadcrumbList | City | FAQPage | ListItem | LocalBusiness | PropertyValue | Question | Service | State","1","52","none","Custom pool construction","North Palm Beach, FL (South Florida)","","low (one city per URL, same template)","INVESTIGATE","South Florida city page with template copy: keep indexed (existing equity), decide unique content or consolidation with Search Console data per URL."
"https://www.mrandmrsoutdoorliving.com/services/pool-builders/ocala-fl","city","200","https://www.mrandmrsoutdoorliving.com/services/pool-builders/ocala-fl","true","index, follow (por defecto)","true","Custom Pool Builders in Ocala, FL | Mr & Mrs","Custom inground pool construction in Ocala and Marion County, FL. Licensed pool builders serving North Florida. Request a free estimate.","Custom Pool Builders In Ocala, Florida","AdministrativeArea | Answer | BreadcrumbList | City | FAQPage | ListItem | LocalBusiness | PropertyValue | Question | Service | State","5","52","none","Custom pool construction","Ocala, FL (North Florida)","pool-builder-ocala (local, 80 impr.)","none detected","IMPROVE","Primary money page / priority market: improved in this remediation; keep improving with real project evidence."
"https://www.mrandmrsoutdoorliving.com/services/pool-builders/ocean-ridge-fl","city","200","https://www.mrandmrsoutdoorliving.com/services/pool-builders/ocean-ridge-fl","true","index, follow (por defecto)","true","Luxury Pools & Outdoor Living in Ocean Ridge, FL | Mr & Mrs","Transform your Ocean Ridge, FL waterfront backyard with custom pools, outdoor kitchens & complete outdoor living by local experts. Schedule a free consultation.","Luxury Pool Builders & Outdoor Living Contractors in Ocean Ridge, Florida","AdministrativeArea | Answer | BreadcrumbList | City | FAQPage | ListItem | LocalBusiness | PropertyValue | Question | Service | State","1","52","none","Custom pool construction","Ocean Ridge, FL (South Florida)","","low (one city per URL, same template)","INVESTIGATE","South Florida city page with template copy: keep indexed (existing equity), decide unique content or consolidation with Search Console data per URL."
"https://www.mrandmrsoutdoorliving.com/services/pool-builders/old-town-fl","city","200","https://www.mrandmrsoutdoorliving.com/services/pool-builders/old-town-fl","true","index, follow (por defecto)","true","Luxury Pools & Outdoor Living in Old Town, FL | Mr & Mrs","Transform your Old Town, FL estate with custom pools, outdoor kitchens & outdoor living tailored for spacious rural properties. Schedule a free consultation.","Luxury Pool Builders & Outdoor Living Contractors in Old Town, Florida","AdministrativeArea | Answer | BreadcrumbList | City | FAQPage | ListItem | LocalBusiness | PropertyValue | Question | Service | State","1","52","none","Custom pool construction","Old Town, FL (North Florida)","","low (one city per URL, same template)","KEEP","North Florida city in the core service area; template copy, keep indexed and enrich when local evidence exists."
"https://www.mrandmrsoutdoorliving.com/services/pool-builders/palatka-fl","city","200","https://www.mrandmrsoutdoorliving.com/services/pool-builders/palatka-fl","true","index, follow (por defecto)","true","Luxury Pools & Outdoor Living in Palatka, FL | Mr & Mrs","Transform your Palatka, FL estate with custom pools, outdoor kitchens & outdoor living tailored for spacious rural properties. Schedule a free consultation.","Luxury Pool Builders & Outdoor Living Contractors in Palatka, Florida","AdministrativeArea | Answer | BreadcrumbList | City | FAQPage | ListItem | LocalBusiness | PropertyValue | Question | Service | State","1","52","none","Custom pool construction","Palatka, FL (North Florida)","","low (one city per URL, same template)","KEEP","North Florida city in the core service area; template copy, keep indexed and enrich when local evidence exists."
"https://www.mrandmrsoutdoorliving.com/services/pool-builders/palm-beach-county-fl","county","200","https://www.mrandmrsoutdoorliving.com/services/pool-builders/palm-beach-county-fl","true","index, follow (por defecto)","true","Pool Builders in Palm Beach County, FL","Custom pool builders in Palm Beach County, FL. We design luxury pools and outdoor living spaces tailored to South Florida homes.","Custom Pool Builders in Palm Beach County, FL","AdministrativeArea | BreadcrumbList | ImageObject | ListItem | LocalBusiness | Place | PropertyValue | State | WebPage | WebPageElement","2","45","none","Custom pool construction","Palm Beach County, FL","","none detected","KEEP","Indexable, self-canonical, in sitemap."
"https://www.mrandmrsoutdoorliving.com/services/pool-builders/palm-beach-gardens-fl","city","200","https://www.mrandmrsoutdoorliving.com/services/pool-builders/palm-beach-gardens-fl","true","index, follow (por defecto)","true","Luxury Pool Builders in Palm Beach Gardens, FL | Mr & Mrs","Transform your Palm Beach Gardens, FL backyard with custom pools, outdoor kitchens & outdoor living by local experts. Schedule a free consultation.","Luxury Pool Builders & Outdoor Living Contractors in Palm Beach Gardens, Florida","AdministrativeArea | Answer | BreadcrumbList | City | FAQPage | ListItem | LocalBusiness | PropertyValue | Question | Service | State","1","52","none","Custom pool construction","Palm Beach Gardens, FL (South Florida)","","low (one city per URL, same template)","INVESTIGATE","South Florida city page with template copy: keep indexed (existing equity), decide unique content or consolidation with Search Console data per URL."
"https://www.mrandmrsoutdoorliving.com/services/pool-builders/parkland-fl","city","200","https://www.mrandmrsoutdoorliving.com/services/pool-builders/parkland-fl","true","index, follow (por defecto)","true","Luxury Pools & Outdoor Living in Parkland, FL | Mr & Mrs","Transform your Parkland, FL backyard with custom pools, outdoor kitchens & complete outdoor living for family-friendly homes. Schedule a free consultation.","Luxury Pool Builders & Outdoor Living Contractors in Parkland, Florida","AdministrativeArea | Answer | BreadcrumbList | City | FAQPage | ListItem | LocalBusiness | PropertyValue | Question | Service | State","1","52","none","Custom pool construction","Parkland, FL (South Florida)","","low (one city per URL, same template)","INVESTIGATE","South Florida city page with template copy: keep indexed (existing equity), decide unique content or consolidation with Search Console data per URL."
"https://www.mrandmrsoutdoorliving.com/services/pool-builders/pembroke-pines-fl","city","200","https://www.mrandmrsoutdoorliving.com/services/pool-builders/pembroke-pines-fl","true","index, follow (por defecto)","true","Luxury Pool Builders in Pembroke Pines, FL | Mr & Mrs","Transform your Pembroke Pines, FL backyard with custom pools, outdoor kitchens & outdoor living for family-friendly homes. Schedule a free consultation.","Luxury Pool Builders & Outdoor Living Contractors in Pembroke Pines, Florida","AdministrativeArea | Answer | BreadcrumbList | City | FAQPage | ListItem | LocalBusiness | PropertyValue | Question | Service | State","1","52","none","Custom pool construction","Pembroke Pines, FL (South Florida)","","low (one city per URL, same template)","INVESTIGATE","South Florida city page with template copy: keep indexed (existing equity), decide unique content or consolidation with Search Console data per URL."
"https://www.mrandmrsoutdoorliving.com/services/pool-builders/plantation-fl","city","200","https://www.mrandmrsoutdoorliving.com/services/pool-builders/plantation-fl","true","index, follow (por defecto)","true","Luxury Pools & Outdoor Living in Plantation, FL | Mr & Mrs","Transform your Plantation, FL backyard with custom pools, outdoor kitchens & complete outdoor living for family-friendly homes. Schedule a free consultation.","Luxury Pool Builders & Outdoor Living Contractors in Plantation, Florida","AdministrativeArea | Answer | BreadcrumbList | City | FAQPage | ListItem | LocalBusiness | PropertyValue | Question | Service | State","1","52","none","Custom pool construction","Plantation, FL (South Florida)","","low (one city per URL, same template)","INVESTIGATE","South Florida city page with template copy: keep indexed (existing equity), decide unique content or consolidation with Search Console data per URL."
"https://www.mrandmrsoutdoorliving.com/services/pool-builders/pompano-beach-fl","city","200","https://www.mrandmrsoutdoorliving.com/services/pool-builders/pompano-beach-fl","true","index, follow (por defecto)","true","Luxury Pool Builders in Pompano Beach, FL | Mr & Mrs","Transform your Pompano Beach, FL backyard with custom pools, outdoor kitchens & outdoor living by local experts. Schedule a free consultation.","Luxury Pool Builders & Outdoor Living Contractors in Pompano Beach, Florida","AdministrativeArea | Answer | BreadcrumbList | City | FAQPage | ListItem | LocalBusiness | PropertyValue | Question | Service | State","1","52","none","Custom pool construction","Pompano Beach, FL (South Florida)","","low (one city per URL, same template)","INVESTIGATE","South Florida city page with template copy: keep indexed (existing equity), decide unique content or consolidation with Search Console data per URL."
"https://www.mrandmrsoutdoorliving.com/services/pool-builders/putnam-county-fl","county","200","https://www.mrandmrsoutdoorliving.com/services/pool-builders/putnam-county-fl","true","index, follow (por defecto)","true","Custom Pool Builders in Putnam County, FL | Outdoor Living","Custom pool builders in Putnam County, FL. We design pools and outdoor living spaces tailored to North Florida homes.","Custom Pool Builders in Putnam County, FL","AdministrativeArea | BreadcrumbList | ImageObject | ListItem | LocalBusiness | Place | PropertyValue | State | WebPage | WebPageElement","2","29","none","Custom pool construction","Putnam County, FL","","none detected","KEEP","Indexable, self-canonical, in sitemap."
"https://www.mrandmrsoutdoorliving.com/services/pool-builders/reddick-fl","city","200","https://www.mrandmrsoutdoorliving.com/services/pool-builders/reddick-fl","true","index, follow (por defecto)","true","Luxury Pools & Outdoor Living in Reddick, FL | Mr & Mrs","Transform your Reddick, FL estate with custom pools, outdoor kitchens & outdoor living tailored for spacious rural properties. Schedule a free consultation.","Luxury Pool Builders & Outdoor Living Contractors in Reddick, Florida","AdministrativeArea | Answer | BreadcrumbList | City | FAQPage | ListItem | LocalBusiness | PropertyValue | Question | Service | State","1","52","none","Custom pool construction","Reddick, FL (North Florida)","","low (one city per URL, same template)","KEEP","North Florida city in the core service area; template copy, keep indexed and enrich when local evidence exists."
"https://www.mrandmrsoutdoorliving.com/services/pool-builders/royal-palm-beach-fl","city","200","https://www.mrandmrsoutdoorliving.com/services/pool-builders/royal-palm-beach-fl","true","index, follow (por defecto)","true","Luxury Pool Builders in Royal Palm Beach, FL | Mr & Mrs","Transform your Royal Palm Beach, FL backyard with custom pools, outdoor kitchens & outdoor living for family-friendly homes. Schedule a free consultation.","Luxury Pool Builders & Outdoor Living Contractors in Royal Palm Beach, Florida","AdministrativeArea | Answer | BreadcrumbList | City | FAQPage | ListItem | LocalBusiness | PropertyValue | Question | Service | State","1","52","none","Custom pool construction","Royal Palm Beach, FL (South Florida)","","low (one city per URL, same template)","INVESTIGATE","South Florida city page with template copy: keep indexed (existing equity), decide unique content or consolidation with Search Console data per URL."
"https://www.mrandmrsoutdoorliving.com/services/pool-builders/south-palm-beach-fl","city","200","https://www.mrandmrsoutdoorliving.com/services/pool-builders/south-palm-beach-fl","true","index, follow (por defecto)","true","Luxury Pool Builders in South Palm Beach, FL | Mr & Mrs","Transform your South Palm Beach, FL backyard with custom pools, outdoor kitchens & outdoor living by local experts. Schedule a free consultation.","Luxury Pool Builders & Outdoor Living Contractors in South Palm Beach, Florida","AdministrativeArea | Answer | BreadcrumbList | City | FAQPage | ListItem | LocalBusiness | PropertyValue | Question | Service | State","1","52","none","Custom pool construction","South Palm Beach, FL (South Florida)","","low (one city per URL, same template)","INVESTIGATE","South Florida city page with template copy: keep indexed (existing equity), decide unique content or consolidation with Search Console data per URL."
"https://www.mrandmrsoutdoorliving.com/services/pool-builders/southwest-ranches-fl","city","200","https://www.mrandmrsoutdoorliving.com/services/pool-builders/southwest-ranches-fl","true","index, follow (por defecto)","true","Luxury Pool Builders in Southwest Ranches, FL | Mr & Mrs","Transform your Southwest Ranches, FL estate with custom pools, outdoor kitchens & outdoor living for luxury and equestrian lifestyles. Schedule a free consulta","Luxury Pool Builders & Outdoor Living Contractors in Southwest Ranches, Florida","AdministrativeArea | Answer | BreadcrumbList | City | FAQPage | ListItem | LocalBusiness | PropertyValue | Question | Service | State","1","52","none","Custom pool construction","Southwest Ranches, FL (South Florida)","","low (one city per URL, same template)","INVESTIGATE","South Florida city page with template copy: keep indexed (existing equity), decide unique content or consolidation with Search Console data per URL."
"https://www.mrandmrsoutdoorliving.com/services/pool-builders/tequesta-fl","city","200","https://www.mrandmrsoutdoorliving.com/services/pool-builders/tequesta-fl","true","index, follow (por defecto)","true","Luxury Pools & Outdoor Living in Tequesta, FL | Mr & Mrs","Transform your Tequesta, FL waterfront backyard with custom pools, outdoor kitchens & complete outdoor living by local experts. Schedule a free consultation.","Luxury Pool Builders & Outdoor Living Contractors in Tequesta, Florida","AdministrativeArea | Answer | BreadcrumbList | City | FAQPage | ListItem | LocalBusiness | PropertyValue | Question | Service | State","1","52","none","Custom pool construction","Tequesta, FL (South Florida)","","low (one city per URL, same template)","INVESTIGATE","South Florida city page with template copy: keep indexed (existing equity), decide unique content or consolidation with Search Console data per URL."
"https://www.mrandmrsoutdoorliving.com/services/pool-builders/trenton-fl","city","200","https://www.mrandmrsoutdoorliving.com/services/pool-builders/trenton-fl","true","index, follow (por defecto)","true","Luxury Pools & Outdoor Living in Trenton, FL | Mr & Mrs","Transform your Trenton, FL estate with custom pools, outdoor kitchens & outdoor living tailored for spacious rural properties. Schedule a free consultation.","Luxury Pool Builders & Outdoor Living Contractors in Trenton, Florida","AdministrativeArea | Answer | BreadcrumbList | City | FAQPage | ListItem | LocalBusiness | PropertyValue | Question | Service | State","1","52","none","Custom pool construction","Trenton, FL (North Florida)","","low (one city per URL, same template)","KEEP","North Florida city in the core service area; template copy, keep indexed and enrich when local evidence exists."
"https://www.mrandmrsoutdoorliving.com/services/pool-builders/waldo-fl","city","200","https://www.mrandmrsoutdoorliving.com/services/pool-builders/waldo-fl","true","index, follow (por defecto)","true","Luxury Pools & Outdoor Living in Waldo, FL | Mr & Mrs","Transform your Waldo, FL estate with custom pools, outdoor kitchens & outdoor living tailored for spacious rural properties. Schedule a free consultation.","Luxury Pool Builders & Outdoor Living Contractors in Waldo, Florida","AdministrativeArea | Answer | BreadcrumbList | City | FAQPage | ListItem | LocalBusiness | PropertyValue | Question | Service | State","1","52","none","Custom pool construction","Waldo, FL (North Florida)","","low (one city per URL, same template)","KEEP","North Florida city in the core service area; template copy, keep indexed and enrich when local evidence exists."
"https://www.mrandmrsoutdoorliving.com/services/pool-builders/wellington-fl","city","200","https://www.mrandmrsoutdoorliving.com/services/pool-builders/wellington-fl","true","index, follow (por defecto)","true","Luxury Pools & Outdoor Living in Wellington, FL | Mr & Mrs","Transform your Wellington, FL estate with custom pools, outdoor kitchens & outdoor living for luxury and equestrian lifestyles. Schedule a free consultation.","Luxury Pool Builders & Outdoor Living Contractors in Wellington, Florida","AdministrativeArea | Answer | BreadcrumbList | City | FAQPage | ListItem | LocalBusiness | PropertyValue | Question | Service | State","1","52","none","Custom pool construction","Wellington, FL (South Florida)","","low (one city per URL, same template)","INVESTIGATE","South Florida city page with template copy: keep indexed (existing equity), decide unique content or consolidation with Search Console data per URL."
"https://www.mrandmrsoutdoorliving.com/services/pool-builders/west-palm-beach-fl","city","200","https://www.mrandmrsoutdoorliving.com/services/pool-builders/west-palm-beach-fl","true","index, follow (por defecto)","true","Luxury Pool Builders in West Palm Beach, FL | Mr & Mrs","Transform your West Palm Beach, FL backyard with custom pools, outdoor kitchens & outdoor living by local experts. Schedule a free consultation.","Luxury Pool Builders & Outdoor Living Contractors in West Palm Beach, Florida","AdministrativeArea | Answer | BreadcrumbList | City | FAQPage | ListItem | LocalBusiness | PropertyValue | Question | Service | State","1","52","none","Custom pool construction","West Palm Beach, FL (South Florida)","","low (one city per URL, same template)","INVESTIGATE","South Florida city page with template copy: keep indexed (existing equity), decide unique content or consolidation with Search Console data per URL."
"https://www.mrandmrsoutdoorliving.com/services/pool-builders/weston-fl","city","200","https://www.mrandmrsoutdoorliving.com/services/pool-builders/weston-fl","true","index, follow (por defecto)","true","Luxury Pools & Outdoor Living in Weston, FL | Mr & Mrs","Transform your Weston, FL backyard with custom pools, outdoor kitchens & complete outdoor living for family-friendly homes. Schedule a free consultation.","Luxury Pool Builders & Outdoor Living Contractors in Weston, Florida","AdministrativeArea | Answer | BreadcrumbList | City | FAQPage | ListItem | LocalBusiness | PropertyValue | Question | Service | State","1","52","none","Custom pool construction","Weston, FL (South Florida)","","low (one city per URL, same template)","INVESTIGATE","South Florida city page with template copy: keep indexed (existing equity), decide unique content or consolidation with Search Console data per URL."
"https://www.mrandmrsoutdoorliving.com/services/pool-builders/williston-fl","city","200","https://www.mrandmrsoutdoorliving.com/services/pool-builders/williston-fl","true","index, follow (por defecto)","true","Luxury Pools & Outdoor Living in Williston, FL | Mr & Mrs","Transform your Williston, FL estate with custom pools, outdoor kitchens & outdoor living tailored for spacious rural properties. Schedule a free consultation.","Luxury Pool Builders & Outdoor Living Contractors in Williston, Florida","AdministrativeArea | Answer | BreadcrumbList | City | FAQPage | ListItem | LocalBusiness | PropertyValue | Question | Service | State","1","52","none","Custom pool construction","Williston, FL (North Florida)","","low (one city per URL, same template)","KEEP","North Florida city in the core service area; template copy, keep indexed and enrich when local evidence exists."
"https://www.mrandmrsoutdoorliving.com/services/pool-builders/wilton-manors-fl","city","200","https://www.mrandmrsoutdoorliving.com/services/pool-builders/wilton-manors-fl","true","index, follow (por defecto)","true","Luxury Pool Builders in Wilton Manors, FL | Mr & Mrs","Transform your Wilton Manors, FL backyard with custom pools, outdoor kitchens & outdoor living by local experts. Schedule a free consultation.","Luxury Pool Builders & Outdoor Living Contractors in Wilton Manors, Florida","AdministrativeArea | Answer | BreadcrumbList | City | FAQPage | ListItem | LocalBusiness | PropertyValue | Question | Service | State","1","52","none","Custom pool construction","Wilton Manors, FL (South Florida)","","low (one city per URL, same template)","INVESTIGATE","South Florida city page with template copy: keep indexed (existing equity), decide unique content or consolidation with Search Console data per URL."
"https://www.mrandmrsoutdoorliving.com/services/pool-remodeling","service","200","https://www.mrandmrsoutdoorliving.com/services/pool-remodeling","true","index, follow (por defecto)","true","Complete Pool Remodeling in North Florida | Mr & Mrs","Complete pool remodeling in North Florida: resurfacing, tile and coping, equipment upgrades and deck work in one permitted project. Licensed across Florida.","Pool Remodeling & Renovation Services","AdministrativeArea | Answer | BreadcrumbList | FAQPage | ListItem | LocalBusiness | Organization | PropertyValue | Question | Service | State | WebPage","70","12","none","Complete pool remodeling","Florida","complete-pool-remodel-north-florida (transactional, 144 impr.)","none detected","IMPROVE","Primary money page / priority market: improved in this remediation; keep improving with real project evidence."
"https://www.mrandmrsoutdoorliving.com/services/pool-screen-enclosures","service","200","https://www.mrandmrsoutdoorliving.com/services/pool-screen-enclosures","true","index, follow (por defecto)","true","Pool Screen Enclosure Builders & Installation in Florida","Pool screen enclosure installation by licensed contractors in North & South Florida. Debris protection, safety, UV control, and added value.","Pool Screen Enclosures","AdministrativeArea | Answer | BreadcrumbList | FAQPage | ListItem | LocalBusiness | Organization | PropertyValue | Question | Service | State | WebPage","70","15","none","pool screen enclosures","Florida","","none detected","KEEP","Indexable, self-canonical, in sitemap."
"https://www.mrandmrsoutdoorliving.com/services/retractable-screens","service","200","https://www.mrandmrsoutdoorliving.com/services/retractable-screens","true","index, follow (por defecto)","true","Motorized Retractable Screens in Florida","Motorized retractable screen installation by contractors in North & South Florida. Control sun, heat, insects, and privacy.","Motorized Retractable Patio Screens","AdministrativeArea | Answer | BreadcrumbList | FAQPage | ListItem | LocalBusiness | Organization | PropertyValue | Question | Service | State | WebPage","60","15","none","retractable screens","Florida","","none detected","KEEP","Indexable, self-canonical, in sitemap."
"https://www.mrandmrsoutdoorliving.com/services/soffit-led-lighting","service","200","https://www.mrandmrsoutdoorliving.com/services/soffit-led-lighting","true","index, follow (por defecto)","true","Soffit & LED Lighting Installation Contractors in Florida","Smart soffit and LED lighting installation contractors in North & South Florida. Exterior lighting for security, curb appeal, and efficiency.","Smart Soffit & LED Lighting Installation","AdministrativeArea | Answer | BreadcrumbList | FAQPage | ListItem | LocalBusiness | Organization | PropertyValue | Question | Service | State | WebPage","59","15","none","soffit led lighting","Florida","","none detected","KEEP","Indexable, self-canonical, in sitemap."
"https://www.mrandmrsoutdoorliving.com/services/steel-buildings-pole-barns","service","200","https://www.mrandmrsoutdoorliving.com/services/steel-buildings-pole-barns","true","index, follow (por defecto)","true","Steel & Pole Barn Construction Builders in Florida","Steel barn and pole building construction by professional builders in North & South Florida. Hurricane-rated, low-maintenance structures.","Steel Building & Pole Barn","AdministrativeArea | Answer | BreadcrumbList | FAQPage | ListItem | LocalBusiness | Organization | PropertyValue | Question | Service | State | WebPage","57","15","none","steel buildings pole barns","Florida","","none detected","KEEP","Indexable, self-canonical, in sitemap."
"https://www.mrandmrsoutdoorliving.com/testimonials","corporate","200","https://www.mrandmrsoutdoorliving.com/testimonials","true","index, follow (por defecto)","true","Luxury Pool Builder Reviews & Client Testimonials | Florida","Read reviews from homeowners who hired licensed Florida pool builders for custom inground pools and full outdoor living design-build projects.","Customer Reviews & Testimonials","AdministrativeArea | BreadcrumbList | ImageObject | ListItem | LocalBusiness | Organization | PropertyValue | State | WebPage","0","1","none","","Florida","","none detected","KEEP","Indexable, self-canonical, in sitemap."
"https://www.mrandmrsoutdoorliving.com/thank-you","conversion","200","https://www.mrandmrsoutdoorliving.com/thank-you","true","noindex, nofollow","false","Thank you | Mr. & Mrs. Outdoor Living","Your request is with our design-build team.","Your request is in.","AdministrativeArea | BreadcrumbList | ImageObject | ListItem | LocalBusiness | Organization | PropertyValue | State | WebPage | WebSite","0","2","none","","Florida","","none detected","NOINDEX","Conversion confirmation page; intentionally noindex."
"https://www.mrandmrsoutdoorliving.com/where-we-serve","service-area-hub","200","https://www.mrandmrsoutdoorliving.com/where-we-serve","true","index, follow (por defecto)","true","Pool Builders Serving North & South Florida","Licensed pool builders serving 53 cities and 9 counties across North and South Florida, with custom inground pools and outdoor living design-build.","Where We Serve","AdministrativeArea | BreadcrumbList | ImageObject | ListItem | LocalBusiness | Organization | PropertyValue | State | WebPage","0","13","none","","Florida","pool-builders-generic (transactional, 377 impr.)","none detected","KEEP","Indexable, self-canonical, in sitemap."
"https://www.mrandmrsoutdoorliving.com/where-we-serve/north-florida","service-area-hub","200","https://www.mrandmrsoutdoorliving.com/where-we-serve/north-florida","true","index, follow (por defecto)","true","Pool Builders in North Florida | Design-Build","Licensed pool builders in North Florida building custom inground pools and outdoor living, engineered for local soil and long-term durability.","Luxury Pool Builders in North Florida","AdministrativeArea | BreadcrumbList | ImageObject | ListItem | LocalBusiness | Place | PropertyValue | State | WebPage | WebPageElement","19","56","none","","North Florida","regional-north-florida (local, 44 impr.)","none detected","KEEP","Indexable, self-canonical, in sitemap."
"https://www.mrandmrsoutdoorliving.com/where-we-serve/south-florida","service-area-hub","200","https://www.mrandmrsoutdoorliving.com/where-we-serve/south-florida","true","index, follow (por defecto)","true","Pool Builders in South Florida | Design-Build","Licensed pool builders in South Florida building custom inground pools and outdoor living, engineered for coastal conditions and durability.","Luxury Pool Builders in South Florida","AdministrativeArea | BreadcrumbList | ImageObject | ListItem | LocalBusiness | Place | PropertyValue | State | WebPage | WebPageElement","18","51","none","","South Florida","regional-south-florida (local, 601 impr.)","none detected","KEEP","Indexable, self-canonical, in sitemap."
"https://www.mrandmrsoutdoorliving.com/commercial-services/commercial-pool-construction-north-south-florida","redirect","308","","","","false","","","","","0","","308 -> /industry-solutions (200)","","Florida","","resolved by redirect","REDIRECT","Consolidated into its canonical destination (3-oct-2026 migration or legacy)."
"https://www.mrandmrsoutdoorliving.com/commercial-services/commercial-pool-contractors-north-south-florida","redirect","308","","","","false","","","","","0","","308 -> /industry-solutions (200)","","Florida","","resolved by redirect","REDIRECT","Consolidated into its canonical destination (3-oct-2026 migration or legacy)."
"https://www.mrandmrsoutdoorliving.com/commercial-services/commercial-pool-renovations-north-south-florida","redirect","308","","","","false","","","","","0","","308 -> /services/pool-remodeling (200)","Complete pool remodeling","Florida","","resolved by redirect","REDIRECT","Consolidated into its canonical destination (3-oct-2026 migration or legacy)."
"https://www.mrandmrsoutdoorliving.com/where-we-serves/custom-pool-builders-north-florida","redirect","308","","","","false","","","","","0","","308 -> /where-we-serve/north-florida (200)","","North Florida","","resolved by redirect","REDIRECT","Consolidated into its canonical destination (3-oct-2026 migration or legacy)."
"https://www.mrandmrsoutdoorliving.com/where-we-serves/custom-pool-builders-south-florida","redirect","308","","","","false","","","","","0","","308 -> /where-we-serve/south-florida (200)","","South Florida","","resolved by redirect","REDIRECT","Consolidated into its canonical destination (3-oct-2026 migration or legacy)."
"https://www.mrandmrsoutdoorliving.com/services/custom-aluminum-wood-pergola-builders-in-north-south-florida","redirect","308","","","","false","","","","","0","","308 -> /services/pergola-builders (200)","pergola builders","Florida","","resolved by redirect","REDIRECT","Consolidated into its canonical destination (3-oct-2026 migration or legacy)."
"https://www.mrandmrsoutdoorliving.com/excavation","redirect","308","","","","false","","","","","0","","308 -> /services/pool-builders (200)","Custom pool construction","Florida","","resolved by redirect","REDIRECT","Consolidated into its canonical destination (3-oct-2026 migration or legacy)."
"https://www.mrandmrsoutdoorliving.com/pool-builders/pool-builders-southwest-ranches-florida","redirect","308","","","","false","","","","","0","","308 -> /services/pool-builders/southwest-ranches-fl (200)","Custom pool construction","Southwest Ranches, FL (South Florida)","","resolved by redirect","REDIRECT","Consolidated into its canonical destination (3-oct-2026 migration or legacy)."
"https://www.mrandmrsoutdoorliving.com/pool-builders/pool-builders-hallandale-beach-florida","redirect","308","","","","false","","","","","0","","308 -> /services/pool-builders/hallandale-beach-fl (200)","Custom pool construction","Hallandale Beach, FL (South Florida)","","resolved by redirect","REDIRECT","Consolidated into its canonical destination (3-oct-2026 migration or legacy)."
"https://www.mrandmrsoutdoorliving.com/pool-builders/pool-builders-ocala-florida","redirect","308","","","","false","","","","","0","","308 -> /services/pool-builders/ocala-fl (200)","Custom pool construction","Ocala, FL (North Florida)","","resolved by redirect","REDIRECT","Consolidated into its canonical destination (3-oct-2026 migration or legacy)."
"https://www.mrandmrsoutdoorliving.com/pool-builders/pool-builders-north-palm-beach-florida","redirect","308","","","","false","","","","","0","","308 -> /services/pool-builders/north-palm-beach-fl (200)","Custom pool construction","North Palm Beach, FL (South Florida)","","resolved by redirect","REDIRECT","Consolidated into its canonical destination (3-oct-2026 migration or legacy)."
"https://www.mrandmrsoutdoorliving.com/pool-builders/pool-builders-micanopy-florida","redirect","308","","","","false","","","","","0","","308 -> /services/pool-builders/micanopy-fl (200)","Custom pool construction","Micanopy, FL (North Florida)","","resolved by redirect","REDIRECT","Consolidated into its canonical destination (3-oct-2026 migration or legacy)."
"https://www.mrandmrsoutdoorliving.com/pool-builders/pool-builders-west-palm-beach-florida","redirect","308","","","","false","","","","","0","","308 -> /services/pool-builders/west-palm-beach-fl (200)","Custom pool construction","West Palm Beach, FL (South Florida)","","resolved by redirect","REDIRECT","Consolidated into its canonical destination (3-oct-2026 migration or legacy)."
"https://www.mrandmrsoutdoorliving.com/pool-builders/pool-builders-mcintosh-florida","redirect","308","","","","false","","","","","0","","308 -> /services/pool-builders/mcintosh-fl (200)","Custom pool construction","Mcintosh, FL (North Florida)","","resolved by redirect","REDIRECT","Consolidated into its canonical destination (3-oct-2026 migration or legacy)."
"https://www.mrandmrsoutdoorliving.com/services/custom-pool-spa-builders-in-north-south-florida","redirect","308","","","","false","","","","","0","","308 -> /services/pool-builders (200)","Custom pool construction","Florida","","resolved by redirect","REDIRECT","Consolidated into its canonical destination (3-oct-2026 migration or legacy)."
"https://www.mrandmrsoutdoorliving.com/services/pool-remodeling-renovation-in-north-south-florida","redirect","308","","","","false","","","","","0","","308 -> /services/pool-remodeling (200)","Complete pool remodeling","Florida","","resolved by redirect","REDIRECT","Consolidated into its canonical destination (3-oct-2026 migration or legacy)."
"https://www.mrandmrsoutdoorliving.com/services/custom-aluminum-pergola-builders-in-north-south-florida","redirect","308","","","","false","","","","","0","","308 -> /services/pergola-builders (200)","pergola builders","Florida","","resolved by redirect","REDIRECT","Consolidated into its canonical destination (3-oct-2026 migration or legacy)."
"https://www.mrandmrsoutdoorliving.com/services/custom-outdoor-kitchens-for-north-south-florida-homes","redirect","308","","","","false","","","","","0","","308 -> /services/outdoor-kitchens (200)","outdoor kitchens","Florida","","resolved by redirect","REDIRECT","Consolidated into its canonical destination (3-oct-2026 migration or legacy)."
"https://www.mrandmrsoutdoorliving.com/services/motorized-louvered-roof-systems-in-north-south-florida","redirect","308","","","","false","","","","","0","","308 -> /services/louvered-roofs (200)","louvered roofs","Florida","","resolved by redirect","REDIRECT","Consolidated into its canonical destination (3-oct-2026 migration or legacy)."
"https://www.mrandmrsoutdoorliving.com/services/motorized-retractable-screens-in-north-south-florida","redirect","308","","","","false","","","","","0","","308 -> /services/retractable-screens (200)","retractable screens","Florida","","resolved by redirect","REDIRECT","Consolidated into its canonical destination (3-oct-2026 migration or legacy)."
"https://www.mrandmrsoutdoorliving.com/services/patio-screen-rooms-enclosures-in-north-south-florida","redirect","308","","","","false","","","","","0","","308 -> /services/patio-screen-rooms (200)","patio screen rooms","Florida","","resolved by redirect","REDIRECT","Consolidated into its canonical destination (3-oct-2026 migration or legacy)."
"https://www.mrandmrsoutdoorliving.com/services/pool-screen-enclosures-for-north-south-florida-pools","redirect","308","","","","false","","","","","0","","308 -> /services/pool-screen-enclosures (200)","pool screen enclosures","Florida","","resolved by redirect","REDIRECT","Consolidated into its canonical destination (3-oct-2026 migration or legacy)."
"https://www.mrandmrsoutdoorliving.com/services/custom-deck-builders-in-north-south-florida","redirect","308","","","","false","","","","","0","","308 -> /services/deck-builders (200)","deck builders","Florida","","resolved by redirect","REDIRECT","Consolidated into its canonical destination (3-oct-2026 migration or legacy)."
"https://www.mrandmrsoutdoorliving.com/services/professional-landscaping-services-in-north-south-florida","redirect","308","","","","false","","","","","0","","308 -> /services/landscaping (200)","landscaping","Florida","","resolved by redirect","REDIRECT","Consolidated into its canonical destination (3-oct-2026 migration or legacy)."
"https://www.mrandmrsoutdoorliving.com/services/smart-irrigation-system-installation-in-north-south-florida","redirect","308","","","","false","","","","","0","","308 -> /services/irrigation-systems (200)","irrigation systems","Florida","","resolved by redirect","REDIRECT","Consolidated into its canonical destination (3-oct-2026 migration or legacy)."
"https://www.mrandmrsoutdoorliving.com/services/premium-outdoor-furniture-for-north-south-florida-homes","redirect","308","","","","false","","","","","0","","308 -> /services/outdoor-furniture (200)","outdoor furniture","Florida","","resolved by redirect","REDIRECT","Consolidated into its canonical destination (3-oct-2026 migration or legacy)."
"https://www.mrandmrsoutdoorliving.com/services/steel-building-pole-barn-construction-in-north-south-florida","redirect","308","","","","false","","","","","0","","308 -> /services/steel-buildings-pole-barns (200)","steel buildings pole barns","Florida","","resolved by redirect","REDIRECT","Consolidated into its canonical destination (3-oct-2026 migration or legacy)."
"https://www.mrandmrsoutdoorliving.com/services/smart-soffit-led-lighting-installation-in-north-south-florida","redirect","308","","","","false","","","","","0","","308 -> /services/soffit-led-lighting (200)","soffit led lighting","Florida","","resolved by redirect","REDIRECT","Consolidated into its canonical destination (3-oct-2026 migration or legacy)."
"https://www.mrandmrsoutdoorliving.com/pool-builders/alachua-florida","redirect","308","","","","false","","","","","0","","308 -> /services/pool-builders/alachua-fl (200)","Custom pool construction","Alachua, FL (North Florida)","","resolved by redirect","REDIRECT","Consolidated into its canonical destination (3-oct-2026 migration or legacy)."
"https://www.mrandmrsoutdoorliving.com/pool-builders/archer-florida","redirect","308","","","","false","","","","","0","","308 -> /services/pool-builders/archer-fl (200)","Custom pool construction","Archer, FL (North Florida)","","resolved by redirect","REDIRECT","Consolidated into its canonical destination (3-oct-2026 migration or legacy)."
"https://www.mrandmrsoutdoorliving.com/pool-builders/atlantis-florida","redirect","308","","","","false","","","","","0","","308 -> /services/pool-builders/atlantis-fl (200)","Custom pool construction","Atlantis, FL (South Florida)","","resolved by redirect","REDIRECT","Consolidated into its canonical destination (3-oct-2026 migration or legacy)."
"https://www.mrandmrsoutdoorliving.com/pool-builders/beach-florida","redirect","308","","","","false","","","","","0","","308 -> /services/pool-builders/hillsboro-beach-fl (200)","Custom pool construction","Hillsboro Beach, FL (South Florida)","","resolved by redirect","REDIRECT","Consolidated into its canonical destination (3-oct-2026 migration or legacy)."
"https://www.mrandmrsoutdoorliving.com/pool-builders/boca-raton-florida","redirect","308","","","","false","","","","","0","","308 -> /services/pool-builders/boca-raton-fl (200)","Custom pool construction","Boca Raton, FL (South Florida)","","resolved by redirect","REDIRECT","Consolidated into its canonical destination (3-oct-2026 migration or legacy)."
"https://www.mrandmrsoutdoorliving.com/pool-builders/boynton-beach-florida","redirect","308","","","","false","","","","","0","","308 -> /services/pool-builders/boynton-beach-fl (200)","Custom pool construction","Boynton Beach, FL (South Florida)","","resolved by redirect","REDIRECT","Consolidated into its canonical destination (3-oct-2026 migration or legacy)."
"https://www.mrandmrsoutdoorliving.com/pool-builders/cedar-key-florida","redirect","308","","","","false","","","","","0","","308 -> /services/pool-builders/cedar-key-fl (200)","Custom pool construction","Cedar Key, FL (North Florida)","","resolved by redirect","REDIRECT","Consolidated into its canonical destination (3-oct-2026 migration or legacy)."
"https://www.mrandmrsoutdoorliving.com/pool-builders/chiefland-florida","redirect","308","","","","false","","","","","0","","308 -> /services/pool-builders/chiefland-fl (200)","Custom pool construction","Chiefland, FL (North Florida)","","resolved by redirect","REDIRECT","Consolidated into its canonical destination (3-oct-2026 migration or legacy)."
"https://www.mrandmrsoutdoorliving.com/pool-builders/cross-city-florida","redirect","308","","","","false","","","","","0","","308 -> /services/pool-builders/cross-city-fl (200)","Custom pool construction","Cross City, FL (North Florida)","","resolved by redirect","REDIRECT","Consolidated into its canonical destination (3-oct-2026 migration or legacy)."
"https://www.mrandmrsoutdoorliving.com/pool-builders/dania-beach-florida","redirect","308","","","","false","","","","","0","","308 -> /services/pool-builders/dania-beach-fl (200)","Custom pool construction","Dania Beach, FL (South Florida)","","resolved by redirect","REDIRECT","Consolidated into its canonical destination (3-oct-2026 migration or legacy)."
"https://www.mrandmrsoutdoorliving.com/pool-builders/davie-florida","redirect","308","","","","false","","","","","0","","308 -> /services/pool-builders/davie-fl (200)","Custom pool construction","Davie, FL (South Florida)","","resolved by redirect","REDIRECT","Consolidated into its canonical destination (3-oct-2026 migration or legacy)."
"https://www.mrandmrsoutdoorliving.com/pool-builders/deerfield-beach-florida","redirect","308","","","","false","","","","","0","","308 -> /services/pool-builders/deerfield-beach-fl (200)","Custom pool construction","Deerfield Beach, FL (South Florida)","","resolved by redirect","REDIRECT","Consolidated into its canonical destination (3-oct-2026 migration or legacy)."
"https://www.mrandmrsoutdoorliving.com/pool-builders/delray-beach-florida","redirect","308","","","","false","","","","","0","","308 -> /services/pool-builders/delray-beach-fl (200)","Custom pool construction","Delray Beach, FL (South Florida)","","resolved by redirect","REDIRECT","Consolidated into its canonical destination (3-oct-2026 migration or legacy)."
"https://www.mrandmrsoutdoorliving.com/pool-builders/fanning-springs-florida","redirect","308","","","","false","","","","","0","","308 -> /services/pool-builders/fanning-springs-fl (200)","Custom pool construction","Fanning Springs, FL (North Florida)","","resolved by redirect","REDIRECT","Consolidated into its canonical destination (3-oct-2026 migration or legacy)."
"https://www.mrandmrsoutdoorliving.com/pool-builders/fort-lauderdale-florida","redirect","308","","","","false","","","","","0","","308 -> /services/pool-builders/fort-lauderdale-fl (200)","Custom pool construction","Fort Lauderdale, FL (South Florida)","","resolved by redirect","REDIRECT","Consolidated into its canonical destination (3-oct-2026 migration or legacy)."
"https://www.mrandmrsoutdoorliving.com/pool-builders/gainesville-florida","redirect","308","","","","false","","","","","0","","308 -> /services/pool-builders/gainesville-fl (200)","Custom pool construction","Gainesville, FL (North Florida)","","resolved by redirect","REDIRECT","Consolidated into its canonical destination (3-oct-2026 migration or legacy)."
"https://www.mrandmrsoutdoorliving.com/pool-builders/gulf-stream-florida","redirect","308","","","","false","","","","","0","","308 -> /services/pool-builders/gulf-stream-fl (200)","Custom pool construction","Gulf Stream, FL (South Florida)","","resolved by redirect","REDIRECT","Consolidated into its canonical destination (3-oct-2026 migration or legacy)."
"https://www.mrandmrsoutdoorliving.com/pool-builders/hallandale-beach-florida","redirect","308","","","","false","","","","","0","","308 -> /services/pool-builders/hallandale-beach-fl (200)","Custom pool construction","Hallandale Beach, FL (South Florida)","","resolved by redirect","REDIRECT","Consolidated into its canonical destination (3-oct-2026 migration or legacy)."
"https://www.mrandmrsoutdoorliving.com/pool-builders/hawthorne-florida","redirect","308","","","","false","","","","","0","","308 -> /services/pool-builders/hawthorne-fl (200)","Custom pool construction","Hawthorne, FL (North Florida)","","resolved by redirect","REDIRECT","Consolidated into its canonical destination (3-oct-2026 migration or legacy)."
"https://www.mrandmrsoutdoorliving.com/pool-builders/high-springs-florida","redirect","308","","","","false","","","","","0","","308 -> /services/pool-builders/high-springs-fl (200)","Custom pool construction","High Springs, FL (North Florida)","","resolved by redirect","REDIRECT","Consolidated into its canonical destination (3-oct-2026 migration or legacy)."
"https://www.mrandmrsoutdoorliving.com/pool-builders/hollywood-florida","redirect","308","","","","false","","","","","0","","308 -> /services/pool-builders/hollywood-fl (200)","Custom pool construction","Hollywood, FL (South Florida)","","resolved by redirect","REDIRECT","Consolidated into its canonical destination (3-oct-2026 migration or legacy)."
"https://www.mrandmrsoutdoorliving.com/pool-builders/hypoluxo-florida","redirect","308","","","","false","","","","","0","","308 -> /services/pool-builders/hypoluxo-fl (200)","Custom pool construction","Hypoluxo, FL (South Florida)","","resolved by redirect","REDIRECT","Consolidated into its canonical destination (3-oct-2026 migration or legacy)."
"https://www.mrandmrsoutdoorliving.com/pool-builders/juno-beach-florida","redirect","308","","","","false","","","","","0","","308 -> /services/pool-builders/juno-beach-fl (200)","Custom pool construction","Juno Beach, FL (South Florida)","","resolved by redirect","REDIRECT","Consolidated into its canonical destination (3-oct-2026 migration or legacy)."
"https://www.mrandmrsoutdoorliving.com/pool-builders/jupiter-florida","redirect","308","","","","false","","","","","0","","308 -> /services/pool-builders/jupiter-fl (200)","Custom pool construction","Jupiter, FL (South Florida)","","resolved by redirect","REDIRECT","Consolidated into its canonical destination (3-oct-2026 migration or legacy)."
"https://www.mrandmrsoutdoorliving.com/pool-builders/lake-city-florida","redirect","308","","","","false","","","","","0","","308 -> /services/pool-builders/lake-city-fl (200)","Custom pool construction","Lake City, FL (North Florida)","","resolved by redirect","REDIRECT","Consolidated into its canonical destination (3-oct-2026 migration or legacy)."
"https://www.mrandmrsoutdoorliving.com/pool-builders/lighthouse-point-florida","redirect","308","","","","false","","","","","0","","308 -> /services/pool-builders/lighthouse-point-fl (200)","Custom pool construction","Lighthouse Point, FL (South Florida)","","resolved by redirect","REDIRECT","Consolidated into its canonical destination (3-oct-2026 migration or legacy)."
"https://www.mrandmrsoutdoorliving.com/pool-builders/manalapan-florida","redirect","308","","","","false","","","","","0","","308 -> /services/pool-builders/manalapan-fl (200)","Custom pool construction","Manalapan, FL (South Florida)","","resolved by redirect","REDIRECT","Consolidated into its canonical destination (3-oct-2026 migration or legacy)."
"https://www.mrandmrsoutdoorliving.com/pool-builders/mcintosh-florida","redirect","308","","","","false","","","","","0","","308 -> /services/pool-builders/mcintosh-fl (200)","Custom pool construction","Mcintosh, FL (North Florida)","","resolved by redirect","REDIRECT","Consolidated into its canonical destination (3-oct-2026 migration or legacy)."
"https://www.mrandmrsoutdoorliving.com/pool-builders/micanopy-florida","redirect","308","","","","false","","","","","0","","308 -> /services/pool-builders/micanopy-fl (200)","Custom pool construction","Micanopy, FL (North Florida)","","resolved by redirect","REDIRECT","Consolidated into its canonical destination (3-oct-2026 migration or legacy)."
"https://www.mrandmrsoutdoorliving.com/pool-builders/miramar-florida","redirect","308","","","","false","","","","","0","","308 -> /services/pool-builders/miramar-fl (200)","Custom pool construction","Miramar, FL (South Florida)","","resolved by redirect","REDIRECT","Consolidated into its canonical destination (3-oct-2026 migration or legacy)."
"https://www.mrandmrsoutdoorliving.com/pool-builders/newberry-florida","redirect","308","","","","false","","","","","0","","308 -> /services/pool-builders/newberry-fl (200)","Custom pool construction","Newberry, FL (North Florida)","","resolved by redirect","REDIRECT","Consolidated into its canonical destination (3-oct-2026 migration or legacy)."
"https://www.mrandmrsoutdoorliving.com/pool-builders/north-palm-beach-florida","redirect","308","","","","false","","","","","0","","308 -> /services/pool-builders/north-palm-beach-fl (200)","Custom pool construction","North Palm Beach, FL (South Florida)","","resolved by redirect","REDIRECT","Consolidated into its canonical destination (3-oct-2026 migration or legacy)."
"https://www.mrandmrsoutdoorliving.com/pool-builders/ocala-florida","redirect","308","","","","false","","","","","0","","308 -> /services/pool-builders/ocala-fl (200)","Custom pool construction","Ocala, FL (North Florida)","","resolved by redirect","REDIRECT","Consolidated into its canonical destination (3-oct-2026 migration or legacy)."
"https://www.mrandmrsoutdoorliving.com/pool-builders/ocean-ridge-florida","redirect","308","","","","false","","","","","0","","308 -> /services/pool-builders/ocean-ridge-fl (200)","Custom pool construction","Ocean Ridge, FL (South Florida)","","resolved by redirect","REDIRECT","Consolidated into its canonical destination (3-oct-2026 migration or legacy)."
"https://www.mrandmrsoutdoorliving.com/pool-builders/old-town-florida","redirect","308","","","","false","","","","","0","","308 -> /services/pool-builders/old-town-fl (200)","Custom pool construction","Old Town, FL (North Florida)","","resolved by redirect","REDIRECT","Consolidated into its canonical destination (3-oct-2026 migration or legacy)."
"https://www.mrandmrsoutdoorliving.com/pool-builders/palatka-florida","redirect","308","","","","false","","","","","0","","308 -> /services/pool-builders/palatka-fl (200)","Custom pool construction","Palatka, FL (North Florida)","","resolved by redirect","REDIRECT","Consolidated into its canonical destination (3-oct-2026 migration or legacy)."
"https://www.mrandmrsoutdoorliving.com/pool-builders/palm-beach-gardens-florida","redirect","308","","","","false","","","","","0","","308 -> /services/pool-builders/palm-beach-gardens-fl (200)","Custom pool construction","Palm Beach Gardens, FL (South Florida)","","resolved by redirect","REDIRECT","Consolidated into its canonical destination (3-oct-2026 migration or legacy)."
"https://www.mrandmrsoutdoorliving.com/pool-builders/parkland-florida","redirect","308","","","","false","","","","","0","","308 -> /services/pool-builders/parkland-fl (200)","Custom pool construction","Parkland, FL (South Florida)","","resolved by redirect","REDIRECT","Consolidated into its canonical destination (3-oct-2026 migration or legacy)."
"https://www.mrandmrsoutdoorliving.com/pool-builders/pembroke-pines-florida","redirect","308","","","","false","","","","","0","","308 -> /services/pool-builders/pembroke-pines-fl (200)","Custom pool construction","Pembroke Pines, FL (South Florida)","","resolved by redirect","REDIRECT","Consolidated into its canonical destination (3-oct-2026 migration or legacy)."
"https://www.mrandmrsoutdoorliving.com/pool-builders/plantation-florida","redirect","308","","","","false","","","","","0","","308 -> /services/pool-builders/plantation-fl (200)","Custom pool construction","Plantation, FL (South Florida)","","resolved by redirect","REDIRECT","Consolidated into its canonical destination (3-oct-2026 migration or legacy)."
"https://www.mrandmrsoutdoorliving.com/pool-builders/pompano-beach-florida","redirect","308","","","","false","","","","","0","","308 -> /services/pool-builders/pompano-beach-fl (200)","Custom pool construction","Pompano Beach, FL (South Florida)","","resolved by redirect","REDIRECT","Consolidated into its canonical destination (3-oct-2026 migration or legacy)."
"https://www.mrandmrsoutdoorliving.com/pool-builders/reddick-florida","redirect","308","","","","false","","","","","0","","308 -> /services/pool-builders/reddick-fl (200)","Custom pool construction","Reddick, FL (North Florida)","","resolved by redirect","REDIRECT","Consolidated into its canonical destination (3-oct-2026 migration or legacy)."
"https://www.mrandmrsoutdoorliving.com/pool-builders/royal-palm-beach-florida","redirect","308","","","","false","","","","","0","","308 -> /services/pool-builders/royal-palm-beach-fl (200)","Custom pool construction","Royal Palm Beach, FL (South Florida)","","resolved by redirect","REDIRECT","Consolidated into its canonical destination (3-oct-2026 migration or legacy)."
"https://www.mrandmrsoutdoorliving.com/pool-builders/south-palm-beach-florida","redirect","308","","","","false","","","","","0","","308 -> /services/pool-builders/south-palm-beach-fl (200)","Custom pool construction","South Palm Beach, FL (South Florida)","","resolved by redirect","REDIRECT","Consolidated into its canonical destination (3-oct-2026 migration or legacy)."
"https://www.mrandmrsoutdoorliving.com/pool-builders/southwest-ranches-florida","redirect","308","","","","false","","","","","0","","308 -> /services/pool-builders/southwest-ranches-fl (200)","Custom pool construction","Southwest Ranches, FL (South Florida)","","resolved by redirect","REDIRECT","Consolidated into its canonical destination (3-oct-2026 migration or legacy)."
"https://www.mrandmrsoutdoorliving.com/pool-builders/tequesta-florida","redirect","308","","","","false","","","","","0","","308 -> /services/pool-builders/tequesta-fl (200)","Custom pool construction","Tequesta, FL (South Florida)","","resolved by redirect","REDIRECT","Consolidated into its canonical destination (3-oct-2026 migration or legacy)."
"https://www.mrandmrsoutdoorliving.com/pool-builders/trenton-florida","redirect","308","","","","false","","","","","0","","308 -> /services/pool-builders/trenton-fl (200)","Custom pool construction","Trenton, FL (North Florida)","","resolved by redirect","REDIRECT","Consolidated into its canonical destination (3-oct-2026 migration or legacy)."
"https://www.mrandmrsoutdoorliving.com/pool-builders/waldo-florida","redirect","308","","","","false","","","","","0","","308 -> /services/pool-builders/waldo-fl (200)","Custom pool construction","Waldo, FL (North Florida)","","resolved by redirect","REDIRECT","Consolidated into its canonical destination (3-oct-2026 migration or legacy)."
"https://www.mrandmrsoutdoorliving.com/pool-builders/wellington-florida","redirect","308","","","","false","","","","","0","","308 -> /services/pool-builders/wellington-fl (200)","Custom pool construction","Wellington, FL (South Florida)","","resolved by redirect","REDIRECT","Consolidated into its canonical destination (3-oct-2026 migration or legacy)."
"https://www.mrandmrsoutdoorliving.com/pool-builders/west-palm-beach-florida","redirect","308","","","","false","","","","","0","","308 -> /services/pool-builders/west-palm-beach-fl (200)","Custom pool construction","West Palm Beach, FL (South Florida)","","resolved by redirect","REDIRECT","Consolidated into its canonical destination (3-oct-2026 migration or legacy)."
"https://www.mrandmrsoutdoorliving.com/pool-builders/weston-florida","redirect","308","","","","false","","","","","0","","308 -> /services/pool-builders/weston-fl (200)","Custom pool construction","Weston, FL (South Florida)","","resolved by redirect","REDIRECT","Consolidated into its canonical destination (3-oct-2026 migration or legacy)."
"https://www.mrandmrsoutdoorliving.com/pool-builders/williston-florida","redirect","308","","","","false","","","","","0","","308 -> /services/pool-builders/williston-fl (200)","Custom pool construction","Williston, FL (North Florida)","","resolved by redirect","REDIRECT","Consolidated into its canonical destination (3-oct-2026 migration or legacy)."
"https://www.mrandmrsoutdoorliving.com/pool-builders/wilton-manors-florida","redirect","308","","","","false","","","","","0","","308 -> /services/pool-builders/wilton-manors-fl (200)","Custom pool construction","Wilton Manors, FL (South Florida)","","resolved by redirect","REDIRECT","Consolidated into its canonical destination (3-oct-2026 migration or legacy)."
"https://www.mrandmrsoutdoorliving.com/country/custom-pool-builders-alachua-county-fl","redirect","308","","","","false","","","","","0","","308 -> /services/pool-builders/alachua-county-fl (200)","Custom pool construction","Alachua County, FL","","resolved by redirect","REDIRECT","Consolidated into its canonical destination (3-oct-2026 migration or legacy)."
"https://www.mrandmrsoutdoorliving.com/country/custom-pool-builders-broward-county-fl","redirect","308","","","","false","","","","","0","","308 -> /services/pool-builders/broward-county-fl (200)","Custom pool construction","Broward County, FL","","resolved by redirect","REDIRECT","Consolidated into its canonical destination (3-oct-2026 migration or legacy)."
"https://www.mrandmrsoutdoorliving.com/country/custom-pool-builders-columbia-county-fl","redirect","308","","","","false","","","","","0","","308 -> /services/pool-builders/columbia-county-fl (200)","Custom pool construction","Columbia County, FL","","resolved by redirect","REDIRECT","Consolidated into its canonical destination (3-oct-2026 migration or legacy)."
"https://www.mrandmrsoutdoorliving.com/country/custom-pool-builders-dixie-county-fl","redirect","308","","","","false","","","","","0","","308 -> /services/pool-builders/dixie-county-fl (200)","Custom pool construction","Dixie County, FL","","resolved by redirect","REDIRECT","Consolidated into its canonical destination (3-oct-2026 migration or legacy)."
"https://www.mrandmrsoutdoorliving.com/country/custom-pool-builders-gilchrist-county-fl","redirect","308","","","","false","","","","","0","","308 -> /services/pool-builders/gilchrist-county-fl (200)","Custom pool construction","Gilchrist County, FL","","resolved by redirect","REDIRECT","Consolidated into its canonical destination (3-oct-2026 migration or legacy)."
"https://www.mrandmrsoutdoorliving.com/country/custom-pool-builders-levy-county-fl","redirect","308","","","","false","","","","","0","","308 -> /services/pool-builders/levy-county-fl (200)","Custom pool construction","Levy County, FL","","resolved by redirect","REDIRECT","Consolidated into its canonical destination (3-oct-2026 migration or legacy)."
"https://www.mrandmrsoutdoorliving.com/country/custom-pool-builders-marion-county-fl","redirect","308","","","","false","","","","","0","","308 -> /services/pool-builders/marion-county-fl (200)","Custom pool construction","Marion County, FL","","resolved by redirect","REDIRECT","Consolidated into its canonical destination (3-oct-2026 migration or legacy)."
"https://www.mrandmrsoutdoorliving.com/country/custom-pool-builders-palm-beach-county-fl","redirect","308","","","","false","","","","","0","","308 -> /services/pool-builders/palm-beach-county-fl (200)","Custom pool construction","Palm Beach County, FL","","resolved by redirect","REDIRECT","Consolidated into its canonical destination (3-oct-2026 migration or legacy)."
"https://www.mrandmrsoutdoorliving.com/country/custom-pool-builders-putnam-county-fl","redirect","308","","","","false","","","","","0","","308 -> /services/pool-builders/putnam-county-fl (200)","Custom pool construction","Putnam County, FL","","resolved by redirect","REDIRECT","Consolidated into its canonical destination (3-oct-2026 migration or legacy)."
