"url","nombreFinal","ext","alt","nUsos","usos"
"https://cdn.prod.website-files.com/68236ade63ce8f10f54939cb/6841efa48def69660e6eb254_Black.svg","black.svg","svg","","8","html:about.html | html:detail_country.html | html:detail_pool-builders.html | html:detail_services.html | html:detail_services.html | html:detail_where-we-serves.html | html:index.html | html:request-estimated.html"
"https://cdn.prod.website-files.com/68f185eb546f2dc686d244e0/692d0e062103e720d23fa2c1_Logo%20MR%20%26%20MR.svg","logo-mr-mr.svg","svg","","12","html:about.html | html:blogs-tips.html | html:contact-us.html | html:detail_articles.html | html:detail_blogs.html | html:index.html | html:industry-solutions.html | html:pool-cost-estimator.html | html:projects.html | html:testimonials.html | html:videos.html | html:where-we-serve.html"
"https://cdn.prod.website-files.com/68f185eb546f2dc686d244e0/69388c52b4abd2fbfb35e629_HeroImage%20About.webp","heroimage-about.webp","webp","","1","html:about.html"
"https://cdn.prod.website-files.com/68f185eb546f2dc686d244e0%2F694316d3e547a0d88bb00c07_BG-Video-3D_poster.0000000.jpg","bg-video-3d-poster.0000000.jpg","jpg","","12","html:detail_country.html | html:detail_country.html | html:detail_country.html | html:detail_pool-builders.html | html:detail_pool-builders.html | html:detail_pool-builders.html | html:detail_where-we-serves.html | html:detail_where-we-serves.html | html:detail_where-we-serves.html | html:index.html | html:index.html | html:index.html"
"https://cdn.prod.website-files.com/68f185eb546f2dc686d244e0%2F69503f0a5801c9752c6c0013_bg%20video_poster.0000000.jpg","bg-video-poster.0000000.jpg","jpg","","4","html:detail_pool-builders.html | html:detail_pool-builders.html | html:detail_where-we-serves.html | html:detail_where-we-serves.html"
"https://cdn.prod.website-files.com/68f185eb546f2dc686d244e0%2F69ea79f35152dca3bd05f689_BG-video%20%281%29_poster.0000000.jpg","bg-video-1-poster.0000000.jpg","jpg","","3","html:index.html | html:index.html | html:index.html"
"https://cdn.prod.website-files.com/68f18633d5478a29ee1522e9/69447de9b9a5e863d0159fd0_Icon_5pergolas.svg","icon-5pergolas.svg","svg","","1","subservices.Icon#residential-commercial-pergolas"
"https://cdn.prod.website-files.com/68f18633d5478a29ee1522e9/69471c9d7f5690871a4bba90__custom-pool-spa-builders-florida-02.jpg","custom-pool-spa-builders-florida-02.jpg","jpg","Aerial view of a custom-built luxury pool with integrated spa, showcasing precision pool construction by licensed Florida pool contractors.","1","images.Image#pool-construction-2"
"https://cdn.prod.website-files.com/68f18633d5478a29ee1522e9/69471cb1f36ce8dce4b4efea__custom-pool-spa-builders-florida-03.jpg","custom-pool-spa-builders-florida-03.jpg","jpg","Elegant residential pool and spa design with premium finishes and tropical landscaping, crafted by custom pool builders in South Florida.","1","images.Image#pool-construction-3"
"https://cdn.prod.website-files.com/68f18633d5478a29ee1522e9/6947452d8c534b92f7e69a08_693251624f27c6a665a13b29_motorized-pergolas-contractors-miami.webp","motorized-pergolas-contractors-miami.webp","webp","Professional commercial pool construction at Florida resort, highlighting scale and quality","30","commercials.Image Page#commercial-pool-construction-north-south-florida | commercials.Image Animation 1#commercial-pool-construction-north-south-florida | commercials.Image Animation 2#commercial-pool-construction-north-south-florida | commercials.Image Animation 3#commercial-pool-construction-north-south-florida | commercials.Img Feature 1#commercial-pool-construction-north-south-florida | commercials.Img Feature 2#commercial-pool-construction-north-south-florida | commercials.Img Feature 3#commercial-pool-construction-north-south-florida | commercials.Img Feature 4#commercial-pool-construction-north-south-florida | commercials.Img Feature 5#commercial-pool-construction-north-south-florida | commercials.Img Feature 6#commercial-pool-construction-north-south-florida | commercials.Image Page#commercial-pool-contractors-north-south-florida | commercials.Image Animation 1#commercial-pool-contractors-north-south-florida | commercials.Image Animation 2#commercial-pool-contractors-north-south-florida | commercials.Image Animation 3#commercial-pool-contractors-north-south-florida | commercials.Img Feature 1#commercial-pool-contractors-north-south-florida | commercials.Img Feature 2#commercial-pool-contractors-north-south-florida | commercials.Img Feature 3#commercial-pool-contractors-north-south-florida | commercials.Img Feature 4#commercial-pool-contractors-north-south-florida | commercials.Img Feature 5#commercial-pool-contractors-north-south-florida | commercials.Img Feature 6#commercial-pool-contractors-north-south-florida | commercials.Image Page#commercial-pool-renovations-north-south-florida | commercials.Image Animation 1#commercial-pool-renovations-north-south-florida | commercials.Image Animation 2#commercial-pool-renovations-north-south-florida | commercials.Image Animation 3#commercial-pool-renovations-north-south-florida | commercials.Img Feature 1#commercial-pool-renovations-north-south-florida | commercials.Img Feature 2#commercial-pool-renovations-north-south-florida | commercials.Img Feature 3#commercial-pool-renovations-north-south-florida | commercials.Img Feature 4#commercial-pool-renovations-north-south-florida | commercials.Img Feature 5#commercial-pool-renovations-north-south-florida | commercials.Img Feature 6#commercial-pool-renovations-north-south-florida"
"https://cdn.prod.website-files.com/68f18633d5478a29ee1522e9/69483054f7e722bdab27c2d2_custom-pool-remodeling-contractors-florida-01.jpg","custom-pool-remodeling-contractors-florida-01.jpg","jpg","Custom pool and spa construction with integrated pergola by experienced builders in North & South Florida, designed for upscale outdoor living.","1","images.Image#pool-remodeling-1"
"https://cdn.prod.website-files.com/68f18633d5478a29ee1522e9/694832360f4750fbeeee95d3_custom-pergola-patio-cover-builders-florida-01.jpg","custom-pergola-patio-cover-builders-florida-01.jpg","jpg","Custom aluminum patio cover installation by Florida pergola builders, providing shaded outdoor living space with modern structure.","1","images.Image#pergolas-1"
"https://cdn.prod.website-files.com/68f18633d5478a29ee1522e9/694833c16a9a8de4104f7f82_motorized-louvered-roof-installers-florida-01.jpg","motorized-louvered-roof-installers-florida-01.jpg","jpg","Motorized louvered roof installed over patio, providing adjustable shade, ventilation, and weather protection in Florida homes.","1","images.Image#motorized-louvered-roof-1"
"https://cdn.prod.website-files.com/68f18633d5478a29ee1522e9/694835ecde2a6de57b95c715_custom-deck-builders-contractors-north-south-florida-01.jpg","custom-deck-builders-contractors-north-south-florida-01.jpg","jpg","Custom composite deck with pergola structure installed by licensed deck builders in South Florida.","1","images.Image#deck-1"
"https://cdn.prod.website-files.com/68f18633d5478a29ee1522e9/69483da6b0d1021cd54cb1c5_pool-screen-enclosure-builders-florida-01.jpg","pool-screen-enclosure-builders-florida-01.jpg","jpg","Luxury pool screen enclosure with covered patio built by professional pool enclosure contractors in North and South Florida.","1","images.Image#pool-screen-1"
"https://cdn.prod.website-files.com/68f18633d5478a29ee1522e9/69483db06c1c5a70b5a6d806_pool-screen-enclosure-builders-florida-02.jpg","pool-screen-enclosure-builders-florida-02.jpg","jpg","Custom pool screen enclosure with outdoor kitchen and seating installed by licensed Florida pool enclosure builders.","1","images.Image#pool-screen-2"
"https://cdn.prod.website-files.com/68f18633d5478a29ee1522e9/694ed6b1240f0c641998ed48_wood-deck-installation-florida.avif","wood-deck-installation-florida.avif","avif","Wood deck installation enhancing a Florida backyard outdoor living area","1","residentials.Image Animation 1#custom-deck-builders-in-north-south-florida"
"https://cdn.prod.website-files.com/68f18633d5478a29ee1522e9/6951743688e8d33a1ee2672f_luxury-pool-pergola-outdoor-kitchen-south-florida-1.avif","luxury-pool-pergola-outdoor-kitchen-south-florida-1.avif","avif","","1","html:projects.html"
"https://cdn.prod.website-files.com/68f18633d5478a29ee1522e9/695175762b48d3ab1d8f808a_luxury-pool-pergola-outdoor-living-south-florida-1.avif","luxury-pool-pergola-outdoor-living-south-florida-1.avif","avif","","1","html:projects.html"
"https://cdn.prod.website-files.com/68f18633d5478a29ee1522e9/6951777bfebab37abc8cb3d0_luxury-pool-motorized-pergola-screens-south-florida-1.avif","luxury-pool-motorized-pergola-screens-south-florida-1.avif","avif","","1","html:projects.html"
"https://cdn.prod.website-files.com/68f18633d5478a29ee1522e9/6951790ed422d65521219e78_luxury-pool-spa-screen-enclosure-outdoor-kitchen-florida-1.avif","luxury-pool-spa-screen-enclosure-outdoor-kitchen-florida-1.avif","avif","","1","html:projects.html"
"https://cdn.prod.website-files.com/68f18633d5478a29ee1522e9/69517b62f17e6a5a37dc6708_luxury-pool-motorized-pergola-outdoor-kitchen-north-florida-1.avif","luxury-pool-motorized-pergola-outdoor-kitchen-north-florida-1.avif","avif","","1","html:projects.html"
"https://cdn.prod.website-files.com/68f18633d5478a29ee1522e9/69517e321b15c0725b372070_luxury-pool-spa-screen-enclosure-north-florida-project-1.avif","luxury-pool-spa-screen-enclosure-north-florida-project-1.avif","avif","","1","html:projects.html"
"https://cdn.prod.website-files.com/68f18633d5478a29ee1522e9/69517ffc9f6e96d717b1c5a6_luxury-pool-motorized-pergola-screen-enclosure-north-florida-1.avif","luxury-pool-motorized-pergola-screen-enclosure-north-florida-1.avif","avif","","1","html:projects.html"
"https://cdn.prod.website-files.com/68f18633d5478a29ee1522e9/695180b24707d4d901ff0e9b_residential-pool-pergola-outdoor-dining-north-florida-1.avif","residential-pool-pergola-outdoor-dining-north-florida-1.avif","avif","","1","html:projects.html"
"https://cdn.prod.website-files.com/68f18633d5478a29ee1522e9/69518273632bc78bcb7c30ce_south-florida-pool-wood-pergola-outdoor-living-1.avif","south-florida-pool-wood-pergola-outdoor-living-1.avif","avif","","1","html:projects.html"
"https://cdn.prod.website-files.com/68f18633d5478a29ee1522e9/6951840eb35f8760f5ee6457_modern-pool-motorized-pergola-south-florida-project-1.avif","modern-pool-motorized-pergola-south-florida-project-1.avif","avif","","1","html:projects.html"
"https://cdn.prod.website-files.com/68f18633d5478a29ee1522e9/6951bf33c7362a81755adac7_luxury-pool-designs-florida-homes.webp","luxury-pool-designs-florida-homes.webp","webp","","1","html:blogs-tips.html"
"https://cdn.prod.website-files.com/68f18633d5478a29ee1522e9/6951bf7e6aee8c7ea6a006bb_luxury-pool-designs-florida-homes.webp","luxury-pool-designs-florida-homes.webp","webp","","1","html:blogs-tips.html"
"https://cdn.prod.website-files.com/68f18633d5478a29ee1522e9/6951c05fc9f58b63efc09fc4_commercial-pool-construction-florida.webp","commercial-pool-construction-florida.webp","webp","","1","html:blogs-tips.html"
"https://cdn.prod.website-files.com/68f18633d5478a29ee1522e9/6951c2060b26d67afd9f51c0_new-pool-construction-vs-pool-remodeling-florida.webp","new-pool-construction-vs-pool-remodeling-florida.webp","webp","","1","html:blogs-tips.html"
"https://cdn.prod.website-files.com/68f18633d5478a29ee1522e9/6951c3253c7f24af51cf18d5_residential-vs-commercial-pool-construction-florida.webp","residential-vs-commercial-pool-construction-florida.webp","webp","","1","html:blogs-tips.html"
"https://cdn.prod.website-files.com/68f18633d5478a29ee1522e9/6951c4053c7f24af51cf2e9f_pool-construction-timeline-florida.webp","pool-construction-timeline-florida.webp","webp","","1","html:blogs-tips.html"
"https://cdn.prod.website-files.com/68f18633d5478a29ee1522e9/6951c4abf2356e71b665b9fe_common-pool-construction-mistakes-florida.webp","common-pool-construction-mistakes-florida.webp","webp","","1","html:blogs-tips.html"
"https://cdn.prod.website-files.com/68f18633d5478a29ee1522e9/6951c558d99fc90524973573_pool-construction-permits-florida.webp","pool-construction-permits-florida.webp","webp","","1","html:blogs-tips.html"
"https://cdn.prod.website-files.com/68f18633d5478a29ee1522e9/6951c5f204da2bab4165d7ac_outdoor-living-design-florida-homes.webp","outdoor-living-design-florida-homes.webp","webp","","1","html:blogs-tips.html"
"https://cdn.prod.website-files.com/68f18633d5478a29ee1522e9/6951c6d1c050ca8a233d4665_outdoor-living-increases-property-value-florida.webp","outdoor-living-increases-property-value-florida.webp","webp","","1","html:blogs-tips.html"
"https://cdn.prod.website-files.com/68f18633d5478a29ee1522e9/695d29ad24c2b79935b41b5a_south-florida-custom-pool-builders-modern-backyard-design.avif","south-florida-custom-pool-builders-modern-backyard-design.avif","avif","Modern custom pool in North Florida with clean geometric design, high-end finishes, and professionally designed outdoor living area.","2","where-we-serves.Imagen Intro 1#custom-pool-builders-north-florida | where-we-serves.Imagen Intro 1#custom-pool-builders-south-florida"
"https://cdn.prod.website-files.com/6a8f67a39235e3662e5721fe/6a8f67a39235e3662e572210_Alumawood.png","alumawood.png","png","","1","logos.Logo#alumawood"
"https://cdn.prod.website-files.com/6a8f67a39235e3662e5721fe/6a8f67a39235e3662e572236_coyote-logo-glow.png","coyote-logo-glow.png","png","","1","logos.Logo#coyote"
"https://cdn.prod.website-files.com/6a8f67a39235e3662e5721fe/6a8f67a39235e3662e57225a_gemstonelights-newlogo.png","gemstonelights-newlogo.png","png","","1","logos.Logo#gemstone"
"https://cdn.prod.website-files.com/6a8f67a39235e3662e5721fe/6a8f67a39235e3662e57227e_image.png","image.png","png","","1","logos.Logo#milestone-p8m6r"
"https://cdn.prod.website-files.com/6a8f67a39235e3662e5721fe/6a8f67a39235e3662e572299_Irrigreen-Logo-Black-Web.png","irrigreen-logo-black-web.png","png","","1","logos.Logo#irrigreen"
"https://cdn.prod.website-files.com/6a8f67a39235e3662e5721fe/6a8f67a39235e3662e5722b1_jandy-logo.png","jandy-logo.png","png","","1","logos.Logo#jandy"
"https://cdn.prod.website-files.com/6a8f67a39235e3662e5721fe/6a8f67a39235e3662e5722d1_logo-pelican-reef-800x800tiny.png","logo-pelican-reef-800x800tiny.png","png","","1","logos.Logo#pelican-reef"
"https://cdn.prod.website-files.com/6a8f67a39235e3662e5721fe/6a8f67a39235e3662e572305_medium_tVEaT8eMX4.png","medium-tveat8emx4.png","png","","1","logos.Logo#npt"
"https://cdn.prod.website-files.com/6a8f67a39235e3662e5721fe/6a8f67a39235e3662e57231c_SGM_pool_logo-e1585262761892.jpg","sgm-pool-logo-e1585262761892.jpg","jpg","","1","logos.Logo#sgm"
"https://cdn.prod.website-files.com/6a8f67a39235e3662e5721fe/6a8f67a39235e3662e57233c_zodiac-new.png","zodiac-new.png","png","","1","logos.Logo#zodiac"
"https://cdn.prod.website-files.com/6a8f67a39235e3662e5721fe/6a8f67a39235e3662e57235c_530-5307608_awning-vector-colorful-sunbrella-logo-transparent-hd-png-removebg-preview.png","530-5307608-awning-vector-colorful-sunbrella-logo-transparent-hd-png-removebg-preview.png","png","","1","logos.Logo#sunbrella"
"https://cdn.prod.website-files.com/6a8f67a39235e3662e5721fe/6a8f67a39235e3662e57237c_abc-supply-town-and-country-industries-600x300-removebg-preview.png","abc-supply-town-and-country-industries-600x300-removebg-preview.png","png","","1","logos.Logo#town-country"
"https://cdn.prod.website-files.com/6a8f67a39235e3662e5721fe/6a8f67a39235e3662e57239f_Alfresco_Logo-removebg-preview.png","alfresco-logo-removebg-preview.png","png","","1","logos.Logo#alfresco"
"https://cdn.prod.website-files.com/6a8f67a39235e3662e5721fe/6a8f67a39235e3662e5723c7_BGE_LOGO_LINEUP-removebg-preview.png","bge-logo-lineup-removebg-preview.png","png","","1","logos.Logo#biggreen"
"https://cdn.prod.website-files.com/6a8f67a39235e3662e5721fe/6a8f67a39235e3662e5723e7_Delta-removebg-preview.png","delta-removebg-preview.png","png","","1","logos.Logo#delta"
"https://cdn.prod.website-files.com/6a8f67a39235e3662e5721fe/6a8f67a39235e3662e5723fd_distributor-of-summerset-removebg-preview.png","distributor-of-summerset-removebg-preview.png","png","","1","logos.Logo#summerset"
"https://cdn.prod.website-files.com/6a8f67a39235e3662e5721fe/6a8f67a39235e3662e572415_Equinox_logo-removebg-preview.png","equinox-logo-removebg-preview.png","png","","1","logos.Logo#equinox"
"https://cdn.prod.website-files.com/6a8f67a39235e3662e5721fe/6a8f67a39235e3662e57242f_logo-scaled-removebg-preview.png","logo-scaled-removebg-preview.png","png","","1","logos.Logo#skyline"
"https://cdn.prod.website-files.com/6a8f67a39235e3662e5721fe/6a8f67a39235e3662e572454_Napoleon-removebg-preview.png","napoleon-removebg-preview.png","png","","1","logos.Logo#napoleon"
"https://cdn.prod.website-files.com/6a8f67a39235e3662e5721fe/6a8f67a39235e3662e57247e_Panama_-Jack-Furniture-logo_400x-removebg-preview.png","panama-jack-furniture-logo-400x-removebg-preview.png","png","","1","logos.Logo#panama-jack"
"https://cdn.prod.website-files.com/6a8f67a39235e3662e5721fe/6a8f67a39235e3662e57248d_Icon.svg","icon.svg","svg","","1","subservices.Icon#custom-pool-design-engineering"
"https://cdn.prod.website-files.com/6a8f67a39235e3662e5721fe/6a8f67a39235e3662e57248e_Icon_1.svg","icon-1.svg","svg","","1","subservices.Icon#inground-pool-construction"
"https://cdn.prod.website-files.com/6a8f67a39235e3662e5721fe/6a8f67a39235e3662e57248f_Icon_2.svg","icon-2.svg","svg","","1","subservices.Icon#integrated-spa-construction"
"https://cdn.prod.website-files.com/6a8f67a39235e3662e5721fe/6a8f67a39235e3662e572490_Icon_3.svg","icon-3.svg","svg","","1","subservices.Icon#pool-plumbing-circulation-systems-installation"
"https://cdn.prod.website-files.com/6a8f67a39235e3662e5721fe/6a8f67a39235e3662e572491_Icon_4.svg","icon-4.svg","svg","","1","subservices.Icon#pool-equipment-installation-automation"
"https://cdn.prod.website-files.com/6a8f67a39235e3662e5721fe/6a8f67a39235e3662e572492_Icon_7remodeling.svg","icon-7remodeling.svg","svg","","2","subservices.Icon#pool-finishes-interior-surface-installation | subservices.Icon#spa-remodeling-integration"
"https://cdn.prod.website-files.com/6a8f67a39235e3662e5721fe/6a8f67a39235e3662e572493_Icon_6.svg","icon-6.svg","svg","","1","subservices.Icon#pool-tile-coping-installation"
"https://cdn.prod.website-files.com/6a8f67a39235e3662e5721fe/6a8f67a39235e3662e572494_Icon_6remodeling.svg","icon-6remodeling.svg","svg","","2","subservices.Icon#pool-deck-hardscape-remodeling | subservices.Icon#pool-deck-resurfacing"
"https://cdn.prod.website-files.com/6a8f67a39235e3662e5721fe/6a8f67a39235e3662e572495_Iconremodeling.svg","iconremodeling.svg","svg","","1","subservices.Icon#complete-pool-renovation"
"https://cdn.prod.website-files.com/6a8f67a39235e3662e5721fe/6a8f67a39235e3662e572496_Icon_1remodeling.svg","icon-1remodeling.svg","svg","","1","subservices.Icon#pool-resurfacing-finishes"
"https://cdn.prod.website-files.com/6a8f67a39235e3662e5721fe/6a8f67a39235e3662e572497_Icon_2remodeling.svg","icon-2remodeling.svg","svg","","1","subservices.Icon#tile-coping-replacement"
"https://cdn.prod.website-files.com/6a8f67a39235e3662e5721fe/6a8f67a39235e3662e572498_Icon_3remodeling.svg","icon-3remodeling.svg","svg","","1","subservices.Icon#pool-equipment-upgrades"
"https://cdn.prod.website-files.com/6a8f67a39235e3662e5721fe/6a8f67a39235e3662e572499_Icon_4remodeling.svg","icon-4remodeling.svg","svg","","1","subservices.Icon#led-pool-lighting-systems"
"https://cdn.prod.website-files.com/6a8f67a39235e3662e5721fe/6a8f67a39235e3662e57249a_Icon_5remodeling.svg","icon-5remodeling.svg","svg","","1","subservices.Icon#structural-pool-repairs"
"https://cdn.prod.website-files.com/6a8f67a39235e3662e5721fe/6a8f67a39235e3662e57249b_Iconpergolas.svg","iconpergolas.svg","svg","","1","subservices.Icon#custom-pergola-design"
"https://cdn.prod.website-files.com/6a8f67a39235e3662e5721fe/6a8f67a39235e3662e57249c_Icon_1pergolas.svg","icon-1pergolas.svg","svg","","1","subservices.Icon#aluminum-pergola-construction"
"https://cdn.prod.website-files.com/6a8f67a39235e3662e5721fe/6a8f67a39235e3662e57249d_Icon_2pergolas.svg","icon-2pergolas.svg","svg","","1","subservices.Icon#pergola-construction"
"https://cdn.prod.website-files.com/6a8f67a39235e3662e5721fe/6a8f67a39235e3662e57249e_Icon_3pergolas.svg","icon-3pergolas.svg","svg","","1","subservices.Icon#freestanding-pergolas"
"https://cdn.prod.website-files.com/6a8f67a39235e3662e5721fe/6a8f67a39235e3662e57249f_Icon_4pergolas.svg","icon-4pergolas.svg","svg","","1","subservices.Icon#attached-pergolas"
"https://cdn.prod.website-files.com/6a8f67a39235e3662e5721fe/6a8f67a39235e3662e5724b1_Icon_6pergolas.svg","icon-6pergolas.svg","svg","","1","subservices.Icon#pergola-lighting-integration"
"https://cdn.prod.website-files.com/6a8f67a39235e3662e5721fe/6a8f67a39235e3662e5724b2_Icon_7pergolas.svg","icon-7pergolas.svg","svg","","1","subservices.Icon#louvered-adjustable-pergolas"
"https://cdn.prod.website-files.com/6a8f67a39235e3662e5721fe/6a8f67a39235e3662e5724bd__custom-pool-spa-builders-florida-01.jpg","custom-pool-spa-builders-florida-01.jpg","jpg","Luxury custom pool and spa construction featuring modern design, premium pavers, and outdoor living spaces built by expert pool builders in Florida.","1","images.Image#pool-construction-1"
"https://cdn.prod.website-files.com/6a8f67a39235e3662e5721fe/6a8f67a39235e3662e5724be__custom-pool-spa-builders-florida-04.jpg","custom-pool-spa-builders-florida-04.jpg","jpg","Modern pool renovation with raised spa and clean architectural lines, designed and installed by professional pool builders in Florida.","1","images.Image#pool-construction-4"
"https://cdn.prod.website-files.com/6a8f67a39235e3662e5721fe/6a8f67a39235e3662e5724bf__custom-pool-spa-builders-florida-05.jpg","custom-pool-spa-builders-florida-05.jpg","jpg","Luxury outdoor pool featuring waterfall spa and covered patio area, built by experienced custom pool and outdoor living contractors in Florida.","1","images.Image#pool-construction-5"
"https://cdn.prod.website-files.com/6a8f67a39235e3662e5721fe/6a8f67a39235e3662e5724c0__custom-pool-spa-builders-florida-06.jpg","custom-pool-spa-builders-florida-06.jpg","jpg","High-end swimming pool with integrated spa and palm-lined views, showcasing expert pool construction services across North and South Florida.","1","images.Image#pool-construction-6"
"https://cdn.prod.website-files.com/6a8f67a39235e3662e5721fe/6a8f67a39235e3662e5724c1_6941bea2bb9d4740a8678f0c_Artboard%25209.svg","artboard-9.svg","svg","","1","residentials.Icon#custom-deck-builders-in-north-south-florida"
"https://cdn.prod.website-files.com/6a8f67a39235e3662e5721fe/6a8f67a39235e3662e5724c4_6941bec2c180764923c5cc69_Artboard%252011.svg","artboard-11.svg","svg","","1","residentials.Icon#smart-irrigation-system-installation-in-north-south-florida"
"https://cdn.prod.website-files.com/6a8f67a39235e3662e5721fe/6a8f67a39235e3662e5724c8_6941be9e5cd0f47d2c3c2c52_Artboard%252010.svg","artboard-10.svg","svg","","1","residentials.Icon#professional-landscaping-services-in-north-south-florida"
"https://cdn.prod.website-files.com/6a8f67a39235e3662e5721fe/6a8f67a39235e3662e5724d4_6941bdf7ee0bda9b4d606208_Artboard%25201.svg","artboard-1.svg","svg","","1","residentials.Icon#custom-pool-spa-builders-in-north-south-florida"
"https://cdn.prod.website-files.com/6a8f67a39235e3662e5721fe/6a8f67a39235e3662e5724d5_6941be10846badee3cb87154_Artboard%25204.svg","artboard-4.svg","svg","","1","residentials.Icon#motorized-louvered-roof-systems-in-north-south-florida"
"https://cdn.prod.website-files.com/6a8f67a39235e3662e5721fe/6a8f67a39235e3662e5724d6_6941bee98f239263a614e04d_Artboard%252013.svg","artboard-13.svg","svg","","1","residentials.Icon#premium-outdoor-furniture-for-north-south-florida-homes"
"https://cdn.prod.website-files.com/6a8f67a39235e3662e5721fe/6a8f67a39235e3662e5724d9_6941be09d0b572617d4c756c_Artboard%25203.svg","artboard-3.svg","svg","","4","commercials.Icon#commercial-pool-construction-north-south-florida | commercials.Icon#commercial-pool-contractors-north-south-florida | commercials.Icon#commercial-pool-renovations-north-south-florida | residentials.Icon#custom-aluminum-pergola-builders-in-north-south-florida"
"https://cdn.prod.website-files.com/6a8f67a39235e3662e5721fe/6a8f67a39235e3662e5724e6_6941be3f310cbd56943b4f2f_Artboard%25208.svg","artboard-8.svg","svg","","1","residentials.Icon#custom-outdoor-kitchens-for-north-south-florida-homes"
"https://cdn.prod.website-files.com/6a8f67a39235e3662e5721fe/6a8f67a39235e3662e5724f8_6941be1931904b9aae7bf3bd_Artboard%25205.svg","artboard-5.svg","svg","","1","residentials.Icon#patio-screen-rooms-enclosures-in-north-south-florida"
"https://cdn.prod.website-files.com/6a8f67a39235e3662e5721fe/6a8f67a39235e3662e5724f9_6941beda5472e92cb6cfb49f_Artboard%252012.svg","artboard-12.svg","svg","","1","residentials.Icon#smart-soffit-led-lighting-installation-in-north-south-florida"
"https://cdn.prod.website-files.com/6a8f67a39235e3662e5721fe/6a8f67a39235e3662e572501_6941be2135495f8b4affd3c3_Artboard%25206.svg","artboard-6.svg","svg","","1","residentials.Icon#pool-screen-enclosures-for-north-south-florida-pools"
"https://cdn.prod.website-files.com/6a8f67a39235e3662e5721fe/6a8f67a39235e3662e572502_6941bdfe1b4b9c33ff2773f4_Artboard%25202.svg","artboard-2.svg","svg","","1","residentials.Icon#pool-remodeling-renovation-in-north-south-florida"
"https://cdn.prod.website-files.com/6a8f67a39235e3662e5721fe/6a8f67a39235e3662e57251d_6941be29cc95cef03ab6cfeb_Artboard%25207.svg","artboard-7.svg","svg","","1","residentials.Icon#steel-building-pole-barn-construction-in-north-south-florida"
"https://cdn.prod.website-files.com/6a8f67a39235e3662e5721fe/6a8f67a39235e3662e57251e_6941be319571398a90b88f76_Artboard%252014.svg","artboard-14.svg","svg","","1","residentials.Icon#motorized-retractable-screens-in-north-south-florida"
"https://cdn.prod.website-files.com/6a8f67a39235e3662e5721fe/6a8f67a39235e3662e572528__custom-pool-spa-builders-florida-07.jpg","custom-pool-spa-builders-florida-07.jpg","jpg","Custom pool and spa construction with integrated pergola by experienced builders in North & South Florida, designed for upscale outdoor living.","1","images.Image#pool-construction-7"
"https://cdn.prod.website-files.com/6a8f67a39235e3662e5721fe/6a8f67a39235e3662e572529__custom-pool-spa-builders-florida-08.jpg","custom-pool-spa-builders-florida-08.jpg","jpg","High-end pool installation by professional contractors in North & South Florida, featuring lake-view setting, modern finishes, and precise construction.","1","images.Image#pool-construction-8"
"https://cdn.prod.website-files.com/6a8f67a39235e3662e5721fe/6a8f67a39235e3662e57252a__custom-pool-spa-builders-florida-09.jpg","custom-pool-spa-builders-florida-09.jpg","jpg","Luxury backyard pool and spa installation by licensed contractors in North & South Florida, showcasing expansive deck space and resort-style design.","1","images.Image#pool-construction-9"
"https://cdn.prod.website-files.com/6a8f67a39235e3662e5721fe/6a8f67a39235e3662e57252b__custom-pool-spa-builders-florida-10.jpg","custom-pool-spa-builders-florida-10.jpg","jpg","Modern residential pool with raised spa built by professional pool builders in North & South Florida, featuring clean lines, premium tile, and expert installation.","1","images.Image#pool-construction-10"
"https://cdn.prod.website-files.com/6a8f67a39235e3662e5721fe/6a8f67a39235e3662e57252c_custom-pool-remodeling-contractors-florida-02.jpg","custom-pool-remodeling-contractors-florida-02.jpg","jpg","Luxury backyard pool and spa installation in South Florida featuring custom tile, palm landscaping and clean architectural lines.","1","images.Image#pool-remodeling-2"
"https://cdn.prod.website-files.com/6a8f67a39235e3662e5721fe/6a8f67a39235e3662e57252d_custom-pool-remodeling-contractors-florida-03.jpg","custom-pool-remodeling-contractors-florida-03.jpg","jpg","Luxury backyard pool and spa installation in South Florida featuring custom tile, palm landscaping and clean architectural lines.","1","images.Image#pool-remodeling-3"
"https://cdn.prod.website-files.com/6a8f67a39235e3662e5721fe/6a8f67a39235e3662e57252e_custom-pool-remodeling-contractors-florida-04.jpg","custom-pool-remodeling-contractors-florida-04.jpg","jpg","Large custom pool and spa design with expansive deck and seating areas, built by expert pool builders in North Florida.","1","images.Image#pool-remodeling-4"
"https://cdn.prod.website-files.com/6a8f67a39235e3662e5721fe/6a8f67a39235e3662e57252f_custom-pool-remodeling-contractors-florida-05.jpg","custom-pool-remodeling-contractors-florida-05.jpg","jpg","Contemporary pool installation with raised spa and outdoor lounge space, designed for luxury Florida backyard living.","1","images.Image#pool-remodeling-5"
"https://cdn.prod.website-files.com/6a8f67a39235e3662e5721fe/6a8f67a39235e3662e572530_custom-pool-remodeling-contractors-florida-06.jpg","custom-pool-remodeling-contractors-florida-06.jpg","jpg","High-end residential pool with covered patio and outdoor kitchen, installed by professional pool contractors in Florida.","1","images.Image#pool-remodeling-6"
"https://cdn.prod.website-files.com/6a8f67a39235e3662e5721fe/6a8f67a39235e3662e572531_custom-pool-remodeling-contractors-florida-07.jpg","custom-pool-remodeling-contractors-florida-07.jpg","jpg","Resort-style pool with tanning ledges and water features, showcasing custom pool construction in South Florida.","1","images.Image#pool-remodeling-7"
"https://cdn.prod.website-files.com/6a8f67a39235e3662e5721fe/6a8f67a39235e3662e572532_custom-pool-remodeling-contractors-florida-08.jpg","custom-pool-remodeling-contractors-florida-08.jpg","jpg","Modern pool renovation with clean lines, integrated spa and minimalist deck, completed by Florida pool remodeling experts.","1","images.Image#pool-remodeling-8"
"https://cdn.prod.website-files.com/6a8f67a39235e3662e5721fe/6a8f67a39235e3662e572533_custom-pool-remodeling-contractors-florida-09.jpg","custom-pool-remodeling-contractors-florida-09.jpg","jpg","Custom inground pool installation with pergola and safety fencing, built by licensed Florida pool builders.","1","images.Image#pool-remodeling-9"
"https://cdn.prod.website-files.com/6a8f67a39235e3662e5721fe/6a8f67a39235e3662e572534_custom-pool-remodeling-contractors-florida-10.jpg","custom-pool-remodeling-contractors-florida-10.jpg","jpg","Custom inground pool installation with pergola and safety fencing, built by licensed Florida pool builders.","1","images.Image#pool-remodeling-10"
"https://cdn.prod.website-files.com/6a8f67a39235e3662e5721fe/6a8f67a39235e3662e572535_custom-pergola-patio-cover-builders-florida-02.jpg","custom-pergola-patio-cover-builders-florida-02.jpg","jpg","Modern aluminum pergola installed beside pool by Florida contractors, featuring clean lines and durable outdoor construction.","1","images.Image#pergolas-2"
"https://cdn.prod.website-files.com/6a8f67a39235e3662e5721fe/6a8f67a39235e3662e572536_custom-pergola-patio-cover-builders-florida-03.jpg","custom-pergola-patio-cover-builders-florida-03.jpg","jpg","Backyard pergola and patio cover installation in Florida home, designed by professional outdoor living builders.","1","images.Image#pergolas-3"
"https://cdn.prod.website-files.com/6a8f67a39235e3662e5721fe/6a8f67a39235e3662e572537_custom-pergola-patio-cover-builders-florida-04.jpg","custom-pergola-patio-cover-builders-florida-04.jpg","jpg","Custom wood pavilion construction by Florida pergola contractors, showcasing exposed beams and premium craftsmanship.","1","images.Image#pergolas-4"
"https://cdn.prod.website-files.com/6a8f67a39235e3662e5721fe/6a8f67a39235e3662e572538_custom-pergola-patio-cover-builders-florida-05.jpg","custom-pergola-patio-cover-builders-florida-05.jpg","jpg","Timber pavilion installation with outdoor kitchen by Florida builders, combining pergola structure and entertainment space.","1","images.Image#pergolas-5"
"https://cdn.prod.website-files.com/6a8f67a39235e3662e5721fe/6a8f67a39235e3662e572539_custom-pergola-patio-cover-builders-florida-06.jpg","custom-pergola-patio-cover-builders-florida-06.jpg","jpg","Aluminum pergola installation over pool area by Florida contractors, providing shade and modern outdoor design.","1","images.Image#pergolas-6"
"https://cdn.prod.website-files.com/6a8f67a39235e3662e5721fe/6a8f67a39235e3662e57253a_custom-pergola-patio-cover-builders-florida-07.jpg","custom-pergola-patio-cover-builders-florida-07.jpg","jpg","Contemporary pergola construction for residential patio in Florida, built by licensed outdoor living contractors.","1","images.Image#pergolas-7"
"https://cdn.prod.website-files.com/6a8f67a39235e3662e5721fe/6a8f67a39235e3662e57253b_custom-pergola-patio-cover-builders-florida-08.jpg","custom-pergola-patio-cover-builders-florida-08.jpg","jpg","Poolside pergola installation in Florida backyard, designed by expert pergola builders for shade and comfort.","1","images.Image#pergolas-8"
"https://cdn.prod.website-files.com/6a8f67a39235e3662e5721fe/6a8f67a39235e3662e57253c_custom-pergola-patio-cover-builders-florida-09.jpg","custom-pergola-patio-cover-builders-florida-09.jpg","jpg","Custom pergola installation over backyard deck by Florida contractors, blending landscape design and outdoor structure.","1","images.Image#pergolas-9"
"https://cdn.prod.website-files.com/6a8f67a39235e3662e5721fe/6a8f67a39235e3662e57253d_custom-pergola-patio-cover-builders-florida-10.jpg","custom-pergola-patio-cover-builders-florida-10.jpg","jpg","White aluminum modern insulated pergola installation with bar seating by Florida builders, creating functional and stylish outdoor living.","1","images.Image#pergolas-10"
"https://cdn.prod.website-files.com/6a8f67a39235e3662e5721fe/6a8f67a39235e3662e57253e_motorized-louvered-roof-installers-florida-02.jpg","motorized-louvered-roof-installers-florida-02.jpg","jpg","White motorized louvered roof system covering outdoor dining area, designed for sun control and modern backyard living in Florida.","1","images.Image#motorized-louvered-roof-2"
"https://cdn.prod.website-files.com/6a8f67a39235e3662e5721fe/6a8f67a39235e3662e57253f_motorized-louvered-roof-installers-florida-03.jpg","motorized-louvered-roof-installers-florida-03.jpg","jpg","Adjustable louvered roof panels allowing airflow and rain protection, ideal for poolside patios in South Florida.","1","images.Image#motorized-louvered-roof-3"
"https://cdn.prod.website-files.com/6a8f67a39235e3662e5721fe/6a8f67a39235e3662e572540_motorized-louvered-roof-installers-florida-04.jpg","motorized-louvered-roof-installers-florida-04.jpg","jpg","Modern aluminum louvered roof attached to luxury home, offering shade, ventilation, and sleek outdoor coverage.","1","images.Image#motorized-louvered-roof-4"
"https://cdn.prod.website-files.com/6a8f67a39235e3662e5721fe/6a8f67a39235e3662e572541_motorized-louvered-roof-installers-florida-05.jpg","motorized-louvered-roof-installers-florida-05.jpg","jpg","Custom patio cover with integrated LED lighting and motorized louvers for day and night outdoor comfort in Florida.","1","images.Image#motorized-louvered-roof-5"
"https://cdn.prod.website-files.com/6a8f67a39235e3662e5721fe/6a8f67a39235e3662e572542_motorized-louvered-roof-installers-florida-06.jpg","motorized-louvered-roof-installers-florida-06.jpg","jpg","Motorized louvered roof installed on modern property, providing adjustable sunlight control and contemporary outdoor design.","1","images.Image#motorized-louvered-roof-6"
"https://cdn.prod.website-files.com/6a8f67a39235e3662e5721fe/6a8f67a39235e3662e572543_motorized-louvered-roof-installers-florida-07.jpg","motorized-louvered-roof-installers-florida-07.jpg","jpg","Black aluminum louvered roof system covering seating area by water, designed for durability and weather resistance.","1","images.Image#motorized-louvered-roof-7"
"https://cdn.prod.website-files.com/6a8f67a39235e3662e5721fe/6a8f67a39235e3662e572544_motorized-louvered-roof-installers-florida-08.jpg","motorized-louvered-roof-installers-florida-08.jpg","jpg","Motorized pergola with adjustable louvers over pool deck, enhancing outdoor living and sun management in Florida.","1","images.Image#motorized-louvered-roof-8"
"https://cdn.prod.website-files.com/6a8f67a39235e3662e5721fe/6a8f67a39235e3662e572545_motorized-louvered-roof-installers-florida-09.jpg","motorized-louvered-roof-installers-florida-09.jpg","jpg","Louvered roof installation with modern frame and rotating panels, built for shade control and outdoor comfort.","1","images.Image#motorized-louvered-roof-9"
"https://cdn.prod.website-files.com/6a8f67a39235e3662e5721fe/6a8f67a39235e3662e572546_motorized-louvered-roof-installers-florida-10.jpg","motorized-louvered-roof-installers-florida-10.jpg","jpg","Large motorized louvered roof covering patio seating area, offering flexible shade and rain protection for Florida homes.","1","images.Image#motorized-louvered-roof-10"
"https://cdn.prod.website-files.com/6a8f67a39235e3662e5721fe/6a8f67a39235e3662e572547_custom-deck-builders-contractors-north-south-florida-02.jpg","custom-deck-builders-contractors-north-south-florida-02.jpg","jpg","Custom composite deck with pergola structure built by licensed deck contractors serving North & South Florida homes.","1","images.Image#deck-2"
"https://cdn.prod.website-files.com/6a8f67a39235e3662e5721fe/6a8f67a39235e3662e572548_custom-deck-builders-contractors-north-south-florida-03.jpg","custom-deck-builders-contractors-north-south-florida-03.jpg","jpg","Elevated composite deck with railing system installed by expert deck builders in North & South Florida.","1","images.Image#deck-3"
"https://cdn.prod.website-files.com/6a8f67a39235e3662e5721fe/6a8f67a39235e3662e572549_custom-deck-builders-contractors-north-south-florida-04.jpg","custom-deck-builders-contractors-north-south-florida-04.jpg","jpg","Poolside deck construction using durable decking materials by professional deck contractors in North & South Florida.","1","images.Image#deck-4"
"https://cdn.prod.website-files.com/6a8f67a39235e3662e5721fe/6a8f67a39235e3662e57254a_custom-deck-builders-contractors-north-south-florida-05.jpg","custom-deck-builders-contractors-north-south-florida-05.jpg","jpg","Custom wood deck walkway with integrated seating built by residential deck builders in North & South Florida.","1","images.Image#deck-5"
"https://cdn.prod.website-files.com/6a8f67a39235e3662e5721fe/6a8f67a39235e3662e57254b_custom-deck-builders-contractors-north-south-florida-06.jpg","custom-deck-builders-contractors-north-south-florida-06.jpg","jpg","Modern pool deck installation with premium wood by licensed deck builders serving North & South Florida.","1","images.Image#deck-6"
"https://cdn.prod.website-files.com/6a8f67a39235e3662e5721fe/6a8f67a39235e3662e57254c_custom-deck-builders-contractors-north-south-florida-07.jpg","custom-deck-builders-contractors-north-south-florida-07.jpg","jpg","Waterfront custom deck with cable railing designed and installed by deck contractors in North & South Florida.","1","images.Image#deck-7"
"https://cdn.prod.website-files.com/6a8f67a39235e3662e5721fe/6a8f67a39235e3662e57254d_custom-deck-builders-contractors-north-south-florida-08.jpg","custom-deck-builders-contractors-north-south-florida-08.jpg","jpg","Coastal composite deck installation for Florida homes by experienced deck builders and contractors.","1","images.Image#deck-8"
"https://cdn.prod.website-files.com/6a8f67a39235e3662e5721fe/6a8f67a39235e3662e57254e_custom-deck-builders-contractors-north-south-florida-09.jpg","custom-deck-builders-contractors-north-south-florida-09.jpg","jpg","Custom wood deck with pergola integration built by professional deck contractors in North & South Florida.","1","images.Image#deck-9"
"https://cdn.prod.website-files.com/6a8f67a39235e3662e5721fe/6a8f67a39235e3662e57254f_custom-deck-builders-contractors-north-south-florida-10.jpg","custom-deck-builders-contractors-north-south-florida-10.jpg","jpg","Luxury covered deck construction using premium materials by custom deck builders in North & South Florida.","1","images.Image#deck-10"
"https://cdn.prod.website-files.com/6a8f67a39235e3662e5721fe/6a8f67a39235e3662e572550_custom-outdoor-furniture-builders-florida-01.jpg","custom-outdoor-furniture-builders-florida-01.jpg","jpg","Luxury outdoor seating set installed on pool deck in North Florida, showcasing custom outdoor furniture for residential poolside projects.","1","images.Image#furniture-1"
"https://cdn.prod.website-files.com/6a8f67a39235e3662e5721fe/6a8f67a39235e3662e572551_custom-outdoor-furniture-builders-florida-02.jpg","custom-outdoor-furniture-builders-florida-02.jpg","jpg","Modern poolside lounge chairs with ocean views in South Florida, featuring high-end outdoor furniture installation for luxury properties.","1","images.Image#furniture-2"
"https://cdn.prod.website-files.com/6a8f67a39235e3662e5721fe/6a8f67a39235e3662e572552_custom-outdoor-furniture-builders-florida-03.jpg","custom-outdoor-furniture-builders-florida-03.jpg","jpg","Custom outdoor daybed installed near an infinity pool in South Florida, designed for luxury residential outdoor living spaces.","1","images.Image#furniture-3"
"https://cdn.prod.website-files.com/6a8f67a39235e3662e5721fe/6a8f67a39235e3662e572553_custom-outdoor-furniture-builders-florida-04.jpg","custom-outdoor-furniture-builders-florida-04.jpg","jpg","Wicker outdoor sofa set overlooking the ocean in North Florida, ideal for upscale patio and terrace furniture installations.","1","images.Image#furniture-4"
"https://cdn.prod.website-files.com/6a8f67a39235e3662e5721fe/6a8f67a39235e3662e572554_custom-outdoor-furniture-builders-florida-05.jpg","custom-outdoor-furniture-builders-florida-05.jpg","jpg","Hanging outdoor lounge chair installed on coastal patio in South Florida, blending modern design with durable outdoor materials.","1","images.Image#furniture-5"
"https://cdn.prod.website-files.com/6a8f67a39235e3662e5721fe/6a8f67a39235e3662e572555_custom-outdoor-furniture-builders-florida-06.jpg","custom-outdoor-furniture-builders-florida-06.jpg","jpg","Custom curved outdoor sofa set installed in a tropical North Florida backyard, designed for comfort and luxury entertaining.","1","images.Image#furniture-6"
"https://cdn.prod.website-files.com/6a8f67a39235e3662e5721fe/6a8f67a39235e3662e572556_custom-outdoor-furniture-builders-florida-07.jpg","custom-outdoor-furniture-builders-florida-07.jpg","jpg","Outdoor conversation set with fire feature installed in South Florida, enhancing backyard living with premium furniture solutions.","1","images.Image#furniture-7"
"https://cdn.prod.website-files.com/6a8f67a39235e3662e5721fe/6a8f67a39235e3662e572557_custom-outdoor-furniture-builders-florida-08.jpg","custom-outdoor-furniture-builders-florida-08.jpg","jpg","Luxury outdoor lounge pod installed beside waterfront pool in North Florida, showcasing custom-built relaxation furniture.","1","images.Image#furniture-8"
"https://cdn.prod.website-files.com/6a8f67a39235e3662e5721fe/6a8f67a39235e3662e572558_custom-outdoor-furniture-builders-florida-09.jpg","custom-outdoor-furniture-builders-florida-09.jpg","jpg","Modern outdoor cabana-style seating installed next to infinity pool in South Florida, built for high-end residential projects.","1","images.Image#furniture-9"
"https://cdn.prod.website-files.com/6a8f67a39235e3662e5721fe/6a8f67a39235e3662e572559_custom-outdoor-furniture-builders-florida-10.jpg","custom-outdoor-furniture-builders-florida-10.jpg","jpg","Custom outdoor sofa and seating set installed near pool and spa in North Florida, designed for durable and elegant outdoor living.","1","images.Image#furniture-10"
"https://cdn.prod.website-files.com/6a8f67a39235e3662e5721fe/6a8f67a39235e3662e57255a_automated-irrigation-system-installers-florida-08.jpg","automated-irrigation-system-installers-florida-08.jpg","jpg","Residential irrigation system contractors installing efficient sprinklers for front yard lawns across North and South Florida homes.","1","images.Image#irrigation-8"
"https://cdn.prod.website-files.com/6a8f67a39235e3662e5721fe/6a8f67a39235e3662e57255b_automated-irrigation-system-installers-florida-09.jpg","automated-irrigation-system-installers-florida-09.jpg","jpg","Close-up of precision irrigation sprinkler head installation in Florida landscape, providing targeted watering and reduced water waste.","1","images.Image#irrigation-9"
"https://cdn.prod.website-files.com/6a8f67a39235e3662e5721fe/6a8f67a39235e3662e57255c_automated-irrigation-system-installers-florida-10.jpg","automated-irrigation-system-installers-florida-10.jpg","jpg","Professional irrigation system installation for landscaped gardens and walkways in South Florida, enhancing curb appeal and plant health.","1","images.Image#irrigation-10"
"https://cdn.prod.website-files.com/6a8f67a39235e3662e5721fe/6a8f67a39235e3662e57255d_automated-irrigation-system-installers-florida-01.jpg","automated-irrigation-system-installers-florida-01.jpg","jpg","Automated irrigation system installed on commercial golf course landscape in North Florida, providing precise watering and healthy turf management.","1","images.Image#irrigation-1"
"https://cdn.prod.website-files.com/6a8f67a39235e3662e5721fe/6a8f67a39235e3662e57255e_automated-irrigation-system-installers-florida-03.jpg","automated-irrigation-system-installers-florida-03.jpg","jpg","Smart irrigation sprinkler system installed in modern residential property, designed for efficient lawn watering across North and South Florida.","1","images.Image#irrigation-3"
"https://cdn.prod.website-files.com/6a8f67a39235e3662e5721fe/6a8f67a39235e3662e57255f_automated-irrigation-system-installers-florida-02.jpg","automated-irrigation-system-installers-florida-02.jpg","jpg","Residential irrigation system installation along walkways and lawn areas in South Florida, ensuring even coverage and efficient water use.","1","images.Image#irrigation-2"
"https://cdn.prod.website-files.com/6a8f67a39235e3662e5721fe/6a8f67a39235e3662e572560_automated-irrigation-system-installers-florida-05.jpg","automated-irrigation-system-installers-florida-05.jpg","jpg","Landscape irrigation system designed for residential properties in South Florida, maintaining healthy grass with optimized watering schedules.","1","images.Image#irrigation-5"
"https://cdn.prod.website-files.com/6a8f67a39235e3662e5721fe/6a8f67a39235e3662e572561_automated-irrigation-system-installers-florida-04.jpg","automated-irrigation-system-installers-florida-04.jpg","jpg","Professional irrigation system installation for residential lawns in Florida, delivering uniform spray patterns and water-efficient performance.","1","images.Image#irrigation-4"
"https://cdn.prod.website-files.com/6a8f67a39235e3662e5721fe/6a8f67a39235e3662e572562_automated-irrigation-system-installers-florida-06.jpg","automated-irrigation-system-installers-florida-06.jpg","jpg","Custom irrigation installation for landscaped hedges and gardens in North Florida, ensuring precise moisture control and plant health.","1","images.Image#irrigation-6"
"https://cdn.prod.website-files.com/6a8f67a39235e3662e5721fe/6a8f67a39235e3662e572563_automated-irrigation-system-installers-florida-07.jpg","automated-irrigation-system-installers-florida-07.jpg","jpg","Automated lawn irrigation system installed in a modern residential home, improving water efficiency and landscape maintenance in Florida.","1","images.Image#irrigation-7"
"https://cdn.prod.website-files.com/6a8f67a39235e3662e5721fe/6a8f67a39235e3662e572564_luxury-landscaping-construction-contractors-florida-01.jpg","luxury-landscaping-construction-contractors-florida-01.jpg","jpg","Custom pergola and luxury patio landscaping project by professional contractors serving North and South Florida.","1","images.Image#landscaping-1"
"https://cdn.prod.website-files.com/6a8f67a39235e3662e5721fe/6a8f67a39235e3662e572565_luxury-landscaping-construction-contractors-florida-02.jpg","luxury-landscaping-construction-contractors-florida-02.jpg","jpg","Residential front yard landscaping with palm trees, plants, and pavers by Florida landscaping contractors.","1","images.Image#landscaping-2"
"https://cdn.prod.website-files.com/6a8f67a39235e3662e5721fe/6a8f67a39235e3662e572566_luxury-landscaping-construction-contractors-florida-03.jpg","luxury-landscaping-construction-contractors-florida-03.jpg","jpg","Custom tropical landscaping project for residential property built by South Florida landscape contractors.","1","images.Image#landscaping-3"
"https://cdn.prod.website-files.com/6a8f67a39235e3662e5721fe/6a8f67a39235e3662e572567_luxury-landscaping-construction-contractors-florida-04.jpg","luxury-landscaping-construction-contractors-florida-04.jpg","jpg","Luxury pool landscaping construction with tropical plants and hardscape by Florida landscaping builders.","1","images.Image#landscaping-4"
"https://cdn.prod.website-files.com/6a8f67a39235e3662e5721fe/6a8f67a39235e3662e572568_luxury-landscaping-construction-contractors-florida-05.jpg","luxury-landscaping-construction-contractors-florida-05.jpg","jpg","High-end garden landscaping with water features and stone paths built by Florida landscape contractors.","1","images.Image#landscaping-5"
"https://cdn.prod.website-files.com/6a8f67a39235e3662e5721fe/6a8f67a39235e3662e572569_luxury-landscaping-construction-contractors-florida-06.jpg","luxury-landscaping-construction-contractors-florida-06.jpg","jpg","Luxury residential landscaping construction featuring custom plant selection and stone elements in Florida.","1","images.Image#landscaping-6"
"https://cdn.prod.website-files.com/6a8f67a39235e3662e5721fe/6a8f67a39235e3662e57256a_luxury-landscaping-construction-contractors-florida-07.jpg","luxury-landscaping-construction-contractors-florida-07.jpg","jpg","Custom home landscaping with palm trees and garden beds by North and South Florida contractors.","1","images.Image#landscaping-7"
"https://cdn.prod.website-files.com/6a8f67a39235e3662e5721fe/6a8f67a39235e3662e57256b_luxury-landscaping-construction-contractors-florida-08.jpg","luxury-landscaping-construction-contractors-florida-08.jpg","jpg","Coastal luxury landscaping project with turf and walkways designed by Florida landscape builders.","1","images.Image#landscaping-8"
"https://cdn.prod.website-files.com/6a8f67a39235e3662e5721fe/6a8f67a39235e3662e57256c_luxury-landscaping-construction-contractors-florida-09.jpg","luxury-landscaping-construction-contractors-florida-09.jpg","jpg","Custom landscape walkway with stone steps and greenery installed by Florida landscaping contractors.","1","images.Image#landscaping-9"
"https://cdn.prod.website-files.com/6a8f67a39235e3662e5721fe/6a8f67a39235e3662e57256d_luxury-landscaping-construction-contractors-florida-10.jpg","luxury-landscaping-construction-contractors-florida-10.jpg","jpg","Residential front yard landscaping construction with palms and pavers by Florida landscape professionals.","1","images.Image#landscaping-10"
"https://cdn.prod.website-files.com/6a8f67a39235e3662e5721fe/6a8f67a39235e3662e57256e_smart-soffit-led-lighting-installation-contractors-florida-01.jpg","smart-soffit-led-lighting-installation-contractors-florida-01.jpg","jpg","Smart soffit LED lighting installed on a residential home exterior in Florida, enhancing curb appeal, energy efficiency, and smart outdoor lighting design.","1","images.Image#light-1"
"https://cdn.prod.website-files.com/6a8f67a39235e3662e5721fe/6a8f67a39235e3662e57256f_smart-soffit-led-lighting-installation-contractors-florida-02.jpg","smart-soffit-led-lighting-installation-contractors-florida-02.jpg","jpg","Close-up of smart LED soffit lighting installation under roof eaves, providing modern exterior illumination for homes in North and South Florida.","1","images.Image#light-2"
"https://cdn.prod.website-files.com/6a8f67a39235e3662e5721fe/6a8f67a39235e3662e572570_smart-soffit-led-lighting-installation-contractors-florida-03.jpg","smart-soffit-led-lighting-installation-contractors-florida-03.jpg","jpg","Luxury home with warm white smart soffit LED lighting highlighting architectural details and improving nighttime visibility in Florida residences.","1","images.Image#light-3"
"https://cdn.prod.website-files.com/6a8f67a39235e3662e5721fe/6a8f67a39235e3662e572571_smart-soffit-led-lighting-installation-contractors-florida-04.jpg","smart-soffit-led-lighting-installation-contractors-florida-04.jpg","jpg","Residential property featuring color-changing smart soffit LED lights installed by professional contractors in Florida for accent and security lighting.","1","images.Image#light-4"
"https://cdn.prod.website-files.com/6a8f67a39235e3662e5721fe/6a8f67a39235e3662e572572_smart-soffit-led-lighting-installation-contractors-florida-05.jpg","smart-soffit-led-lighting-installation-contractors-florida-05.jpg","jpg","Exterior smart soffit LED lighting system illuminating rooflines and garage areas, ideal for custom homes in North and South Florida.","1","images.Image#light-5"
"https://cdn.prod.website-files.com/6a8f67a39235e3662e5721fe/6a8f67a39235e3662e572573_smart-soffit-led-lighting-installation-contractors-florida-06.jpg","smart-soffit-led-lighting-installation-contractors-florida-06.jpg","jpg","Modern two-story home with programmable smart soffit LED lighting designed for energy-efficient exterior lighting in Florida.","1","images.Image#light-6"
"https://cdn.prod.website-files.com/6a8f67a39235e3662e5721fe/6a8f67a39235e3662e572574_smart-soffit-led-lighting-installation-contractors-florida-07.jpg","smart-soffit-led-lighting-installation-contractors-florida-07.jpg","jpg","Smart soffit LED lighting installed along roof edges to enhance nighttime curb appeal and exterior safety for Florida residential properties.","1","images.Image#light-7"
"https://cdn.prod.website-files.com/6a8f67a39235e3662e5721fe/6a8f67a39235e3662e572575_smart-soffit-led-lighting-installation-contractors-florida-08.jpg","smart-soffit-led-lighting-installation-contractors-florida-08.jpg","jpg","High-end residential project featuring smart LED soffit lighting with custom color options, installed by expert lighting contractors in Florida.","1","images.Image#light-8"
"https://cdn.prod.website-files.com/6a8f67a39235e3662e5721fe/6a8f67a39235e3662e572576_smart-soffit-led-lighting-installation-contractors-florida-09.jpg","smart-soffit-led-lighting-installation-contractors-florida-09.jpg","jpg","Energy-efficient smart soffit LED lighting highlighting roof architecture and entrances on a Florida home exterior.","1","images.Image#light-9"
"https://cdn.prod.website-files.com/6a8f67a39235e3662e5721fe/6a8f67a39235e3662e572577_smart-soffit-led-lighting-installation-contractors-florida-10.jpg","smart-soffit-led-lighting-installation-contractors-florida-10.jpg","jpg","Custom smart soffit LED lighting installation providing elegant exterior illumination and smart home integration in North and South Florida.","1","images.Image#light-10"
"https://cdn.prod.website-files.com/6a8f67a39235e3662e5721fe/6a8f67a39235e3662e572578_pole-barn-steel-building-contractors-florida-01.jpg","pole-barn-steel-building-contractors-florida-01.jpg","jpg","Custom pole barn construction with steel roof and concrete slab, built by licensed contractors in North & South Florida.","1","images.Image#pole-barn-1"
"https://cdn.prod.website-files.com/6a8f67a39235e3662e5721fe/6a8f67a39235e3662e572579_pole-barn-steel-building-contractors-florida-03.jpg","pole-barn-steel-building-contractors-florida-03.jpg","jpg","Large open-span pole barn with steel roofing, designed for storage, workshops, and commercial use across North & South Florida.","1","images.Image#pole-barn-3"
"https://cdn.prod.website-files.com/6a8f67a39235e3662e5721fe/6a8f67a39235e3662e57257a_pole-barn-steel-building-contractors-florida-04.jpg","pole-barn-steel-building-contractors-florida-04.jpg","jpg","Covered pole barn with steel roof and treated wood posts, providing durable outdoor storage solutions in Florida.","1","images.Image#pole-barn-4"
"https://cdn.prod.website-files.com/6a8f67a39235e3662e5721fe/6a8f67a39235e3662e57257b_pole-barn-steel-building-contractors-florida-05.jpg","pole-barn-steel-building-contractors-florida-05.jpg","jpg","Custom pole barn construction over concrete slab, engineered for long-term durability by Florida building contractors.","1","images.Image#pole-barn-5"
"https://cdn.prod.website-files.com/6a8f67a39235e3662e5721fe/6a8f67a39235e3662e57257c_pole-barn-steel-building-contractors-florida-06.jpg","pole-barn-steel-building-contractors-florida-06.jpg","jpg","Steel pole barn installation with high-clearance design, perfect for equipment, vehicles, and commercial operations in Florida.","1","images.Image#pole-barn-6"
"https://cdn.prod.website-files.com/6a8f67a39235e3662e5721fe/6a8f67a39235e3662e57257d_pole-barn-steel-building-contractors-florida-07.jpg","pole-barn-steel-building-contractors-florida-07.jpg","jpg","Extended pole barn with steel panels and wood framing, built for agricultural and residential properties in North Florida.","1","images.Image#pole-barn-7"
"https://cdn.prod.website-files.com/6a8f67a39235e3662e5721fe/6a8f67a39235e3662e57257e_pole-barn-steel-building-contractors-florida-08.jpg","pole-barn-steel-building-contractors-florida-08.jpg","jpg","Custom-built steel pole barn with open sides, offering versatile coverage solutions across South Florida properties.","1","images.Image#pole-barn-8"
"https://cdn.prod.website-files.com/6a8f67a39235e3662e5721fe/6a8f67a39235e3662e57257f_pole-barn-steel-building-contractors-florida-09.jpg","pole-barn-steel-building-contractors-florida-09.jpg","jpg","Aerial view of metal roof pole barn construction, showcasing professional steel building installation in Florida.","1","images.Image#pole-barn-9"
"https://cdn.prod.website-files.com/6a8f67a39235e3662e5721fe/6a8f67a39235e3662e572580_pole-barn-steel-building-contractors-florida-10.jpg","pole-barn-steel-building-contractors-florida-10.jpg","jpg","Wood and steel pole barn structure under construction, designed and installed by expert Florida building contractors.","1","images.Image#pole-barn-10"
"https://cdn.prod.website-files.com/6a8f67a39235e3662e5721fe/6a8f67a39235e3662e572581_pool-screen-enclosure-builders-florida-03.jpg","pool-screen-enclosure-builders-florida-03.jpg","jpg","Modern pool screen enclosure overlooking lake views, designed and installed by pool enclosure contractors in Florida.","1","images.Image#pool-screen-3"
"https://cdn.prod.website-files.com/6a8f67a39235e3662e5721fe/6a8f67a39235e3662e572582_pool-screen-enclosure-builders-florida-04.jpg","pool-screen-enclosure-builders-florida-04.jpg","jpg","High-end pool cage enclosure with spa and lounge area built by experienced pool screen installers in Florida.","1","images.Image#pool-screen-4"
"https://cdn.prod.website-files.com/6a8f67a39235e3662e5721fe/6a8f67a39235e3662e572583_pool-screen-enclosure-builders-florida-05.jpg","pool-screen-enclosure-builders-florida-05.jpg","jpg","White aluminum pool screen enclosure protecting pool and patio, installed by Florida pool enclosure contractors.","1","images.Image#pool-screen-5"
"https://cdn.prod.website-files.com/6a8f67a39235e3662e5721fe/6a8f67a39235e3662e572584_pool-screen-enclosure-builders-florida-06.jpg","pool-screen-enclosure-builders-florida-06.jpg","jpg","Pool screen enclosure with covered living space and ceiling fans, built by professional builders in North Florida.","1","images.Image#pool-screen-6"
"https://cdn.prod.website-files.com/6a8f67a39235e3662e5721fe/6a8f67a39235e3662e572585_pool-screen-enclosure-builders-florida-07.jpg","pool-screen-enclosure-builders-florida-07.jpg","jpg","Lakefront pool screen enclosure designed for airflow and views by licensed pool enclosure builders in Florida.","1","images.Image#pool-screen-7"
"https://cdn.prod.website-files.com/6a8f67a39235e3662e5721fe/6a8f67a39235e3662e572586_pool-screen-enclosure-builders-florida-08.jpg","pool-screen-enclosure-builders-florida-08.jpg","jpg","Custom pool enclosure with curved pool design and patio installed by expert pool screen contractors in Florida.","1","images.Image#pool-screen-8"
"https://cdn.prod.website-files.com/6a8f67a39235e3662e5721fe/6a8f67a39235e3662e572587_pool-screen-enclosure-builders-florida-09.jpg","pool-screen-enclosure-builders-florida-09.jpg","jpg","Spacious pool screen enclosure with lounge seating built by trusted pool enclosure installers in South Florida.","1","images.Image#pool-screen-9"
"https://cdn.prod.website-files.com/6a8f67a39235e3662e5721fe/6a8f67a39235e3662e572588_pool-screen-enclosure-builders-florida-10.jpg","pool-screen-enclosure-builders-florida-10.jpg","jpg","Luxury pool and spa screen enclosure with premium finishes built by Florida pool enclosure construction experts.","1","images.Image#pool-screen-10"
"https://cdn.prod.website-files.com/6a8f67a39235e3662e5721fe/6a8f67a39235e3662e572589_retractable-screen-installation-contractors-florida-1.jpg","retractable-screen-installation-contractors-florida-1.jpg","jpg","Modern residential patio featuring a motorized retractable screen system designed to protect outdoor living areas from insects, sun, and weather. Ideal solution for pool patios in South Florida homes.","1","images.Image#retractable-screen-1"
"https://cdn.prod.website-files.com/6a8f67a39235e3662e5721fe/6a8f67a39235e3662e57258a_retractable-screen-installation-contractors-florida-2.jpg","retractable-screen-installation-contractors-florida-2.jpg","jpg","High-quality motorized retractable screens installed on a residential lanai, providing shade, privacy, and insect protection for outdoor living spaces in Florida.","1","images.Image#retractable-screen-2"
"https://cdn.prod.website-files.com/6a8f67a39235e3662e5721fe/6a8f67a39235e3662e57258b_retractable-screen-installation-contractors-florida-3.jpg","retractable-screen-installation-contractors-florida-3.jpg","jpg","Contemporary pergola with integrated motorized retractable screens, enhancing comfort and usability of outdoor spaces in South Florida residential properties.","1","images.Image#retractable-screen-3"
"https://cdn.prod.website-files.com/6a8f67a39235e3662e5721fe/6a8f67a39235e3662e57258c_retractable-screen-installation-contractors-florida-4.jpg","retractable-screen-installation-contractors-florida-4.jpg","jpg","Exterior motorized retractable screen system designed for sun control, privacy, and weather protection on patios and outdoor kitchens in Florida homes.","1","images.Image#retractable-screen-4"
"https://cdn.prod.website-files.com/6a8f67a39235e3662e5721fe/6a8f67a39235e3662e57258d_retractable-screen-installation-contractors-florida-5.jpg","retractable-screen-installation-contractors-florida-5.jpg","jpg","Custom motorized retractable screens installed on a backyard patio, creating a comfortable outdoor environment for families in South Florida.","1","images.Image#retractable-screen-5"
"https://cdn.prod.website-files.com/6a8f67a39235e3662e5721fe/6a8f67a39235e3662e57258e_retractable-screen-installation-contractors-florida-6.jpg","retractable-screen-installation-contractors-florida-6.jpg","jpg","Motorized screen enclosure protecting an outdoor kitchen and dining area, ideal for Florida homeowners looking to extend outdoor living year-round.","1","images.Image#retractable-screen-6"
"https://cdn.prod.website-files.com/6a8f67a39235e3662e5721fe/6a8f67a39235e3662e57258f_retractable-screen-installation-contractors-florida-7.jpg","retractable-screen-installation-contractors-florida-7.jpg","jpg","Professionally installed motorized patio screen system providing insect protection, shade, and enhanced comfort for South Florida outdoor living spaces.","1","images.Image#retractable-screen-7"
"https://cdn.prod.website-files.com/6a8f67a39235e3662e5721fe/6a8f67a39235e3662e572590_retractable-screen-installation-contractors-florida-8.jpg","retractable-screen-installation-contractors-florida-8.jpg","jpg","High-end pergola system with motorized retractable screens designed for luxury outdoor living in modern Florida homes.","1","images.Image#retractable-screen-8"
"https://cdn.prod.website-files.com/6a8f67a39235e3662e5721fe/6a8f67a39235e3662e572591_retractable-screen-installation-contractors-florida-09.jpg","retractable-screen-installation-contractors-florida-09.jpg","jpg","Modern outdoor living space featuring a louvered roof pergola with integrated motorized retractable screens, providing shade, insect protection, and weather control for South Florida homes.","1","images.Image#retractable-screen-9"
"https://cdn.prod.website-files.com/6a8f67a39235e3662e5721fe/6a8f67a39235e3662e572592_retractable-screen-installation-contractors-florida-10.jpg","retractable-screen-installation-contractors-florida-10.jpg","jpg","Custom motorized retractable screen system enclosing an outdoor kitchen and dining space, designed to enhance comfort, privacy, and year-round outdoor living in Florida residential properties.","1","images.Image#retractable-screen-10"
"https://cdn.prod.website-files.com/6a8f67a39235e3662e5721fe/6a8f67a39235e3662e572593_patio-screen-enclosure-builders-contractors-north-south-florida-01.jpg","patio-screen-enclosure-builders-contractors-north-south-florida-01.jpg","jpg","Custom patio screen enclosure built with durable aluminum framing, ideal for protecting outdoor living spaces in North and South Florida homes.","1","images.Image#patio-screen-1"
"https://cdn.prod.website-files.com/6a8f67a39235e3662e5721fe/6a8f67a39235e3662e572594_patio-screen-enclosure-builders-contractors-north-south-florida-02.jpg","patio-screen-enclosure-builders-contractors-north-south-florida-02.jpg","jpg","Professional patio screen enclosure installation designed to improve comfort, airflow, and insect protection for Florida residential properties.","1","images.Image#patio-screen-2"
"https://cdn.prod.website-files.com/6a8f67a39235e3662e5721fe/6a8f67a39235e3662e572595_patio-screen-enclosure-builders-contractors-north-south-florida-03.jpg","patio-screen-enclosure-builders-contractors-north-south-florida-03.jpg","jpg","Custom-built patio screen enclosure with pergola-style roof structure, providing shade and outdoor comfort for North and South Florida homeowners.","1","images.Image#patio-screen-3"
"https://cdn.prod.website-files.com/6a8f67a39235e3662e5721fe/6a8f67a39235e3662e572596_patio-screen-enclosure-builders-contractors-north-south-florida-04.jpg","patio-screen-enclosure-builders-contractors-north-south-florida-04.jpg","jpg","Durable covered patio screen enclosure designed to protect outdoor spaces from insects and weather in Florida residential homes.","1","images.Image#patio-screen-4"
"https://cdn.prod.website-files.com/6a8f67a39235e3662e5721fe/6a8f67a39235e3662e572597_patio-screen-enclosure-builders-contractors-north-south-florida-05.jpg","patio-screen-enclosure-builders-contractors-north-south-florida-05.jpg","jpg","Modern patio screen enclosure featuring a sleek black aluminum frame, enhancing outdoor living areas across North and South Florida.","1","images.Image#patio-screen-5"
"https://cdn.prod.website-files.com/6a8f67a39235e3662e5721fe/6a8f67a39235e3662e572598_patio-screen-enclosure-builders-contractors-north-south-florida-06.jpg","patio-screen-enclosure-builders-contractors-north-south-florida-06.jpg","jpg","Side patio screen enclosure installed to expand usable outdoor space and improve privacy for Florida homeowners.","1","images.Image#patio-screen-6"
"https://cdn.prod.website-files.com/6a8f67a39235e3662e5721fe/6a8f67a39235e3662e572599_patio-screen-enclosure-builders-contractors-north-south-florida-07.jpg","patio-screen-enclosure-builders-contractors-north-south-florida-07.jpg","jpg","Flat roof patio screen enclosure designed for modern Florida homes, offering a clean architectural look and outdoor protection.","1","images.Image#patio-screen-7"
"https://cdn.prod.website-files.com/6a8f67a39235e3662e5721fe/6a8f67a39235e3662e57259a_patio-screen-enclosure-builders-contractors-north-south-florida-08.jpg","patio-screen-enclosure-builders-contractors-north-south-florida-08.jpg","jpg","Custom patio screen enclosure solution providing partial enclosure for enhanced airflow, shade, and insect control in Florida.","1","images.Image#patio-screen-8"
"https://cdn.prod.website-files.com/6a8f67a39235e3662e5721fe/6a8f67a39235e3662e57259b_patio-screen-enclosure-builders-contractors-north-south-florida-09.jpg","patio-screen-enclosure-builders-contractors-north-south-florida-09.jpg","jpg","Patio screen enclosure built adjacent to a pool area, creating a protected and comfortable outdoor environment for Florida homes.","1","images.Image#patio-screen-9"
"https://cdn.prod.website-files.com/6a8f67a39235e3662e5721fe/6a8f67a39235e3662e57259c_patio-screen-enclosure-builders-contractors-north-south-florida-10.jpg","patio-screen-enclosure-builders-contractors-north-south-florida-10.jpg","jpg","Complete patio screen enclosure installation offering full protection, durability, and enhanced outdoor living for North and South Florida homeowners.","1","images.Image#patio-screen-10"
"https://cdn.prod.website-files.com/6a8f67a39235e3662e5721fe/6a8f67a39235e3662e5725c3_Custom%20Soffit%20LED%20Installation%20Icon.svg","custom-soffit-led-installation-icon.svg","svg","","1","subservices.Icon#custom-soffit-led-installation"
"https://cdn.prod.website-files.com/6a8f67a39235e3662e5721fe/6a8f67a39235e3662e5725c4_Permanent%20Holiday%20Lighting%20Installers.svg","permanent-holiday-lighting-installers.svg","svg","","1","subservices.Icon#permanent-holiday-lighting-installers"
"https://cdn.prod.website-files.com/6a8f67a39235e3662e5721fe/6a8f67a39235e3662e5725c5_Weather%E2%80%91Resistant%20Soffit%20Lighting.svg","weather-resistant-soffit-lighting.svg","svg","","1","subservices.Icon#weather-resistant-soffit-lighting"
"https://cdn.prod.website-files.com/6a8f67a39235e3662e5721fe/6a8f67a39235e3662e5725c6_Smartphone%E2%80%91Controlled%20Lighting%20Setup.svg","smartphone-controlled-lighting-setup.svg","svg","","1","subservices.Icon#smartphone-controlled-lighting-setup"
"https://cdn.prod.website-files.com/6a8f67a39235e3662e5721fe/6a8f67a39235e3662e5725c7_Low%E2%80%91Profile%20LED%20Channel%20Installation.svg","low-profile-led-channel-installation.svg","svg","","1","subservices.Icon#low-profile-led-channel-installation"
"https://cdn.prod.website-files.com/6a8f67a39235e3662e5721fe/6a8f67a39235e3662e5725c8_Security%20Accent%20Lighting%20Contractors.svg","security-accent-lighting-contractors.svg","svg","","1","subservices.Icon#security-accent-lighting-contractors"
"https://cdn.prod.website-files.com/6a8f67a39235e3662e5721fe/6a8f67a39235e3662e5725c9_Custom%20Color%20%26%20Pattern%20LED%20Systems.svg","custom-color-pattern-led-systems.svg","svg","","1","subservices.Icon#custom-color-pattern-led-systems"
"https://cdn.prod.website-files.com/6a8f67a39235e3662e5721fe/6a8f67a39235e3662e5725ca_Energy%E2%80%91Efficient%20Soffit%20LED%20Upgrades.svg","energy-efficient-soffit-led-upgrades.svg","svg","","1","subservices.Icon#energy-efficient-soffit-led-upgrades"
"https://cdn.prod.website-files.com/6a8f67a39235e3662e5721fe/6a8f67a39235e3662e5725cb_Custom%20Pole%20Barn%20Builders.svg","custom-pole-barn-builders.svg","svg","","1","subservices.Icon#custom-pole-barn-builders"
"https://cdn.prod.website-files.com/6a8f67a39235e3662e5721fe/6a8f67a39235e3662e5725cc_Steel%20Garage%20Construction.svg","steel-garage-construction.svg","svg","","1","subservices.Icon#steel-garage-construction"
"https://cdn.prod.website-files.com/6a8f67a39235e3662e5721fe/6a8f67a39235e3662e5725cd_Agricultural%20Barn%20Installation.svg","agricultural-barn-installation.svg","svg","","1","subservices.Icon#agricultural-barn-installation"
"https://cdn.prod.website-files.com/6a8f67a39235e3662e5721fe/6a8f67a39235e3662e5725ce_Pre%E2%80%91Engineered%20Steel%20Kit%20Assembly.svg","pre-engineered-steel-kit-assembly.svg","svg","","1","subservices.Icon#pre-engineered-steel-kit-assembly"
"https://cdn.prod.website-files.com/6a8f67a39235e3662e5721fe/6a8f67a39235e3662e5725cf_Custom%20Workshop%20%26%20Storage%20Buildings.svg","custom-workshop-storage-buildings.svg","svg","","1","subservices.Icon#custom-workshop-storage-buildings"
"https://cdn.prod.website-files.com/6a8f67a39235e3662e5721fe/6a8f67a39235e3662e5725d0_Steel%20Building%20Renovation%20Services.svg","steel-building-renovation-services.svg","svg","","1","subservices.Icon#steel-building-renovation-services"
"https://cdn.prod.website-files.com/6a8f67a39235e3662e5721fe/6a8f67a39235e3662e5725d1_Commercial%E2%80%91Grade%20Metal%20Buildings.svg","commercial-grade-metal-buildings.svg","svg","","1","subservices.Icon#commercial-grade-metal-buildings"
"https://cdn.prod.website-files.com/6a8f67a39235e3662e5721fe/6a8f67a39235e3662e5725d2_Weather%E2%80%91Rated%20Steel%20Building%20Installation.svg","weather-rated-steel-building-installation.svg","svg","","1","subservices.Icon#weather-rated-steel-building-installation"
"https://cdn.prod.website-files.com/6a8f67a39235e3662e5721fe/6a8f67a39235e3662e5725d3_Motorized%20Patio%20Screen%20Installation.svg","motorized-patio-screen-installation.svg","svg","","1","subservices.Icon#motorized-patio-screen-installation"
"https://cdn.prod.website-files.com/6a8f67a39235e3662e5721fe/6a8f67a39235e3662e5725d4_Manual%20Retractable%20Screen%20Installers.svg","manual-retractable-screen-installers.svg","svg","","1","subservices.Icon#manual-retractable-screen-installers"
"https://cdn.prod.website-files.com/6a8f67a39235e3662e5721fe/6a8f67a39235e3662e5725d5_Custom%20Screen%20Design%20%26%20Fabrication.svg","custom-screen-design-fabrication.svg","svg","","1","subservices.Icon#custom-screen-design-fabrication"
"https://cdn.prod.website-files.com/6a8f67a39235e3662e5721fe/6a8f67a39235e3662e5725d6_Screen%20Replacement%20%26%20Repair%20Contractors.svg","screen-replacement-repair-contractors.svg","svg","","1","subservices.Icon#screen-replacement-repair-contractors"
"https://cdn.prod.website-files.com/6a8f67a39235e3662e5721fe/6a8f67a39235e3662e5725d7_Garage%20Retractable%20Screen%20Installation.svg","garage-retractable-screen-installation.svg","svg","","1","subservices.Icon#garage-retractable-screen-installation"
"https://cdn.prod.website-files.com/6a8f67a39235e3662e5721fe/6a8f67a39235e3662e5725d8_Lanai%20%26%20Porch%20Enclosure%20Installation.svg","lanai-porch-enclosure-installation.svg","svg","","1","subservices.Icon#lanai-porch-enclosure-installation"
"https://cdn.prod.website-files.com/6a8f67a39235e3662e5721fe/6a8f67a39235e3662e5725d9_Smart%20Remote%20Screen%20Integration.svg","smart-remote-screen-integration.svg","svg","","1","subservices.Icon#smart-remote-screen-integration"
"https://cdn.prod.website-files.com/6a8f67a39235e3662e5721fe/6a8f67a39235e3662e5725da_Upgraded%20Mesh%20%26%20Fabric%20Replacement.svg","upgraded-mesh-fabric-replacement.svg","svg","","1","subservices.Icon#upgraded-mesh-fabric-replacement"
"https://cdn.prod.website-files.com/6a8f67a39235e3662e5721fe/6a8f67a39235e3662e5725db_Custom%20Pool%20Cage%20Builders.svg","custom-pool-cage-builders.svg","svg","","1","subservices.Icon#custom-pool-cage-builders"
"https://cdn.prod.website-files.com/6a8f67a39235e3662e5721fe/6a8f67a39235e3662e5725dc_Lanai%20%26%20Patio%20Enclosure%20Installation.svg","lanai-patio-enclosure-installation.svg","svg","","1","subservices.Icon#lanai-patio-enclosure-installation"
"https://cdn.prod.website-files.com/6a8f67a39235e3662e5721fe/6a8f67a39235e3662e5725dd_Rescreening%20%26%20Mesh%20Replacement.svg","rescreening-mesh-replacement.svg","svg","","1","subservices.Icon#rescreening-mesh-replacement"
"https://cdn.prod.website-files.com/6a8f67a39235e3662e5721fe/6a8f67a39235e3662e5725de_Screen%20Enclosure%20Repair%20Services.svg","screen-enclosure-repair-services.svg","svg","","1","subservices.Icon#screen-enclosure-repair-services"
"https://cdn.prod.website-files.com/6a8f67a39235e3662e5721fe/6a8f67a39235e3662e5725df_High%E2%80%91Wind%20Enclosure%20Installation.svg","high-wind-enclosure-installation.svg","svg","","1","subservices.Icon#high-wind-enclosure-installation"
"https://cdn.prod.website-files.com/6a8f67a39235e3662e5721fe/6a8f67a39235e3662e5725e0_Permit%20%26%20Engineering%20Management.svg","permit-engineering-management.svg","svg","","1","subservices.Icon#permit-engineering-management"
"https://cdn.prod.website-files.com/6a8f67a39235e3662e5721fe/6a8f67a39235e3662e5725e1_Patio%20Screen%20Room%20Conversion.svg","patio-screen-room-conversion.svg","svg","","1","subservices.Icon#patio-screen-room-conversion"
"https://cdn.prod.website-files.com/6a8f67a39235e3662e5721fe/6a8f67a39235e3662e5725e2_Pool%20Enclosure%20Remodeling.svg","pool-enclosure-remodeling.svg","svg","","1","subservices.Icon#pool-enclosure-remodeling"
"https://cdn.prod.website-files.com/6a8f67a39235e3662e5721fe/6a8f67a39235e3662e5725e3_Lighting%20%26%20Water%20Feature%20Upgrades.svg","lighting-water-feature-upgrades.svg","svg","","1","subservices.Icon#lighting-water-feature-upgrades"
"https://cdn.prod.website-files.com/6a8f67a39235e3662e5721fe/6a8f67a39235e3662e5725e4_Custom%20Outdoor%20Kitchen%20Design.svg","custom-outdoor-kitchen-design.svg","svg","","1","subservices.Icon#custom-outdoor-kitchen-design"
"https://cdn.prod.website-files.com/6a8f67a39235e3662e5721fe/6a8f67a39235e3662e5725e5_Modular%20Kitchen%20Installation.svg","modular-kitchen-installation.svg","svg","","1","subservices.Icon#modular-kitchen-installation"
"https://cdn.prod.website-files.com/6a8f67a39235e3662e5721fe/6a8f67a39235e3662e5725e6_Grilling%20Island%20Construction.svg","grilling-island-construction.svg","svg","","1","subservices.Icon#grilling-island-construction"
"https://cdn.prod.website-files.com/6a8f67a39235e3662e5721fe/6a8f67a39235e3662e5725e7_Outdoor%20Pizza%20Oven%20Builders.svg","outdoor-pizza-oven-builders.svg","svg","","1","subservices.Icon#outdoor-pizza-oven-builders"
"https://cdn.prod.website-files.com/6a8f67a39235e3662e5721fe/6a8f67a39235e3662e5725e8_Outdoor%20Bar%20%26%20Beverage%20Centers.svg","outdoor-bar-beverage-centers.svg","svg","","1","subservices.Icon#outdoor-bar-beverage-centers"
"https://cdn.prod.website-files.com/6a8f67a39235e3662e5721fe/6a8f67a39235e3662e5725e9_Outdoor%20Kitchen%20Remodeling.svg","outdoor-kitchen-remodeling.svg","svg","","1","subservices.Icon#outdoor-kitchen-remodeling"
"https://cdn.prod.website-files.com/6a8f67a39235e3662e5721fe/6a8f67a39235e3662e5725ea_Durable%20Material%20Installation.svg","durable-material-installation.svg","svg","","1","subservices.Icon#durable-material-installation"
"https://cdn.prod.website-files.com/6a8f67a39235e3662e5721fe/6a8f67a39235e3662e5725eb_Permit%20%26%20Contractor%20Coordination.svg","permit-contractor-coordination.svg","svg","","1","subservices.Icon#permit-contractor-coordination"
"https://cdn.prod.website-files.com/6a8f67a39235e3662e5721fe/6a8f67a39235e3662e5725ec_Screen%20Room%20Design%20%26%20Installation.svg","screen-room-design-installation.svg","svg","","1","subservices.Icon#screen-room-design-installation"
"https://cdn.prod.website-files.com/6a8f67a39235e3662e5721fe/6a8f67a39235e3662e5725ed_Insulated%20Patio%20Roof%20Builders.svg","insulated-patio-roof-builders.svg","svg","","1","subservices.Icon#insulated-patio-roof-builders"
"https://cdn.prod.website-files.com/6a8f67a39235e3662e5721fe/6a8f67a39235e3662e5725ee_Non%E2%80%91Insulated%20Screen%20Roof%20Installation.svg","non-insulated-screen-roof-installation.svg","svg","","1","subservices.Icon#non-insulated-screen-roof-installation"
"https://cdn.prod.website-files.com/6a8f67a39235e3662e5721fe/6a8f67a39235e3662e5725ef_Porch%20%26%20Deck%20Screen%20Room%20Conversion.svg","porch-deck-screen-room-conversion.svg","svg","","1","subservices.Icon#porch-deck-screen-room-conversion"
"https://cdn.prod.website-files.com/6a8f67a39235e3662e5721fe/6a8f67a39235e3662e5725f0_Screen%20Room%20Remodeling%20%26%20Upgrades.svg","screen-room-remodeling-upgrades.svg","svg","","1","subservices.Icon#screen-room-remodeling-upgrades"
"https://cdn.prod.website-files.com/6a8f67a39235e3662e5721fe/6a8f67a39235e3662e5725f1_Structural%20Tie%E2%80%91In%20%26%20Matching.svg","structural-tie-in-matching.svg","svg","","1","subservices.Icon#structural-tie-in-matching"
"https://cdn.prod.website-files.com/6a8f67a39235e3662e5721fe/6a8f67a39235e3662e5725f2_Free%20Design%20Consultation%20Services.svg","free-design-consultation-services.svg","svg","","1","subservices.Icon#free-design-consultation-services"
"https://cdn.prod.website-files.com/6a8f67a39235e3662e5721fe/6a8f67a39235e3662e5725f3_Licensed%20%26%20Insured%20Installation.svg","licensed-insured-installation.svg","svg","","1","subservices.Icon#licensed-insured-installation"
"https://cdn.prod.website-files.com/6a8f67a39235e3662e5721fe/6a8f67a39235e3662e5725f4_Custom%20Patio%20Furniture%20Design.svg","custom-patio-furniture-design.svg","svg","","1","subservices.Icon#custom-patio-furniture-design"
"https://cdn.prod.website-files.com/6a8f67a39235e3662e5721fe/6a8f67a39235e3662e5725f5_Teak%20%26%20Hardwood%20Furniture%20Installation.svg","teak-hardwood-furniture-installation.svg","svg","","1","subservices.Icon#teak-hardwood-furniture-installation"
"https://cdn.prod.website-files.com/6a8f67a39235e3662e5721fe/6a8f67a39235e3662e5725f6_Aluminum%20Furniture%20Assembly%20Services.svg","aluminum-furniture-assembly-services.svg","svg","","1","subservices.Icon#aluminum-furniture-assembly-services"
"https://cdn.prod.website-files.com/6a8f67a39235e3662e5721fe/6a8f67a39235e3662e5725f7_Wicker%20Lounge%20Set%20Installation.svg","wicker-lounge-set-installation.svg","svg","","1","subservices.Icon#wicker-lounge-set-installation"
"https://cdn.prod.website-files.com/6a8f67a39235e3662e5721fe/6a8f67a39235e3662e5725f8_Modular%20Seating%20Design%20%26%20Installation.svg","modular-seating-design-installation.svg","svg","","1","subservices.Icon#modular-seating-design-installation"
"https://cdn.prod.website-files.com/6a8f67a39235e3662e5721fe/6a8f67a39235e3662e5725f9_Sustainable%20Outdoor%20Furniture%20Solutions.svg","sustainable-outdoor-furniture-solutions.svg","svg","","1","subservices.Icon#sustainable-outdoor-furniture-solutions"
"https://cdn.prod.website-files.com/6a8f67a39235e3662e5721fe/6a8f67a39235e3662e5725fa_Outdoor%20Furniture%20Renovation%20Services.svg","outdoor-furniture-renovation-services.svg","svg","","1","subservices.Icon#outdoor-furniture-renovation-services"
"https://cdn.prod.website-files.com/6a8f67a39235e3662e5721fe/6a8f67a39235e3662e5725fb_Professional%20Furniture%20Installation%20%26%20Staging.svg","professional-furniture-installation-staging.svg","svg","","1","subservices.Icon#professional-furniture-installation-staging"
"https://cdn.prod.website-files.com/6a8f67a39235e3662e5721fe/6a8f67a39235e3662e5725fc_Motorized%20Louvered%20Roof%20Installation.svg","motorized-louvered-roof-installation.svg","svg","","1","subservices.Icon#motorized-louvered-roof-installation"
"https://cdn.prod.website-files.com/6a8f67a39235e3662e5721fe/6a8f67a39235e3662e5725fd_Manual%20Adjustable%20Louver%20Builders.svg","manual-adjustable-louver-builders.svg","svg","","1","subservices.Icon#manual-adjustable-louver-builders"
"https://cdn.prod.website-files.com/6a8f67a39235e3662e5721fe/6a8f67a39235e3662e5725fe_Smart%20Sensor%20Roof%20Integration.svg","smart-sensor-roof-integration.svg","svg","","1","subservices.Icon#smart-sensor-roof-integration"
"https://cdn.prod.website-files.com/6a8f67a39235e3662e5721fe/6a8f67a39235e3662e5725ff_LED%20Lighting%20%26%20Fan%20Installation.svg","led-lighting-fan-installation.svg","svg","","1","subservices.Icon#led-lighting-fan-installation"
"https://cdn.prod.website-files.com/6a8f67a39235e3662e5721fe/6a8f67a39235e3662e572600_HOA%20%26%20Permit%20Processing.svg","hoa-permit-processing.svg","svg","","1","subservices.Icon#hoa-permit-processing"
"https://cdn.prod.website-files.com/6a8f67a39235e3662e5721fe/6a8f67a39235e3662e572601_Wood%E2%80%91Look%20Aluminum%20Finish%20Installation.svg","wood-look-aluminum-finish-installation.svg","svg","","1","subservices.Icon#wood-look-aluminum-finish-installation"
"https://cdn.prod.website-files.com/6a8f67a39235e3662e5721fe/6a8f67a39235e3662e572602_Custom%20Layout%20%26%20Design%20Services.svg","custom-layout-design-services.svg","svg","","1","subservices.Icon#custom-layout-design-services"
"https://cdn.prod.website-files.com/6a8f67a39235e3662e5721fe/6a8f67a39235e3662e572603_Seasonal%20Maintenance%20%26%20Repair.svg","seasonal-maintenance-repair.svg","svg","","1","subservices.Icon#seasonal-maintenance-repair"
"https://cdn.prod.website-files.com/6a8f67a39235e3662e5721fe/6a8f67a39235e3662e572604_Composite%20Deck%20Installation.svg","composite-deck-installation.svg","svg","","1","subservices.Icon#composite-deck-installation"
"https://cdn.prod.website-files.com/6a8f67a39235e3662e5721fe/6a8f67a39235e3662e572605_Pressure%E2%80%91Treated%20Wood%20Deck%20Builders.svg","pressure-treated-wood-deck-builders.svg","svg","","1","subservices.Icon#pressure-treated-wood-deck-builders"
"https://cdn.prod.website-files.com/6a8f67a39235e3662e5721fe/6a8f67a39235e3662e572606_Multi%E2%80%91Level%20Deck%20Design%20%26%20Construction.svg","multi-level-deck-design-construction.svg","svg","","1","subservices.Icon#multi-level-deck-design-construction"
"https://cdn.prod.website-files.com/6a8f67a39235e3662e5721fe/6a8f67a39235e3662e572607_Pool%20Deck%20Installation%20%26%20Renovation.svg","pool-deck-installation-renovation.svg","svg","","1","subservices.Icon#pool-deck-installation-renovation"
"https://cdn.prod.website-files.com/6a8f67a39235e3662e5721fe/6a8f67a39235e3662e572608_Rooftop%20Deck%20Builders.svg","rooftop-deck-builders.svg","svg","","1","subservices.Icon#rooftop-deck-builders"
"https://cdn.prod.website-files.com/6a8f67a39235e3662e5721fe/6a8f67a39235e3662e572609_Deck%20Railing%20Installation.svg","deck-railing-installation.svg","svg","","1","subservices.Icon#deck-railing-installation"
"https://cdn.prod.website-files.com/6a8f67a39235e3662e5721fe/6a8f67a39235e3662e57260a_Deck%20Lighting%20Installation.svg","deck-lighting-installation.svg","svg","","1","subservices.Icon#deck-lighting-installation"
"https://cdn.prod.website-files.com/6a8f67a39235e3662e5721fe/6a8f67a39235e3662e57260b_Deck%20Remodeling%20%26%20Expansion.svg","deck-remodeling-expansion.svg","svg","","1","subservices.Icon#deck-remodeling-expansion"
"https://cdn.prod.website-files.com/6a8f67a39235e3662e5721fe/6a8f67a39235e3662e57260c_Smart%20Irrigation%20Controller%20Installation.svg","smart-irrigation-controller-installation.svg","svg","","1","subservices.Icon#smart-irrigation-controller-installation"
"https://cdn.prod.website-files.com/6a8f67a39235e3662e5721fe/6a8f67a39235e3662e57260d_Sprinkler%20System%20Installation%20%26%20Repair.svg","sprinkler-system-installation-repair.svg","svg","","1","subservices.Icon#sprinkler-system-installation-repair"
"https://cdn.prod.website-files.com/6a8f67a39235e3662e5721fe/6a8f67a39235e3662e57260e_Drip%20Irrigation%20System%20Installers.svg","drip-irrigation-system-installers.svg","svg","","1","subservices.Icon#drip-irrigation-system-installers"
"https://cdn.prod.website-files.com/6a8f67a39235e3662e5721fe/6a8f67a39235e3662e57260f_Leak%20Detection%20%26%20System%20Repair.svg","leak-detection-system-repair.svg","svg","","1","subservices.Icon#leak-detection-system-repair"
"https://cdn.prod.website-files.com/6a8f67a39235e3662e5721fe/6a8f67a39235e3662e572610_Weather%E2%80%91Sensing%20Irrigation%20Upgrades.svg","weather-sensing-irrigation-upgrades.svg","svg","","1","subservices.Icon#weather-sensing-irrigation-upgrades"
"https://cdn.prod.website-files.com/6a8f67a39235e3662e5721fe/6a8f67a39235e3662e572611_Irrigation%20Rerouting%20for%20Pools%20%26%20Hardscapes.svg","irrigation-rerouting-for-pools-hardscapes.svg","svg","","1","subservices.Icon#irrigation-rerouting-for-pools-hardscapes"
"https://cdn.prod.website-files.com/6a8f67a39235e3662e5721fe/6a8f67a39235e3662e572612_Landscape%20Zoning%20%26%20Redesign.svg","landscape-zoning-redesign.svg","svg","","1","subservices.Icon#landscape-zoning-redesign"
"https://cdn.prod.website-files.com/6a8f67a39235e3662e5721fe/6a8f67a39235e3662e572613_Seasonal%20Maintenance%20%26%20Optimization.svg","seasonal-maintenance-optimization.svg","svg","","1","subservices.Icon#seasonal-maintenance-optimization"
"https://cdn.prod.website-files.com/6a8f67a39235e3662e5721fe/6a8f67a39235e3662e572614_Landscape%20Design%20%26%20Consultation.svg","landscape-design-consultation.svg","svg","","1","subservices.Icon#landscape-design-consultation"
"https://cdn.prod.website-files.com/6a8f67a39235e3662e5721fe/6a8f67a39235e3662e572615_Sod%20Installation%20Contractors.svg","sod-installation-contractors.svg","svg","","1","subservices.Icon#sod-installation-contractors"
"https://cdn.prod.website-files.com/6a8f67a39235e3662e5721fe/6a8f67a39235e3662e572616_Plant%20%26%20Tree%20Installation%20Services.svg","plant-tree-installation-services.svg","svg","","1","subservices.Icon#plant-tree-installation-services"
"https://cdn.prod.website-files.com/6a8f67a39235e3662e5721fe/6a8f67a39235e3662e572617_Hardscape%20%26%20Paver%20Patio%20Construction.svg","hardscape-paver-patio-construction.svg","svg","","1","subservices.Icon#hardscape-paver-patio-construction"
"https://cdn.prod.website-files.com/6a8f67a39235e3662e5721fe/6a8f67a39235e3662e572618_Landscape%20Lighting%20Installation.svg","landscape-lighting-installation.svg","svg","","1","subservices.Icon#landscape-lighting-installation"
"https://cdn.prod.website-files.com/6a8f67a39235e3662e5721fe/6a8f67a39235e3662e572619_Drainage%20System%20Installation.svg","drainage-system-installation.svg","svg","","1","subservices.Icon#drainage-system-installation"
"https://cdn.prod.website-files.com/6a8f67a39235e3662e5721fe/6a8f67a39235e3662e57261a_Mulching%20%26%20Edging%20Services.svg","mulching-edging-services.svg","svg","","1","subservices.Icon#mulching-edging-services"
"https://cdn.prod.website-files.com/6a8f67a39235e3662e5721fe/6a8f67a39235e3662e57261b_Native%20Plant%20%26%20Sustainable%20Landscaping.svg","native-plant-sustainable-landscaping.svg","svg","","1","subservices.Icon#native-plant-sustainable-landscaping"
"https://cdn.prod.website-files.com/6a8f67a39235e3662e5721fe/6a8f67a39235e3662e57261c_modern-pool-remodeling-upgrade-florida.avif","modern-pool-remodeling-upgrade-florida.avif","avif","Modern pool remodeling upgrade transforming an outdated Florida swimming pool","1","residentials.Image Animation 1#pool-remodeling-renovation-in-north-south-florida"
"https://cdn.prod.website-files.com/6a8f67a39235e3662e5721fe/6a8f67a39235e3662e57261d_pool-resurfacing-tile-finish-upgrade-florida.avif","pool-resurfacing-tile-finish-upgrade-florida.avif","avif","Pool resurfacing and tile finish upgrades for residential pools in Florida","1","residentials.Image Animation 2#pool-remodeling-renovation-in-north-south-florida"
"https://cdn.prod.website-files.com/6a8f67a39235e3662e5721fe/6a8f67a39235e3662e57261e_pool-remodeling-renovation-florida.avif","pool-remodeling-renovation-florida.avif","avif","Pool remodeling and renovation project completed by licensed Florida pool contractors","1","residentials.Image Animation 3#pool-remodeling-renovation-in-north-south-florida"
"https://cdn.prod.website-files.com/6a8f67a39235e3662e5721fe/6a8f67a39235e3662e57261f_custom-screened-pool-enclosure-florida.avif","custom-screened-pool-enclosure-florida.avif","avif","Custom screened pool enclosure designed for Florida residential properties","1","residentials.Image Animation 1#pool-screen-enclosures-for-north-south-florida-pools"
"https://cdn.prod.website-files.com/6a8f67a39235e3662e5721fe/6a8f67a39235e3662e572620_backyard-pool-screen-enclosure-installation-florida.avif","backyard-pool-screen-enclosure-installation-florida.avif","avif","Pool enclosure system installed by Florida contractors, keeping debris out while enhancing pool safety and cleanliness.","1","residentials.Image Animation 2#pool-screen-enclosures-for-north-south-florida-pools"
"https://cdn.prod.website-files.com/6a8f67a39235e3662e5721fe/6a8f67a39235e3662e572621_aluminum-pool-screen-enclosure-florida.avif","aluminum-pool-screen-enclosure-florida.avif","avif","Aluminum pool screen enclosure protecting a Florida backyard swimming pool","1","residentials.Image Animation 3#pool-screen-enclosures-for-north-south-florida-pools"
"https://cdn.prod.website-files.com/6a8f67a39235e3662e5721fe/6a8f67a39235e3662e572622_patio-screen-rooms-florida.avif","patio-screen-rooms-florida.avif","avif","Patio screen rooms built by professional outdoor living contractors in Florida","1","residentials.Image Animation 1#patio-screen-rooms-enclosures-in-north-south-florida"
"https://cdn.prod.website-files.com/6a8f67a39235e3662e5721fe/6a8f67a39235e3662e572623_backyard-patio-screen-room-installation-florida.avif","backyard-patio-screen-room-installation-florida.avif","avif","Backyard pergola installation enhancing a Florida outdoor living area","1","residentials.Image Animation 2#patio-screen-rooms-enclosures-in-north-south-florida"
"https://cdn.prod.website-files.com/6a8f67a39235e3662e5721fe/6a8f67a39235e3662e572624_custom-patio-screen-room-florida.avif","custom-patio-screen-room-florida.avif","avif","Custom patio screen room designed for Florida residential properties","1","residentials.Image Animation 3#patio-screen-rooms-enclosures-in-north-south-florida"
"https://cdn.prod.website-files.com/6a8f67a39235e3662e5721fe/6a8f67a39235e3662e572625_custom-wood-pergola-florida.avif","custom-wood-pergola-florida.avif","avif","Custom aluminum pergola designed for a Florida outdoor living space","1","residentials.Image Animation 2#custom-aluminum-pergola-builders-in-north-south-florida"
"https://cdn.prod.website-files.com/6a8f67a39235e3662e5721fe/6a8f67a39235e3662e572626_custom-aluminum-pergola-florida.avif","custom-aluminum-pergola-florida.avif","avif","Custom aluminum pergola installation for a modern Florida backyard","1","residentials.Image Animation 1#custom-aluminum-pergola-builders-in-north-south-florida"
"https://cdn.prod.website-files.com/6a8f67a39235e3662e5721fe/6a8f67a39235e3662e572627_backyard-pergola-installation-florida.avif","backyard-pergola-installation-florida.avif","avif","Backyard pergola installation enhancing a Florida outdoor living area","1","residentials.Image Animation 3#custom-aluminum-pergola-builders-in-north-south-florida"
"https://cdn.prod.website-files.com/6a8f67a39235e3662e5721fe/6a8f67a39235e3662e572628_motorized-louvered-pergola-florida.avif","motorized-louvered-pergola-florida.avif","avif","Motorized louvered pergola providing adjustable shade in a Florida backyard","1","residentials.Image Animation 1#motorized-louvered-roof-systems-in-north-south-florida"
"https://cdn.prod.website-files.com/6a8f67a39235e3662e5721fe/6a8f67a39235e3662e572629_backyard-louvered-roof-installation-florida.avif","backyard-louvered-roof-installation-florida.avif","avif","Backyard louvered roof system installation enhancing a Florida outdoor living space","1","residentials.Image Animation 2#motorized-louvered-roof-systems-in-north-south-florida"
"https://cdn.prod.website-files.com/6a8f67a39235e3662e5721fe/6a8f67a39235e3662e57262a_adjustable-louvered-pergola-roof-florida.avif","adjustable-louvered-pergola-roof-florida.avif","avif","Adjustable louvered pergola roof allowing sun and rain control in Florida","1","residentials.Image Animation 3#motorized-louvered-roof-systems-in-north-south-florida"
"https://cdn.prod.website-files.com/6a8f67a39235e3662e5721fe/6a8f67a39235e3662e57262b_patio-retractable-screen-installation-florida.avif","patio-retractable-screen-installation-florida.avif","avif","Patio retractable screen installation for a Florida outdoor living space","1","residentials.Image Animation 1#motorized-retractable-screens-in-north-south-florida"
"https://cdn.prod.website-files.com/6a8f67a39235e3662e5721fe/6a8f67a39235e3662e57262c_outdoor-retractable-screen-system-florida.avif","outdoor-retractable-screen-system-florida.avif","avif","Outdoor retractable screen system allowing flexible enclosure in Florida homes","1","residentials.Image Animation 2#motorized-retractable-screens-in-north-south-florida"
"https://cdn.prod.website-files.com/6a8f67a39235e3662e5721fe/6a8f67a39235e3662e57262d_motorized-retractable-screens-florida.avif","motorized-retractable-screens-florida.avif","avif","Motorized retractable screens providing shade and insect protection in Florida","1","residentials.Image Animation 3#motorized-retractable-screens-in-north-south-florida"
"https://cdn.prod.website-files.com/6a8f67a39235e3662e5721fe/6a8f67a39235e3662e57262e_composite-decking-installation-florida.avif","composite-decking-installation-florida.avif","avif","Composite decking installation for a low-maintenance Florida outdoor space","1","residentials.Image Animation 2#custom-deck-builders-in-north-south-florida"
"https://cdn.prod.website-files.com/6a8f67a39235e3662e5721fe/6a8f67a39235e3662e57262f_backyard-deck-construction-florida.avif","backyard-deck-construction-florida.avif","avif","Backyard deck construction creating an expanded outdoor living space in Florida","1","residentials.Image Animation 3#custom-deck-builders-in-north-south-florida"
"https://cdn.prod.website-files.com/6a8f67a39235e3662e5721fe/6a8f67a39235e3662e572630_smart-led-soffit-lighting-night-florida.avif","smart-led-soffit-lighting-night-florida.avif","avif","Smart LED soffit lighting illuminating a Florida home at night","1","residentials.Image Animation 1#smart-soffit-led-lighting-installation-in-north-south-florida"
"https://cdn.prod.website-files.com/6a8f67a39235e3662e5721fe/6a8f67a39235e3662e572631_outdoor-led-soffit-lighting-system-florida.avif","outdoor-led-soffit-lighting-system-florida.avif","avif","Outdoor LED soffit lighting system providing energy-efficient illumination in Florida","1","residentials.Image Animation 2#smart-soffit-led-lighting-installation-in-north-south-florida"
"https://cdn.prod.website-files.com/6a8f67a39235e3662e5721fe/6a8f67a39235e3662e572632_architectural-soffit-led-lighting-florida.avif","architectural-soffit-led-lighting-florida.avif","avif","Architectural soffit LED lighting enhancing a modern Florida home exterior","1","residentials.Image Animation 3#smart-soffit-led-lighting-installation-in-north-south-florida"
"https://cdn.prod.website-files.com/6a8f67a39235e3662e5721fe/6a8f67a39235e3662e572633_landscape-design-florida.avif","landscape-design-florida.avif","avif","Custom landscape design with plants and greenery for Florida homes","1","residentials.Image Animation 1#professional-landscaping-services-in-north-south-florida"
"https://cdn.prod.website-files.com/6a8f67a39235e3662e5721fe/6a8f67a39235e3662e572634_backyard-landscaping-florida.avif","backyard-landscaping-florida.avif","avif","Backyard landscaping enhancing outdoor living spaces in Florida","1","residentials.Image Animation 2#professional-landscaping-services-in-north-south-florida"
"https://cdn.prod.website-files.com/6a8f67a39235e3662e5721fe/6a8f67a39235e3662e572635_residential-landscaping-installation-florida.avif","residential-landscaping-installation-florida.avif","avif","Residential landscaping installation combining hardscape and softscape in Florida","1","residentials.Image Animation 3#professional-landscaping-services-in-north-south-florida"
"https://cdn.prod.website-files.com/6a8f67a39235e3662e5721fe/6a8f67a39235e3662e572636_smart-irrigation-system-florida.avif","smart-irrigation-system-florida.avif","avif","Smart irrigation system controller installed by Florida contractors, monitoring weather conditions for efficient landscape watering.","1","residentials.Image Animation 1#smart-irrigation-system-installation-in-north-south-florida"
"https://cdn.prod.website-files.com/6a8f67a39235e3662e5721fe/6a8f67a39235e3662e572637_residential-lawn-irrigation-florida.avif","residential-lawn-irrigation-florida.avif","avif","Residential lawn irrigation system providing efficient water distribution in Florida","1","residentials.Image Animation 2#smart-irrigation-system-installation-in-north-south-florida"
"https://cdn.prod.website-files.com/6a8f67a39235e3662e5721fe/6a8f67a39235e3662e572638_water-efficient-irrigation-system-florida.avif","water-efficient-irrigation-system-florida.avif","avif","Water-efficient irrigation system designed for Florida outdoor environments","1","residentials.Image Animation 3#smart-irrigation-system-installation-in-north-south-florida"
"https://cdn.prod.website-files.com/6a8f67a39235e3662e5721fe/6a8f67a39235e3662e572639_patio-furniture-florida.avif","patio-furniture-florida.avif","avif","Patio furniture setup enhancing a Florida backyard outdoor living area","1","residentials.Image Animation 1#premium-outdoor-furniture-for-north-south-florida-homes"
"https://cdn.prod.website-files.com/6a8f67a39235e3662e5721fe/6a8f67a39235e3662e57263a_outdoor-dining-furniture-florida.avif","outdoor-dining-furniture-florida.avif","avif","Outdoor dining furniture designed for Florida patios and outdoor spaces","1","residentials.Image Animation 2#premium-outdoor-furniture-for-north-south-florida-homes"
"https://cdn.prod.website-files.com/6a8f67a39235e3662e5721fe/6a8f67a39235e3662e57263b_luxury-outdoor-furniture-florida.avif","luxury-outdoor-furniture-florida.avif","avif","Luxury outdoor furniture creating a premium outdoor living experience in Florida","1","residentials.Image Animation 3#premium-outdoor-furniture-for-north-south-florida-homes"
"https://cdn.prod.website-files.com/6a8f67a39235e3662e5721fe/6a8f67a39235e3662e57263c_pole-barn-steel-buildings-florida.avif","pole-barn-steel-buildings-florida.avif","avif","Pole barn and steel building construction by professional Florida contractors","1","residentials.Image Animation 2#steel-building-pole-barn-construction-in-north-south-florida"
"https://cdn.prod.website-files.com/6a8f67a39235e3662e5721fe/6a8f67a39235e3662e57263d_steel-building-installation-florida.avif","steel-building-installation-florida.avif","avif","Steel building installation completed by licensed contractors in Florida","1","residentials.Image Animation 3#steel-building-pole-barn-construction-in-north-south-florida"
"https://cdn.prod.website-files.com/6a8f67a39235e3662e5721fe/6a8f67a39235e3662e57263e_custom-pole-barn-florida.avif","custom-pole-barn-florida.avif","avif","Custom pole barn designed for residential and commercial use in Florida","1","residentials.Image Animation 1#steel-building-pole-barn-construction-in-north-south-florida"
"https://cdn.prod.website-files.com/6a8f67a39235e3662e5721fe/6a8f67a39235e3662e57263f_covered-custom-outdoor-kitchen-florida.avif","covered-custom-outdoor-kitchen-florida.avif","avif","Custom outdoor kitchen built by professional outdoor kitchen builders in Florida","1","images.Image#kitchen-1"
"https://cdn.prod.website-files.com/6a8f67a39235e3662e5721fe/6a8f67a39235e3662e572640_custom-outdoor-kitchen-poolside-florida.avif","custom-outdoor-kitchen-poolside-florida.avif","avif","Luxury custom outdoor kitchen with premium finishes for Florida outdoor living","2","images.Image#kitchen-2 | residentials.Image Animation 1#custom-outdoor-kitchens-for-north-south-florida-homes"
"https://cdn.prod.website-files.com/6a8f67a39235e3662e5721fe/6a8f67a39235e3662e572641_custom-outdoor-kitchens-florida.avif","custom-outdoor-kitchens-florida.avif","avif","Covered custom outdoor kitchen designed for year-round use in Florida","2","images.Image#kitchen-3 | residentials.Image Animation 2#custom-outdoor-kitchens-for-north-south-florida-homes"
"https://cdn.prod.website-files.com/6a8f67a39235e3662e5721fe/6a8f67a39235e3662e572642_custom-outdoor-kitchen-with-grill-florida.avif","custom-outdoor-kitchen-with-grill-florida.avif","avif","Custom outdoor kitchen with built-in grill for Florida outdoor entertaining","2","images.Image#kitchen-4 | residentials.Image Animation 3#custom-outdoor-kitchens-for-north-south-florida-homes"
"https://cdn.prod.website-files.com/6a8f67a39235e3662e5721fe/6a8f67a39235e3662e572643_high-end-outdoor-kitchen-layout-florida.avif","high-end-outdoor-kitchen-layout-florida.avif","avif","Modern custom outdoor kitchen design for Florida residential properties","1","images.Image#kitchen-5"
"https://cdn.prod.website-files.com/6a8f67a39235e3662e5721fe/6a8f67a39235e3662e572644_luxury-custom-outdoor-kitchen-florida.avif","luxury-custom-outdoor-kitchen-florida.avif","avif","High-end custom outdoor kitchen layout designed for luxury Florida homes","1","images.Image#kitchen-6"
"https://cdn.prod.website-files.com/6a8f67a39235e3662e5721fe/6a8f67a39235e3662e572645_modern-custom-outdoor-kitchen-design-florida.avif","modern-custom-outdoor-kitchen-design-florida.avif","avif","Custom outdoor kitchen installed near a pool for Florida outdoor living","1","images.Image#kitchen-7"
"https://cdn.prod.website-files.com/6a8f67a39235e3662e5721fe/6a8f67a39235e3662e572646_premium-outdoor-kitchen-installation-florida.avif","premium-outdoor-kitchen-installation-florida.avif","avif","Premium custom outdoor kitchen installation completed in Florida","1","images.Image#kitchen-8"
"https://cdn.prod.website-files.com/6a8f67a39235e3662e5721fe/6a8f67a39235e3662e572647_multifamily-pool-construction-renovation-florida.avif","multifamily-pool-construction-renovation-florida.avif","avif","Florida commercial pool design showcasing professional outdoor living architecture, coherent space distribution, tropical landscaping, and modern finishes.","2","images.Image#commercial-8 | industries.Image#commercial-pool-construction-for-luxury-apartments-in-florida"
"https://cdn.prod.website-files.com/6a8f67a39235e3662e5721fe/6a8f67a39235e3662e572648_hotel-resort-pool-contractors-florida.avif","hotel-resort-pool-contractors-florida.avif","avif","Florida commercial pool design showcasing professional outdoor living architecture, coherent space distribution, tropical landscaping, and modern finishes.","2","images.Image#commercial-6 | industries.Image#commercial-pool-construction-remodeling-for-hotels-in-florida"
"https://cdn.prod.website-files.com/6a8f67a39235e3662e5721fe/6a8f67a39235e3662e572649_hoa-community-pool-renovation-florida.avif","hoa-community-pool-renovation-florida.avif","avif","Florida commercial pool design showcasing professional outdoor living architecture, coherent space distribution, tropical landscaping, and modern finishes.","2","images.Image#commercial-5 | industries.Image#commercial-pool-remodeling-for-hoa-gated-communities-in-florida"
"https://cdn.prod.website-files.com/6a8f67a39235e3662e5721fe/6a8f67a39235e3662e57264a_country-club-pool-design-build-florida.avif","country-club-pool-design-build-florida.avif","avif","Florida commercial pool design showcasing professional outdoor living architecture, coherent space distribution, tropical landscaping, and modern finishes.","2","images.Image#commercial-4 | industries.Image#luxury-commercial-pool-construction-for-country-clubs-in-florida"
"https://cdn.prod.website-files.com/6a8f67a39235e3662e5721fe/6a8f67a39235e3662e57264b_senior-living-pool-construction-florida.avif","senior-living-pool-construction-florida.avif","avif","Florida commercial pool design showcasing professional outdoor living architecture, coherent space distribution, tropical landscaping, and modern finishes.","2","images.Image#commercial-10 | industries.Image#commercial-pool-construction-for-senior-living-communities-in-florida"
"https://cdn.prod.website-files.com/6a8f67a39235e3662e5721fe/6a8f67a39235e3662e57264c_commercial-lap-pools-fitness-centers-florida.avif","commercial-lap-pools-fitness-centers-florida.avif","avif","Florida commercial pool design showcasing professional outdoor living architecture, coherent space distribution, tropical landscaping, and modern finishes.","2","images.Image#commercial-2 | industries.Image#commercial-pool-construction-for-fitness-wellness-centers-in-florida"
"https://cdn.prod.website-files.com/6a8f67a39235e3662e5721fe/6a8f67a39235e3662e57264d_medical-hydrotherapy-pool-construction-florida.avif","medical-hydrotherapy-pool-construction-florida.avif","avif","Florida commercial pool design showcasing professional outdoor living architecture, coherent space distribution, tropical landscaping, and modern finishes.","2","images.Image#commercial-7 | industries.Image#commercial-pool-construction-for-medical-rehab-centers-in-florida"
"https://cdn.prod.website-files.com/6a8f67a39235e3662e5721fe/6a8f67a39235e3662e57264e_commercial-pool-developers-new-construction-florida.avif","commercial-pool-developers-new-construction-florida.avif","avif","Florida commercial pool design showcasing professional outdoor living architecture, coherent space distribution, tropical landscaping, and modern finishes.","2","images.Image#commercial-3 | industries.Image#commercial-pool-construction-for-real-estate-developers-in-florida"
"https://cdn.prod.website-files.com/6a8f67a39235e3662e5721fe/6a8f67a39235e3662e57264f_school-university-aquatic-facilities-florida.avif","school-university-aquatic-facilities-florida.avif","avif","Florida commercial pool design showcasing professional outdoor living architecture, coherent space distribution, tropical landscaping, and modern finishes.","2","images.Image#commercial-9 | industries.Image#commercial-pool-construction-for-schools-campuses-in-florida"
"https://cdn.prod.website-files.com/6a8f67a39235e3662e5721fe/6a8f67a39235e3662e572650_build-to-rent-community-pool-builders-florida.avif","build-to-rent-community-pool-builders-florida.avif","avif","Luxury commercial outdoor living design in Florida featuring a resort-style pool, realistic architecture, balanced layout, and premium materials.","2","images.Image#commercial-1 | industries.Image#commercial-pool-construction-for-build-to-rent-communities-in-florida"
"https://cdn.prod.website-files.com/6a8f67a39235e3662e5721fe/6a8f67a39235e3662e572651_luxury-pool-pergola-outdoor-kitchen-south-florida-1.avif","luxury-pool-pergola-outdoor-kitchen-south-florida-1.avif","avif","Luxury pool with aluminum pergola and outdoor kitchen in South Florida. Clean modern design built for comfort and entertaining.","1","projects.Main Project Image#luxury-pool-pergola-outdoor-kitchen-south-florida"
"https://cdn.prod.website-files.com/6a8f67a39235e3662e5721fe/6a8f67a39235e3662e572652_luxury-pool-pergola-outdoor-kitchen-south-florida-5.avif","luxury-pool-pergola-outdoor-kitchen-south-florida-5.avif","avif","","1","projects.Gallery#luxury-pool-pergola-outdoor-kitchen-south-florida"
"https://cdn.prod.website-files.com/6a8f67a39235e3662e5721fe/6a8f67a39235e3662e572653_luxury-pool-pergola-outdoor-kitchen-south-florida-4.avif","luxury-pool-pergola-outdoor-kitchen-south-florida-4.avif","avif","","1","projects.Gallery#luxury-pool-pergola-outdoor-kitchen-south-florida"
"https://cdn.prod.website-files.com/6a8f67a39235e3662e5721fe/6a8f67a39235e3662e572654_luxury-pool-pergola-outdoor-kitchen-south-florida-6.avif","luxury-pool-pergola-outdoor-kitchen-south-florida-6.avif","avif","","1","projects.Gallery#luxury-pool-pergola-outdoor-kitchen-south-florida"
"https://cdn.prod.website-files.com/6a8f67a39235e3662e5721fe/6a8f67a39235e3662e572655_luxury-pool-pergola-outdoor-kitchen-south-florida-3.avif","luxury-pool-pergola-outdoor-kitchen-south-florida-3.avif","avif","","1","projects.Gallery#luxury-pool-pergola-outdoor-kitchen-south-florida"
"https://cdn.prod.website-files.com/6a8f67a39235e3662e5721fe/6a8f67a39235e3662e572656_luxury-pool-pergola-outdoor-kitchen-south-florida-7.avif","luxury-pool-pergola-outdoor-kitchen-south-florida-7.avif","avif","","1","projects.Gallery#luxury-pool-pergola-outdoor-kitchen-south-florida"
"https://cdn.prod.website-files.com/6a8f67a39235e3662e5721fe/6a8f67a39235e3662e572657_luxury-pool-pergola-outdoor-kitchen-south-florida-2.avif","luxury-pool-pergola-outdoor-kitchen-south-florida-2.avif","avif","","1","projects.Gallery#luxury-pool-pergola-outdoor-kitchen-south-florida"
"https://cdn.prod.website-files.com/6a8f67a39235e3662e5721fe/6a8f67a39235e3662e572658_luxury-pool-pergola-outdoor-living-south-florida-1.avif","luxury-pool-pergola-outdoor-living-south-florida-1.avif","avif","Luxury pool with spa and aluminum pergola surrounded by tropical landscaping in South Florida residential outdoor living project.","1","projects.Main Project Image#luxury-pool-pergola-outdoor-living-south-florida"
"https://cdn.prod.website-files.com/6a8f67a39235e3662e5721fe/6a8f67a39235e3662e572659_luxury-pool-pergola-outdoor-living-south-florida-6.avif","luxury-pool-pergola-outdoor-living-south-florida-6.avif","avif","","1","projects.Gallery#luxury-pool-pergola-outdoor-living-south-florida"
"https://cdn.prod.website-files.com/6a8f67a39235e3662e5721fe/6a8f67a39235e3662e57265a_luxury-pool-pergola-outdoor-living-south-florida-5.avif","luxury-pool-pergola-outdoor-living-south-florida-5.avif","avif","","1","projects.Gallery#luxury-pool-pergola-outdoor-living-south-florida"
"https://cdn.prod.website-files.com/6a8f67a39235e3662e5721fe/6a8f67a39235e3662e57265b_luxury-pool-pergola-outdoor-living-south-florida-7.avif","luxury-pool-pergola-outdoor-living-south-florida-7.avif","avif","","1","projects.Gallery#luxury-pool-pergola-outdoor-living-south-florida"
"https://cdn.prod.website-files.com/6a8f67a39235e3662e5721fe/6a8f67a39235e3662e57265c_luxury-pool-pergola-outdoor-living-south-florida-3.avif","luxury-pool-pergola-outdoor-living-south-florida-3.avif","avif","","1","projects.Gallery#luxury-pool-pergola-outdoor-living-south-florida"
"https://cdn.prod.website-files.com/6a8f67a39235e3662e5721fe/6a8f67a39235e3662e57265d_luxury-pool-pergola-outdoor-living-south-florida-2.avif","luxury-pool-pergola-outdoor-living-south-florida-2.avif","avif","","1","projects.Gallery#luxury-pool-pergola-outdoor-living-south-florida"
"https://cdn.prod.website-files.com/6a8f67a39235e3662e5721fe/6a8f67a39235e3662e57265e_luxury-pool-pergola-outdoor-living-south-florida-4.avif","luxury-pool-pergola-outdoor-living-south-florida-4.avif","avif","","1","projects.Gallery#luxury-pool-pergola-outdoor-living-south-florida"
"https://cdn.prod.website-files.com/6a8f67a39235e3662e5721fe/6a8f67a39235e3662e57265f_luxury-pool-motorized-pergola-screens-south-florida-1.avif","luxury-pool-motorized-pergola-screens-south-florida-1.avif","avif","Luxury pool with motorized pergola, LED lighting, and retractable screens in a modern South Florida backyard.","1","projects.Main Project Image#luxury-pool-motorized-pergola-screens-south-florida"
"https://cdn.prod.website-files.com/6a8f67a39235e3662e5721fe/6a8f67a39235e3662e572660_luxury-pool-motorized-pergola-screens-south-florida-4.avif","luxury-pool-motorized-pergola-screens-south-florida-4.avif","avif","","1","projects.Gallery#luxury-pool-motorized-pergola-screens-south-florida"
"https://cdn.prod.website-files.com/6a8f67a39235e3662e5721fe/6a8f67a39235e3662e572661_luxury-pool-motorized-pergola-screens-south-florida-3.avif","luxury-pool-motorized-pergola-screens-south-florida-3.avif","avif","","1","projects.Gallery#luxury-pool-motorized-pergola-screens-south-florida"
"https://cdn.prod.website-files.com/6a8f67a39235e3662e5721fe/6a8f67a39235e3662e572662_luxury-pool-motorized-pergola-screens-south-florida-5.avif","luxury-pool-motorized-pergola-screens-south-florida-5.avif","avif","","1","projects.Gallery#luxury-pool-motorized-pergola-screens-south-florida"
"https://cdn.prod.website-files.com/6a8f67a39235e3662e5721fe/6a8f67a39235e3662e572663_luxury-pool-motorized-pergola-screens-south-florida-6.avif","luxury-pool-motorized-pergola-screens-south-florida-6.avif","avif","","1","projects.Gallery#luxury-pool-motorized-pergola-screens-south-florida"
"https://cdn.prod.website-files.com/6a8f67a39235e3662e5721fe/6a8f67a39235e3662e572664_luxury-pool-motorized-pergola-screens-south-florida-7.avif","luxury-pool-motorized-pergola-screens-south-florida-7.avif","avif","","1","projects.Gallery#luxury-pool-motorized-pergola-screens-south-florida"
"https://cdn.prod.website-files.com/6a8f67a39235e3662e5721fe/6a8f67a39235e3662e572665_luxury-pool-motorized-pergola-screens-south-florida-2.avif","luxury-pool-motorized-pergola-screens-south-florida-2.avif","avif","","1","projects.Gallery#luxury-pool-motorized-pergola-screens-south-florida"
"https://cdn.prod.website-files.com/6a8f67a39235e3662e5721fe/6a8f67a39235e3662e572666_luxury-pool-spa-screen-enclosure-outdoor-kitchen-florida-1.avif","luxury-pool-spa-screen-enclosure-outdoor-kitchen-florida-1.avif","avif","Luxury pool and spa with screen enclosure and outdoor kitchen in a North Florida backyard.","2","projects.Main Project Image#luxury-pool-spa-screen-enclosure-north-florida | projects.Gallery#luxury-pool-spa-screen-enclosure-north-florida"
"https://cdn.prod.website-files.com/6a8f67a39235e3662e5721fe/6a8f67a39235e3662e572667_luxury-pool-spa-screen-enclosure-outdoor-kitchen-florida-4.avif","luxury-pool-spa-screen-enclosure-outdoor-kitchen-florida-4.avif","avif","","1","projects.Gallery#luxury-pool-spa-screen-enclosure-north-florida"
"https://cdn.prod.website-files.com/6a8f67a39235e3662e5721fe/6a8f67a39235e3662e572668_luxury-pool-spa-screen-enclosure-outdoor-kitchen-florida-3.avif","luxury-pool-spa-screen-enclosure-outdoor-kitchen-florida-3.avif","avif","","1","projects.Gallery#luxury-pool-spa-screen-enclosure-north-florida"
"https://cdn.prod.website-files.com/6a8f67a39235e3662e5721fe/6a8f67a39235e3662e572669_luxury-pool-spa-screen-enclosure-outdoor-kitchen-florida-5.avif","luxury-pool-spa-screen-enclosure-outdoor-kitchen-florida-5.avif","avif","","1","projects.Gallery#luxury-pool-spa-screen-enclosure-north-florida"
"https://cdn.prod.website-files.com/6a8f67a39235e3662e5721fe/6a8f67a39235e3662e57266a_luxury-pool-spa-screen-enclosure-outdoor-kitchen-florida-2.avif","luxury-pool-spa-screen-enclosure-outdoor-kitchen-florida-2.avif","avif","","1","projects.Gallery#luxury-pool-spa-screen-enclosure-north-florida"
"https://cdn.prod.website-files.com/6a8f67a39235e3662e5721fe/6a8f67a39235e3662e57266b_luxury-pool-spa-screen-enclosure-outdoor-kitchen-florida-6.avif","luxury-pool-spa-screen-enclosure-outdoor-kitchen-florida-6.avif","avif","","1","projects.Gallery#luxury-pool-spa-screen-enclosure-north-florida"
"https://cdn.prod.website-files.com/6a8f67a39235e3662e5721fe/6a8f67a39235e3662e57266c_luxury-pool-motorized-pergola-outdoor-kitchen-north-florida-1.avif","luxury-pool-motorized-pergola-outdoor-kitchen-north-florida-1.avif","avif","Luxury pool with motorized pergola and outdoor kitchen in a modern North Florida backyard.","2","projects.Main Project Image#luxury-pool-motorized-pergola-outdoor-kitchen-north-florida | projects.Gallery#luxury-pool-motorized-pergola-outdoor-kitchen-north-florida"
"https://cdn.prod.website-files.com/6a8f67a39235e3662e5721fe/6a8f67a39235e3662e57266d_luxury-pool-motorized-pergola-outdoor-kitchen-north-florida-4.avif","luxury-pool-motorized-pergola-outdoor-kitchen-north-florida-4.avif","avif","","1","projects.Gallery#luxury-pool-motorized-pergola-outdoor-kitchen-north-florida"
"https://cdn.prod.website-files.com/6a8f67a39235e3662e5721fe/6a8f67a39235e3662e57266e_luxury-pool-motorized-pergola-outdoor-kitchen-north-florida-2.avif","luxury-pool-motorized-pergola-outdoor-kitchen-north-florida-2.avif","avif","","1","projects.Gallery#luxury-pool-motorized-pergola-outdoor-kitchen-north-florida"
"https://cdn.prod.website-files.com/6a8f67a39235e3662e5721fe/6a8f67a39235e3662e57266f_luxury-pool-motorized-pergola-outdoor-kitchen-north-florida-3.avif","luxury-pool-motorized-pergola-outdoor-kitchen-north-florida-3.avif","avif","","1","projects.Gallery#luxury-pool-motorized-pergola-outdoor-kitchen-north-florida"
"https://cdn.prod.website-files.com/6a8f67a39235e3662e5721fe/6a8f67a39235e3662e572670_luxury-pool-motorized-pergola-outdoor-kitchen-north-florida-5.avif","luxury-pool-motorized-pergola-outdoor-kitchen-north-florida-5.avif","avif","","1","projects.Gallery#luxury-pool-motorized-pergola-outdoor-kitchen-north-florida"
"https://cdn.prod.website-files.com/6a8f67a39235e3662e5721fe/6a8f67a39235e3662e572671_luxury-pool-spa-screen-enclosure-north-florida-project-1.avif","luxury-pool-spa-screen-enclosure-north-florida-project-1.avif","avif","Luxury pool and spa with screen enclosure in a modern North Florida backyard.","2","projects.Main Project Image#luxury-pool-spa-with-screen-enclosure-north-florida | projects.Gallery#luxury-pool-spa-with-screen-enclosure-north-florida"
"https://cdn.prod.website-files.com/6a8f67a39235e3662e5721fe/6a8f67a39235e3662e572672_luxury-pool-spa-screen-enclosure-north-florida-project-3.avif","luxury-pool-spa-screen-enclosure-north-florida-project-3.avif","avif","","1","projects.Gallery#luxury-pool-spa-with-screen-enclosure-north-florida"
"https://cdn.prod.website-files.com/6a8f67a39235e3662e5721fe/6a8f67a39235e3662e572673_luxury-pool-spa-screen-enclosure-north-florida-project-2.avif","luxury-pool-spa-screen-enclosure-north-florida-project-2.avif","avif","","1","projects.Gallery#luxury-pool-spa-with-screen-enclosure-north-florida"
"https://cdn.prod.website-files.com/6a8f67a39235e3662e5721fe/6a8f67a39235e3662e572674_luxury-pool-spa-screen-enclosure-north-florida-project-4.avif","luxury-pool-spa-screen-enclosure-north-florida-project-4.avif","avif","","1","projects.Gallery#luxury-pool-spa-with-screen-enclosure-north-florida"
"https://cdn.prod.website-files.com/6a8f67a39235e3662e5721fe/6a8f67a39235e3662e572675_luxury-pool-spa-screen-enclosure-north-florida-project-5.avif","luxury-pool-spa-screen-enclosure-north-florida-project-5.avif","avif","","1","projects.Gallery#luxury-pool-spa-with-screen-enclosure-north-florida"
"https://cdn.prod.website-files.com/6a8f67a39235e3662e5721fe/6a8f67a39235e3662e572676_luxury-pool-spa-screen-enclosure-north-florida-project-6.avif","luxury-pool-spa-screen-enclosure-north-florida-project-6.avif","avif","","1","projects.Gallery#luxury-pool-spa-with-screen-enclosure-north-florida"
"https://cdn.prod.website-files.com/6a8f67a39235e3662e5721fe/6a8f67a39235e3662e572677_luxury-pool-motorized-pergola-screen-enclosure-north-florida-1.avif","luxury-pool-motorized-pergola-screen-enclosure-north-florida-1.avif","avif","Luxury pool with motorized pergola and screen enclosure in a North Florida backyard.","1","projects.Main Project Image#luxury-pool-motorized-pergola-screen-enclosure-north-florida"
"https://cdn.prod.website-files.com/6a8f67a39235e3662e5721fe/6a8f67a39235e3662e572678_luxury-pool-motorized-pergola-screen-enclosure-north-florida-6.avif","luxury-pool-motorized-pergola-screen-enclosure-north-florida-6.avif","avif","","1","projects.Gallery#luxury-pool-motorized-pergola-screen-enclosure-north-florida"
"https://cdn.prod.website-files.com/6a8f67a39235e3662e5721fe/6a8f67a39235e3662e572679_luxury-pool-motorized-pergola-screen-enclosure-north-florida-4.avif","luxury-pool-motorized-pergola-screen-enclosure-north-florida-4.avif","avif","","1","projects.Gallery#luxury-pool-motorized-pergola-screen-enclosure-north-florida"
"https://cdn.prod.website-files.com/6a8f67a39235e3662e5721fe/6a8f67a39235e3662e57267a_luxury-pool-motorized-pergola-screen-enclosure-north-florida-7.avif","luxury-pool-motorized-pergola-screen-enclosure-north-florida-7.avif","avif","","1","projects.Gallery#luxury-pool-motorized-pergola-screen-enclosure-north-florida"
"https://cdn.prod.website-files.com/6a8f67a39235e3662e5721fe/6a8f67a39235e3662e57267b_luxury-pool-motorized-pergola-screen-enclosure-north-florida-2.avif","luxury-pool-motorized-pergola-screen-enclosure-north-florida-2.avif","avif","","1","projects.Gallery#luxury-pool-motorized-pergola-screen-enclosure-north-florida"
"https://cdn.prod.website-files.com/6a8f67a39235e3662e5721fe/6a8f67a39235e3662e57267c_luxury-pool-motorized-pergola-screen-enclosure-north-florida-5.avif","luxury-pool-motorized-pergola-screen-enclosure-north-florida-5.avif","avif","","1","projects.Gallery#luxury-pool-motorized-pergola-screen-enclosure-north-florida"
"https://cdn.prod.website-files.com/6a8f67a39235e3662e5721fe/6a8f67a39235e3662e57267d_luxury-pool-motorized-pergola-screen-enclosure-north-florida-3.avif","luxury-pool-motorized-pergola-screen-enclosure-north-florida-3.avif","avif","","1","projects.Gallery#luxury-pool-motorized-pergola-screen-enclosure-north-florida"
"https://cdn.prod.website-files.com/6a8f67a39235e3662e5721fe/6a8f67a39235e3662e57267e_residential-pool-pergola-outdoor-dining-north-florida-1.avif","residential-pool-pergola-outdoor-dining-north-florida-1.avif","avif","Residential pool with pergola and outdoor dining space in a North Florida backyard.","1","projects.Main Project Image#residential-pool-pergola-outdoor-dining-north-florida"
"https://cdn.prod.website-files.com/6a8f67a39235e3662e5721fe/6a8f67a39235e3662e57267f_residential-pool-pergola-outdoor-dining-north-florida-7.avif","residential-pool-pergola-outdoor-dining-north-florida-7.avif","avif","","1","projects.Gallery#residential-pool-pergola-outdoor-dining-north-florida"
"https://cdn.prod.website-files.com/6a8f67a39235e3662e5721fe/6a8f67a39235e3662e572680_residential-pool-pergola-outdoor-dining-north-florida-4.avif","residential-pool-pergola-outdoor-dining-north-florida-4.avif","avif","","1","projects.Gallery#residential-pool-pergola-outdoor-dining-north-florida"
"https://cdn.prod.website-files.com/6a8f67a39235e3662e5721fe/6a8f67a39235e3662e572681_residential-pool-pergola-outdoor-dining-north-florida-6.avif","residential-pool-pergola-outdoor-dining-north-florida-6.avif","avif","","1","projects.Gallery#residential-pool-pergola-outdoor-dining-north-florida"
"https://cdn.prod.website-files.com/6a8f67a39235e3662e5721fe/6a8f67a39235e3662e572682_residential-pool-pergola-outdoor-dining-north-florida-3.avif","residential-pool-pergola-outdoor-dining-north-florida-3.avif","avif","","1","projects.Gallery#residential-pool-pergola-outdoor-dining-north-florida"
"https://cdn.prod.website-files.com/6a8f67a39235e3662e5721fe/6a8f67a39235e3662e572683_residential-pool-pergola-outdoor-dining-north-florida-5.avif","residential-pool-pergola-outdoor-dining-north-florida-5.avif","avif","","1","projects.Gallery#residential-pool-pergola-outdoor-dining-north-florida"
"https://cdn.prod.website-files.com/6a8f67a39235e3662e5721fe/6a8f67a39235e3662e572684_residential-pool-pergola-outdoor-dining-north-florida-2.avif","residential-pool-pergola-outdoor-dining-north-florida-2.avif","avif","","1","projects.Gallery#residential-pool-pergola-outdoor-dining-north-florida"
"https://cdn.prod.website-files.com/6a8f67a39235e3662e5721fe/6a8f67a39235e3662e572685_south-florida-pool-wood-pergola-outdoor-living-1.avif","south-florida-pool-wood-pergola-outdoor-living-1.avif","avif","Backyard pool with natural wood pergola and stone pavers designed for South Florida outdoor living and tropical climate comfort.","2","projects.Main Project Image#south-florida-backyard-pool-wood-pergola | projects.Gallery#south-florida-backyard-pool-wood-pergola"
"https://cdn.prod.website-files.com/6a8f67a39235e3662e5721fe/6a8f67a39235e3662e572686_south-florida-pool-wood-pergola-outdoor-living-4.avif","south-florida-pool-wood-pergola-outdoor-living-4.avif","avif","","1","projects.Gallery#south-florida-backyard-pool-wood-pergola"
"https://cdn.prod.website-files.com/6a8f67a39235e3662e5721fe/6a8f67a39235e3662e572687_south-florida-pool-wood-pergola-outdoor-living-5.avif","south-florida-pool-wood-pergola-outdoor-living-5.avif","avif","","1","projects.Gallery#south-florida-backyard-pool-wood-pergola"
"https://cdn.prod.website-files.com/6a8f67a39235e3662e5721fe/6a8f67a39235e3662e572688_south-florida-pool-wood-pergola-outdoor-living-6.avif","south-florida-pool-wood-pergola-outdoor-living-6.avif","avif","","1","projects.Gallery#south-florida-backyard-pool-wood-pergola"
"https://cdn.prod.website-files.com/6a8f67a39235e3662e5721fe/6a8f67a39235e3662e572689_south-florida-pool-wood-pergola-outdoor-living-3.avif","south-florida-pool-wood-pergola-outdoor-living-3.avif","avif","","1","projects.Gallery#south-florida-backyard-pool-wood-pergola"
"https://cdn.prod.website-files.com/6a8f67a39235e3662e5721fe/6a8f67a39235e3662e57268a_south-florida-pool-wood-pergola-outdoor-living-2.avif","south-florida-pool-wood-pergola-outdoor-living-2.avif","avif","","1","projects.Gallery#south-florida-backyard-pool-wood-pergola"
"https://cdn.prod.website-files.com/6a8f67a39235e3662e5721fe/6a8f67a39235e3662e57268b_modern-pool-motorized-pergola-south-florida-project-1.avif","modern-pool-motorized-pergola-south-florida-project-1.avif","avif","Modern South Florida pool with motorized pergola, LED lighting, and sleek patio layout designed for luxury outdoor living.","2","projects.Main Project Image#modern-pool-motorized-pergola-south-florida | projects.Gallery#modern-pool-motorized-pergola-south-florida"
"https://cdn.prod.website-files.com/6a8f67a39235e3662e5721fe/6a8f67a39235e3662e57268c_modern-pool-motorized-pergola-south-florida-project-5.avif","modern-pool-motorized-pergola-south-florida-project-5.avif","avif","","1","projects.Gallery#modern-pool-motorized-pergola-south-florida"
"https://cdn.prod.website-files.com/6a8f67a39235e3662e5721fe/6a8f67a39235e3662e57268d_modern-pool-motorized-pergola-south-florida-project-4.avif","modern-pool-motorized-pergola-south-florida-project-4.avif","avif","","1","projects.Gallery#modern-pool-motorized-pergola-south-florida"
"https://cdn.prod.website-files.com/6a8f67a39235e3662e5721fe/6a8f67a39235e3662e57268e_modern-pool-motorized-pergola-south-florida-project-2.avif","modern-pool-motorized-pergola-south-florida-project-2.avif","avif","","1","projects.Gallery#modern-pool-motorized-pergola-south-florida"
"https://cdn.prod.website-files.com/6a8f67a39235e3662e5721fe/6a8f67a39235e3662e57268f_modern-pool-motorized-pergola-south-florida-project-3.avif","modern-pool-motorized-pergola-south-florida-project-3.avif","avif","","1","projects.Gallery#modern-pool-motorized-pergola-south-florida"
"https://cdn.prod.website-files.com/6a8f67a39235e3662e5721fe/6a8f67a39235e3662e572690_modern-pool-motorized-pergola-south-florida-project-6.avif","modern-pool-motorized-pergola-south-florida-project-6.avif","avif","","1","projects.Gallery#modern-pool-motorized-pergola-south-florida"
"https://cdn.prod.website-files.com/6a8f67a39235e3662e5721fe/6a8f67a39235e3662e572699_pool-construction-florida-process.webp","pool-construction-florida-process.webp","webp","Pool construction project in Florida showing modern inground pool design built to meet Florida building codes.","1","blogs.Image#complete-guide-to-pool-construction-in-florida-costs-timeline-process"
"https://cdn.prod.website-files.com/6a8f67a39235e3662e5721fe/6a8f67a39235e3662e57269a_luxury-pool-designs-florida-homes.webp","luxury-pool-designs-florida-homes.webp","webp","Luxury pool design in Florida featuring a modern infinity-edge pool with glass tiles, integrated spa, and tropical landscaping designed for upscale outdoor living.","1","blogs.Image#top-10-luxury-pool-designs-for-florida-homes"
"https://cdn.prod.website-files.com/6a8f67a39235e3662e5721fe/6a8f67a39235e3662e57269b_commercial-pool-construction-florida.webp","commercial-pool-construction-florida.webp","webp","Commercial pool construction project in Florida designed for hotels, resorts, and multifamily properties.","1","blogs.Image#commercial-pool-construction-in-florida-what-decision-makers-must-know"
"https://cdn.prod.website-files.com/6a8f67a39235e3662e5721fe/6a8f67a39235e3662e57269c_new-pool-construction-vs-pool-remodeling-florida.webp","new-pool-construction-vs-pool-remodeling-florida.webp","webp","Comparison of new pool construction and remodeled pool design in a Florida residential backyard.","1","blogs.Image#new-pool-construction-vs-pool-remodeling-which-is-right-for-you"
"https://cdn.prod.website-files.com/6a8f67a39235e3662e5721fe/6a8f67a39235e3662e57269d_residential-vs-commercial-pool-construction-florida.webp","residential-vs-commercial-pool-construction-florida.webp","webp","Residential and commercial pool construction comparison showing private home pool and large Florida commercial pool.","1","blogs.Image#residential-vs-commercial-pool-construction-in-florida"
"https://cdn.prod.website-files.com/6a8f67a39235e3662e5721fe/6a8f67a39235e3662e57269e_pool-construction-timeline-florida.webp","pool-construction-timeline-florida.webp","webp","Pool construction timeline in Florida showing excavation and structural phases of an inground pool project.","1","blogs.Image#pool-construction-timeline-in-florida-what-to-expect-from-start-to-finish"
"https://cdn.prod.website-files.com/6a8f67a39235e3662e5721fe/6a8f67a39235e3662e57269f_common-pool-construction-mistakes-florida.webp","common-pool-construction-mistakes-florida.webp","webp","Pool construction mistakes in Florida showing structural issues, drainage problems, and improper installation.","1","blogs.Image#common-pool-construction-mistakes-we-see-in-florida"
"https://cdn.prod.website-files.com/6a8f67a39235e3662e5721fe/6a8f67a39235e3662e5726a0_pool-construction-permits-florida.webp","pool-construction-permits-florida.webp","webp","Pool construction permits and inspection process in Florida for residential and commercial swimming pools.","1","blogs.Image#what-permits-are-required-for-pool-construction-in-florida"
"https://cdn.prod.website-files.com/6a8f67a39235e3662e5721fe/6a8f67a39235e3662e5726a1_outdoor-living-design-florida-homes.webp","outdoor-living-design-florida-homes.webp","webp","Luxury outdoor living space in Florida with covered lanai, pool, and outdoor kitchen designed for year-round use.","1","blogs.Image#outdoor-living-design-guide-for-florida-homes"
"https://cdn.prod.website-files.com/6a8f67a39235e3662e5721fe/6a8f67a39235e3662e5726a2_outdoor-living-increases-property-value-florida.webp","outdoor-living-increases-property-value-florida.webp","webp","Luxury outdoor living space in Florida with pool, lanai, and outdoor kitchen designed to increase property value.","1","blogs.Image#how-outdoor-living-spaces-increase-property-value-in-florida"
"https://cdn.prod.website-files.com/6a8f67a39235e3662e5721fe/6a8f67a39235e3662e5726a3_service-areas-north-south-florida-pools.avif","service-areas-north-south-florida-pools.avif","avif","Service areas map showing North Florida coverage for luxury custom pool builders and outdoor living services.","1","where-we-serves.Image Cover#custom-pool-builders-north-florida"
"https://cdn.prod.website-files.com/6a8f67a39235e3662e5721fe/6a8f67a39235e3662e5726a4_custom-inground-pool-builders-remodeling-florida.avif","custom-inground-pool-builders-remodeling-florida.avif","avif","Aerial drone view of a luxury custom pool and outdoor living project in South Florida, showcasing modern pool design by expert custom pool builders.","1","where-we-serves.Image Cover#custom-pool-builders-south-florida"
"https://cdn.prod.website-files.com/6a8f67a39235e3662e5721fe/6a8f67a39235e3662e5726a5_luxury-custom-pool-design-south-florida-outdoor-living.avif","luxury-custom-pool-design-south-florida-outdoor-living.avif","avif","Outdoor living space in Alachua County with custom pool and covered patio designed for everyday Florida living.","11","countries.Imagen Intro 2#custom-pool-builders-alachua-county-fl | countries.Imagen Intro 2#custom-pool-builders-broward-county-fl | countries.Imagen Intro 2#custom-pool-builders-columbia-county-fl | countries.Imagen Intro 2#custom-pool-builders-dixie-county-fl | countries.Imagen Intro 2#custom-pool-builders-gilchrist-county-fl | countries.Imagen Intro 2#custom-pool-builders-levy-county-fl | countries.Imagen Intro 2#custom-pool-builders-marion-county-fl | countries.Imagen Intro 2#custom-pool-builders-palm-beach-county-fl | countries.Imagen Intro 2#custom-pool-builders-putnam-county-fl | where-we-serves.Imagen Intro 2#custom-pool-builders-north-florida | where-we-serves.Imagen Intro 2#custom-pool-builders-south-florida"
"https://cdn.prod.website-files.com/6a8f67a39235e3662e5721fe/6a8f67a39235e3662e5726a6_south-florida-custom-pool-builders-resort-style-backyar.avif","south-florida-custom-pool-builders-resort-style-backyar.avif","avif","Custom pool project in Alachua County featuring modern finishes, native landscaping, and a balanced outdoor living design.","11","countries.Imagen Intro 1#custom-pool-builders-alachua-county-fl | countries.Imagen Intro 1#custom-pool-builders-broward-county-fl | countries.Imagen Intro 1#custom-pool-builders-columbia-county-fl | countries.Imagen Intro 3#custom-pool-builders-dixie-county-fl | countries.Imagen Intro 1#custom-pool-builders-gilchrist-county-fl | countries.Imagen Intro 1#custom-pool-builders-levy-county-fl | countries.Imagen Intro 1#custom-pool-builders-marion-county-fl | countries.Imagen Intro 1#custom-pool-builders-palm-beach-county-fl | countries.Imagen Intro 1#custom-pool-builders-putnam-county-fl | where-we-serves.Imagen Intro 3#custom-pool-builders-north-florida | where-we-serves.Imagen Intro 3#custom-pool-builders-south-florida"
"https://cdn.prod.website-files.com/6a8f67a39235e3662e5721fe/6a8f67a39235e3662e5726a7_florida-custom-pool-builders-modern-backyard.avif","florida-custom-pool-builders-modern-backyard.avif","avif","Modern custom pool and spa in Alachua County designed for practical use and year-round outdoor enjoyment.","9","countries.Imagen Intro 3#custom-pool-builders-alachua-county-fl | countries.Imagen Intro 3#custom-pool-builders-broward-county-fl | countries.Imagen Intro 3#custom-pool-builders-columbia-county-fl | countries.Imagen Intro 1#custom-pool-builders-dixie-county-fl | countries.Imagen Intro 3#custom-pool-builders-gilchrist-county-fl | countries.Imagen Intro 3#custom-pool-builders-levy-county-fl | countries.Imagen Intro 3#custom-pool-builders-marion-county-fl | countries.Imagen Intro 3#custom-pool-builders-palm-beach-county-fl | countries.Imagen Intro 3#custom-pool-builders-putnam-county-fl"
"https://cdn.prod.website-files.com/6a8f67a39235e3662e5721fe/6a8f67a39235e3662e5726a8_6951f7cb5aa4e76b5716af79_luxury-pool-builders-outdoor-living-florida%2520(1).webp","luxury-pool-builders-outdoor-living-florida-1-.webp","webp","Modern pool with integrated spa, pergola and outdoor kitchen for a private tropical retreat in Alachua, FL.","53","pool-builders.Imagen Intro 3#alachua-florida | pool-builders.Imagen Intro 3#archer-florida | pool-builders.Imagen Intro 3#atlantis-florida | pool-builders.Imagen Intro 3#boca-raton-florida | pool-builders.Imagen Intro 3#boynton-beach-florida | pool-builders.Imagen Intro 3#cedar-key-florida | pool-builders.Imagen Intro 3#chiefland-florida | pool-builders.Imagen Intro 3#cross-city-florida | pool-builders.Imagen Intro 3#dania-beach-florida | pool-builders.Imagen Intro 3#davie-florida | pool-builders.Imagen Intro 3#deerfield-beach-florida | pool-builders.Imagen Intro 3#delray-beach-florida | pool-builders.Imagen Intro 3#fanning-springs-florida | pool-builders.Imagen Intro 3#fort-lauderdale-florida | pool-builders.Imagen Intro 3#gainesville-florida | pool-builders.Imagen Intro 3#gulf-stream-florida | pool-builders.Imagen Intro 3#hallandale-beach-florida | pool-builders.Imagen Intro 3#hawthorne-florida | pool-builders.Imagen Intro 3#high-springs-florida | pool-builders.Imagen Intro 3#beach-florida | pool-builders.Imagen Intro 3#hollywood-florida | pool-builders.Imagen Intro 3#hypoluxo-florida | pool-builders.Imagen Intro 3#juno-beach-florida | pool-builders.Imagen Intro 3#jupiter-florida | pool-builders.Imagen Intro 3#lake-city-florida | pool-builders.Imagen Intro 3#lighthouse-point-florida | pool-builders.Imagen Intro 3#manalapan-florida | pool-builders.Imagen Intro 3#mcintosh-florida | pool-builders.Imagen Intro 3#micanopy-florida | pool-builders.Imagen Intro 3#miramar-florida | pool-builders.Imagen Intro 3#newberry-florida | pool-builders.Imagen Intro 3#north-palm-beach-florida | pool-builders.Imagen Intro 3#ocala-florida | pool-builders.Imagen Intro 3#ocean-ridge-florida | pool-builders.Imagen Intro 3#old-town-florida | pool-builders.Imagen Intro 3#palatka-florida | pool-builders.Imagen Intro 3#palm-beach-gardens-florida | pool-builders.Imagen Intro 3#parkland-florida | pool-builders.Imagen Intro 3#pembroke-pines-florida | pool-builders.Imagen Intro 3#plantation-florida | pool-builders.Imagen Intro 3#pompano-beach-florida | pool-builders.Imagen Intro 3#reddick-florida | pool-builders.Imagen Intro 3#royal-palm-beach-florida | pool-builders.Imagen Intro 3#south-palm-beach-florida | pool-builders.Imagen Intro 3#southwest-ranches-florida | pool-builders.Imagen Intro 3#tequesta-florida | pool-builders.Imagen Intro 3#trenton-florida | pool-builders.Imagen Intro 3#waldo-florida | pool-builders.Imagen Intro 3#wellington-florida | pool-builders.Imagen Intro 3#west-palm-beach-florida | pool-builders.Imagen Intro 3#weston-florida | pool-builders.Imagen Intro 3#williston-florida | pool-builders.Imagen Intro 3#wilton-manors-florida"
"https://cdn.prod.website-files.com/6a8f67a39235e3662e5721fe/6a8f67a39235e3662e5726a9_6951f7c47e193677e64dea99_luxury-outdoor-kitchen-pool-backyard-design-florida%2520(1).webp","luxury-outdoor-kitchen-pool-backyard-design-florida-1-.webp","webp","Luxury pool with blue LED lights, outdoor kitchen and bar for evening entertaining in Alachua, FL.","53","pool-builders.Imagen Intro 2#alachua-florida | pool-builders.Imagen Intro 2#archer-florida | pool-builders.Imagen Intro 2#atlantis-florida | pool-builders.Imagen Intro 2#boca-raton-florida | pool-builders.Imagen Intro 2#boynton-beach-florida | pool-builders.Imagen Intro 2#cedar-key-florida | pool-builders.Imagen Intro 2#chiefland-florida | pool-builders.Imagen Intro 2#cross-city-florida | pool-builders.Imagen Intro 2#dania-beach-florida | pool-builders.Imagen Intro 2#davie-florida | pool-builders.Imagen Intro 2#deerfield-beach-florida | pool-builders.Imagen Intro 2#delray-beach-florida | pool-builders.Imagen Intro 2#fanning-springs-florida | pool-builders.Imagen Intro 2#fort-lauderdale-florida | pool-builders.Imagen Intro 2#gainesville-florida | pool-builders.Imagen Intro 2#gulf-stream-florida | pool-builders.Imagen Intro 2#hallandale-beach-florida | pool-builders.Imagen Intro 2#hawthorne-florida | pool-builders.Imagen Intro 2#high-springs-florida | pool-builders.Imagen Intro 2#beach-florida | pool-builders.Imagen Intro 2#hollywood-florida | pool-builders.Imagen Intro 2#hypoluxo-florida | pool-builders.Imagen Intro 2#juno-beach-florida | pool-builders.Imagen Intro 2#jupiter-florida | pool-builders.Imagen Intro 2#lake-city-florida | pool-builders.Imagen Intro 2#lighthouse-point-florida | pool-builders.Imagen Intro 2#manalapan-florida | pool-builders.Imagen Intro 2#mcintosh-florida | pool-builders.Imagen Intro 2#micanopy-florida | pool-builders.Imagen Intro 2#miramar-florida | pool-builders.Imagen Intro 2#newberry-florida | pool-builders.Imagen Intro 2#north-palm-beach-florida | pool-builders.Imagen Intro 2#ocala-florida | pool-builders.Imagen Intro 2#ocean-ridge-florida | pool-builders.Imagen Intro 2#old-town-florida | pool-builders.Imagen Intro 2#palatka-florida | pool-builders.Imagen Intro 2#palm-beach-gardens-florida | pool-builders.Imagen Intro 2#parkland-florida | pool-builders.Imagen Intro 2#pembroke-pines-florida | pool-builders.Imagen Intro 2#plantation-florida | pool-builders.Imagen Intro 2#pompano-beach-florida | pool-builders.Imagen Intro 2#reddick-florida | pool-builders.Imagen Intro 2#royal-palm-beach-florida | pool-builders.Imagen Intro 2#south-palm-beach-florida | pool-builders.Imagen Intro 2#southwest-ranches-florida | pool-builders.Imagen Intro 2#tequesta-florida | pool-builders.Imagen Intro 2#trenton-florida | pool-builders.Imagen Intro 2#waldo-florida | pool-builders.Imagen Intro 2#wellington-florida | pool-builders.Imagen Intro 2#west-palm-beach-florida | pool-builders.Imagen Intro 2#weston-florida | pool-builders.Imagen Intro 2#williston-florida | pool-builders.Imagen Intro 2#wilton-manors-florida"
"https://cdn.prod.website-files.com/6a8f67a39235e3662e5721fe/6a8f67a39235e3662e5726aa_6951f7be1660c0941ab98250_custom-pool-pergola-outdoor-living-contractors-fl%2520(1).webp","custom-pool-pergola-outdoor-living-contractors-fl-1-.webp","webp","Modern custom pool with clear water, light stone deck, manicured lawn and pergola lounge in Alachua, FL.","53","pool-builders.Imagen Intro 1#alachua-florida | pool-builders.Imagen Intro 1#archer-florida | pool-builders.Imagen Intro 1#atlantis-florida | pool-builders.Imagen Intro 1#boca-raton-florida | pool-builders.Imagen Intro 1#boynton-beach-florida | pool-builders.Imagen Intro 1#cedar-key-florida | pool-builders.Imagen Intro 1#chiefland-florida | pool-builders.Imagen Intro 1#cross-city-florida | pool-builders.Imagen Intro 1#dania-beach-florida | pool-builders.Imagen Intro 1#davie-florida | pool-builders.Imagen Intro 1#deerfield-beach-florida | pool-builders.Imagen Intro 1#delray-beach-florida | pool-builders.Imagen Intro 1#fanning-springs-florida | pool-builders.Imagen Intro 1#fort-lauderdale-florida | pool-builders.Imagen Intro 1#gainesville-florida | pool-builders.Imagen Intro 1#gulf-stream-florida | pool-builders.Imagen Intro 1#hallandale-beach-florida | pool-builders.Imagen Intro 1#hawthorne-florida | pool-builders.Imagen Intro 1#high-springs-florida | pool-builders.Imagen Intro 1#beach-florida | pool-builders.Imagen Intro 1#hollywood-florida | pool-builders.Imagen Intro 1#hypoluxo-florida | pool-builders.Imagen Intro 1#juno-beach-florida | pool-builders.Imagen Intro 1#jupiter-florida | pool-builders.Imagen Intro 1#lake-city-florida | pool-builders.Imagen Intro 1#lighthouse-point-florida | pool-builders.Imagen Intro 1#manalapan-florida | pool-builders.Imagen Intro 1#mcintosh-florida | pool-builders.Imagen Intro 1#micanopy-florida | pool-builders.Imagen Intro 1#miramar-florida | pool-builders.Imagen Intro 1#newberry-florida | pool-builders.Imagen Intro 1#north-palm-beach-florida | pool-builders.Imagen Intro 1#ocala-florida | pool-builders.Imagen Intro 1#ocean-ridge-florida | pool-builders.Imagen Intro 1#old-town-florida | pool-builders.Imagen Intro 1#palatka-florida | pool-builders.Imagen Intro 1#palm-beach-gardens-florida | pool-builders.Imagen Intro 1#parkland-florida | pool-builders.Imagen Intro 1#pembroke-pines-florida | pool-builders.Imagen Intro 1#plantation-florida | pool-builders.Imagen Intro 1#pompano-beach-florida | pool-builders.Imagen Intro 1#reddick-florida | pool-builders.Imagen Intro 1#royal-palm-beach-florida | pool-builders.Imagen Intro 1#south-palm-beach-florida | pool-builders.Imagen Intro 1#southwest-ranches-florida | pool-builders.Imagen Intro 1#tequesta-florida | pool-builders.Imagen Intro 1#trenton-florida | pool-builders.Imagen Intro 1#waldo-florida | pool-builders.Imagen Intro 1#wellington-florida | pool-builders.Imagen Intro 1#west-palm-beach-florida | pool-builders.Imagen Intro 1#weston-florida | pool-builders.Imagen Intro 1#williston-florida | pool-builders.Imagen Intro 1#wilton-manors-florida"
"https://cdn.prod.website-files.com/6a8f67a39235e3662e5721fe/6a8f67a39235e3662e5726ab_custom-pool-builders-gilchrist-county-florida.avif","custom-pool-builders-gilchrist-county-florida.avif","avif","Custom pool and outdoor living design in Gilchrist County, Florida, featuring a beautifully crafted pool integrated with North Florida’s natural setting.","1","countries.Main Image#custom-pool-builders-gilchrist-county-fl"
"https://cdn.prod.website-files.com/6a8f67a39235e3662e5721fe/6a8f67a39235e3662e5726ac_custom-pool-builders-dixie-county-florida.avif","custom-pool-builders-dixie-county-florida.avif","avif","Custom pool and outdoor living design in Dixie County, Florida, featuring a well-built pool set within natural North Florida surroundings.","1","countries.Main Image#custom-pool-builders-dixie-county-fl"
"https://cdn.prod.website-files.com/6a8f67a39235e3662e5721fe/6a8f67a39235e3662e5726ad_custom-pool-builders-levy-county-florida.avif","custom-pool-builders-levy-county-florida.avif","avif","Custom pool and outdoor living design in Levy County, Florida, showcasing a thoughtfully designed pool set within natural North Florida surroundings.","1","countries.Main Image#custom-pool-builders-levy-county-fl"
"https://cdn.prod.website-files.com/6a8f67a39235e3662e5721fe/6a8f67a39235e3662e5726ae_custom-pool-builders-columbia-county-florida.avif","custom-pool-builders-columbia-county-florida.avif","avif","Custom pool and outdoor living design in Columbia County, Florida, featuring a well-crafted pool integrated into a natural North Florida setting.","1","countries.Main Image#custom-pool-builders-columbia-county-fl"
"https://cdn.prod.website-files.com/6a8f67a39235e3662e5721fe/6a8f67a39235e3662e5726af_custom-pool-builders-alachua-county-florida.avif","custom-pool-builders-alachua-county-florida.avif","avif","Custom pool and outdoor living design in Alachua County, Florida, featuring a modern pool integrated with natural landscaping and North Florida surroundings.","1","countries.Main Image#custom-pool-builders-alachua-county-fl"
"https://cdn.prod.website-files.com/6a8f67a39235e3662e5721fe/6a8f67a39235e3662e5726b0_custom-pool-builders-putnam-county-florida.avif","custom-pool-builders-putnam-county-florida.avif","avif","Custom pool and outdoor living design in Putnam County, Florida, showcasing a beautifully designed pool with natural materials and lush surroundings.","1","countries.Main Image#custom-pool-builders-putnam-county-fl"
"https://cdn.prod.website-files.com/6a8f67a39235e3662e5721fe/6a8f67a39235e3662e5726b1_custom-pool-builders-palm-beach-county-florida.avif","custom-pool-builders-palm-beach-county-florida.avif","avif","Luxury custom pool and outdoor living design in Palm Beach County, Florida, featuring a modern pool, spa, and refined tropical landscaping.","1","countries.Main Image#custom-pool-builders-palm-beach-county-fl"
"https://cdn.prod.website-files.com/6a8f67a39235e3662e5721fe/6a8f67a39235e3662e5726b2_custom-pool-builders-broward-county-florida.avif","custom-pool-builders-broward-county-florida.avif","avif","Luxury custom pool and outdoor living design in Broward County, Florida, featuring a modern pool, spa, and tropical landscaping.","1","countries.Main Image#custom-pool-builders-broward-county-fl"
"https://cdn.prod.website-files.com/6a8f67a39235e3662e5721fe/6a8f67a39235e3662e5726b3_custom-pool-builders-marion-county-florida.avif","custom-pool-builders-marion-county-florida.avif","avif","Luxury custom pool and outdoor living design in Marion County, Florida, featuring a modern pool, spa, and natural North Florida landscaping.","1","countries.Main Image#custom-pool-builders-marion-county-fl"
"https://cdn.prod.website-files.com/6a8f67a39235e3662e5721fe/6a8f67a39235e3662e5726b4_new-pool-spa-construction-florida.avif","new-pool-spa-construction-florida.avif","avif","New pool and spa construction in Florida by licensed custom pool builders","1","residentials.Image Page#custom-pool-spa-builders-in-north-south-florida"
"https://cdn.prod.website-files.com/6a8f67a39235e3662e5721fe/6a8f67a39235e3662e5726b5_pool-spa-renovation-backyard-florida.avif","pool-spa-renovation-backyard-florida.avif","avif","Pool and spa renovation enhancing a Florida backyard outdoor living contractors space.","1","residentials.Image Page#pool-remodeling-renovation-in-north-south-florida"
"https://cdn.prod.website-files.com/6a8f67a39235e3662e5721fe/6a8f67a39235e3662e5726b6_landscaping-services-florida.avif","landscaping-services-florida.avif","avif","Professional landscaping services designed for Florida residential properties.","1","residentials.Image Page#professional-landscaping-services-in-north-south-florida"
"https://cdn.prod.website-files.com/6a8f67a39235e3662e5721fe/6a8f67a39235e3662e5726b7_custom-decks-florida.avif","custom-decks-florida.avif","avif","Custom deck construction by professional outdoor living contractors in Florida.","1","residentials.Image Page#custom-deck-builders-in-north-south-florida"
"https://cdn.prod.website-files.com/6a8f67a39235e3662e5721fe/6a8f67a39235e3662e5726b8_automated-irrigation-florida.avif","automated-irrigation-florida.avif","avif","Professional automated irrigation system installation for tropical landscapes in Florida. Efficient watering solutions designed to protect lawns, plants, and landscaping year-round","1","residentials.Image Page#smart-irrigation-system-installation-in-north-south-florida"
"https://cdn.prod.website-files.com/6a8f67a39235e3662e5721fe/6a8f67a39235e3662e5726b9_aluminum-pergolas-contractors-florida.avif","aluminum-pergolas-contractors-florida.avif","avif","Custom aluminum pergolas built by outdoor living contractors in Florida.","1","residentials.Image Page#custom-aluminum-pergola-builders-in-north-south-florida"
"https://cdn.prod.website-files.com/6a8f67a39235e3662e5721fe/6a8f67a39235e3662e5726ba_outdoor-furniture-florida.avif","outdoor-furniture-florida.avif","avif","Teak dining set and wicker lounge chairs on Florida patio.","1","residentials.Image Page#premium-outdoor-furniture-for-north-south-florida-homes"
"https://cdn.prod.website-files.com/6a8f67a39235e3662e5721fe/6a8f67a39235e3662e5726bb_screened-patio-enclosure-florida.avif","screened-patio-enclosure-florida.avif","avif","Screened patio enclosure creating a comfortable outdoor living space in Florida.","1","residentials.Image Page#patio-screen-rooms-enclosures-in-north-south-florida"
"https://cdn.prod.website-files.com/6a8f67a39235e3662e5721fe/6a8f67a39235e3662e5726bc_covered-custom-outdoor-kitchen-florida.avif","covered-custom-outdoor-kitchen-florida.avif","avif","Custom outdoor kitchen built by professional outdoor kitchen builders in Florida.","1","residentials.Image Page#custom-outdoor-kitchens-for-north-south-florida-homes"
"https://cdn.prod.website-files.com/6a8f67a39235e3662e5721fe/6a8f67a39235e3662e5726bd_pool-screen-enclosures-florida.avif","pool-screen-enclosures-florida.avif","avif","Pool screen enclosures installed by licensed Florida enclosure contractors","1","residentials.Image Page#pool-screen-enclosures-for-north-south-florida-pools"
"https://cdn.prod.website-files.com/6a8f67a39235e3662e5721fe/6a8f67a39235e3662e5726be_steel-building-construction-florida.avif","steel-building-construction-florida.avif","avif","Steel building construction providing durable structures for Florida properties.","1","residentials.Image Page#steel-building-pole-barn-construction-in-north-south-florida"
"https://cdn.prod.website-files.com/6a8f67a39235e3662e5721fe/6a8f67a39235e3662e5726bf_retractable-screens-florida.avif","retractable-screens-florida.avif","avif","Retractable screens installed by professional outdoor living contractors in Florida.","1","residentials.Image Page#motorized-retractable-screens-in-north-south-florida"
"https://cdn.prod.website-files.com/6a8f67a39235e3662e5721fe/6a8f67a39235e3662e5726c0_louvered-roof-systems-florida.avif","louvered-roof-systems-florida.avif","avif","Motorized louvered roof system installed by custom outdoor living contractors in Florida","1","residentials.Image Page#motorized-louvered-roof-systems-in-north-south-florida"
"https://cdn.prod.website-files.com/6a8f67a39235e3662e5721fe/6a8f67a39235e3662e5726c1_smart-soffit-led-lighting-florida.avif","smart-soffit-led-lighting-florida.avif","avif","Smart soffit LED lighting installed by professional outdoor lighting contractors in Florida.","1","residentials.Image Page#smart-soffit-led-lighting-installation-in-north-south-florida"
"https://cdn.prod.website-files.com/6a8f67a39235e3662e5721fe/6a8f67a39235e3662e5726c2_69f38aba611fd9bc6770acd4_smart-lighting-step-3.png","smart-lighting-step-3.png","png","Delivery is coordinated with your project timeline. Licensed electricians install, connect, and position every fixture per your approved lighting design for a precise Florida installation.","1","procesos.Step Image#smart-lighting-step-3"
"https://cdn.prod.website-files.com/6a8f67a39235e3662e5721fe/6a8f67a39235e3662e5726c3_69f38ad88e6fe7edb1ce540f_smart-lighting-step-2.png","smart-lighting-step-2.png","png","Selected LED fixtures and smart control components are confirmed with the supplier. Lead times and delivery specs are locked in to ensure your Florida lighting project stays on track.","1","procesos.Step Image#smart-lighting-step-2"
"https://cdn.prod.website-files.com/6a8f67a39235e3662e5721fe/6a8f67a39235e3662e5726c4_69f38af0fe1bd007cf518400_smart-lighting-step-1.png","smart-lighting-step-1.png","png","Your smart lighting project starts with a detailed consultation to select premium LED and smart lighting fixtures engineered for Florida's outdoor environment and your property design.","1","procesos.Step Image#smart-lighting-step-1"
"https://cdn.prod.website-files.com/6a8f67a39235e3662e5721fe/6a8f67a39235e3662e5726c5_69f38b011710c8ed4d68259a_outdoor-furniture-step-4.png","outdoor-furniture-step-4.png","png","Final positioning and adjustments ensure optimal comfort, flow, and aesthetic balance. Your outdoor living space in Florida is fully complete and ready for relaxing and entertaining.","1","procesos.Step Image#outdoor-furniture-step-4"
"https://cdn.prod.website-files.com/6a8f67a39235e3662e5721fe/6a8f67a39235e3662e5726c6_69f38b106506fd24e0d38913_outdoor-furniture-step-3.png","outdoor-furniture-step-3.png","png","Furniture delivery is coordinated to align with your project completion. Our team professionally places and arranges every piece — so your Florida outdoor space looks perfect from day one.","1","procesos.Step Image#outdoor-furniture-step-3"
"https://cdn.prod.website-files.com/6a8f67a39235e3662e5721fe/6a8f67a39235e3662e5726c7_69f38b24fe1bd007cf51acb1_outdoor-furniture-step-2.png","outdoor-furniture-step-2.png","png","Your outdoor furniture order is placed and confirmed directly with the supplier. Lead times and delivery specs are locked in to keep your Florida outdoor living project on schedule.","1","procesos.Step Image#outdoor-furniture-step-2"
"https://cdn.prod.website-files.com/6a8f67a39235e3662e5721fe/6a8f67a39235e3662e5726c8_69f38b32a9e906dd95761a51_outdoor-furniture-step-1.png","outdoor-furniture-step-1.png","png","Your outdoor furniture project begins with expert consultation to select premium, weather-resistant furniture engineered for Florida's heat, UV exposure, and coastal conditions.","1","procesos.Step Image#outdoor-furniture-step-1"
"https://cdn.prod.website-files.com/6a8f67a39235e3662e5721fe/6a8f67a39235e3662e5726c9_69f38b72040335ee462a62fc_landscaping-step-2.png","landscaping-step-2.png","png","Existing vegetation and debris are cleared, the area is graded for proper drainage, and all plants and landscape materials are ordered and scheduled for your project delivery date.","1","procesos.Step Image#landscaping-step-2"
"https://cdn.prod.website-files.com/6a8f67a39235e3662e5721fe/6a8f67a39235e3662e5726ca_69f38b87bc093d858fe59534_landscaping-step-1.png","landscaping-step-1.png","png","Our Florida landscaping team collaborates with you to develop a comprehensive design plan — finalizing plant selections, measurements, and project timelines before work begins.","1","procesos.Step Image#landscaping-step-1"
"https://cdn.prod.website-files.com/6a8f67a39235e3662e5721fe/6a8f67a39235e3662e5726cb_69f38b96280147b98e99ef25_custom-decks-step-4.png","custom-decks-step-4.png","png","A detailed final walkthrough confirms every surface is perfectly set, edges are clean, and drainage is correct. Your new custom deck in Florida is complete and ready to enjoy.","1","procesos.Step Image#custom-decks-step-4"
"https://cdn.prod.website-files.com/6a8f67a39235e3662e5721fe/6a8f67a39235e3662e5726cc_69f38baa1374bfafcbc34fd5_custom-decks-step-3.png","custom-decks-step-3.png","png","A stable, compacted base is leveled using professional-grade sand and compaction materials. Your travertine, paver, or concrete deck is installed with precision for lasting durability.","1","procesos.Step Image#custom-decks-step-3"
"https://cdn.prod.website-files.com/6a8f67a39235e3662e5721fe/6a8f67a39235e3662e5726cd_69f38bbf95fc281b2cdfc8e5_custom-decks-step-2.png","custom-decks-step-2.png","png","Existing surfaces are removed, the area is excavated and graded for drainage, and all premium pavers, travertine, or concrete decking materials are ordered for timely delivery.","1","procesos.Step Image#custom-decks-step-2"
"https://cdn.prod.website-files.com/6a8f67a39235e3662e5721fe/6a8f67a39235e3662e5726ce_69f38bd38a0b3d2bb309aa8a_custom-decks-step-1.png","custom-decks-step-1.png","png","Our deck builders finalize project specifications, prepare all required documentation, and submit permits for approval — every Florida deck project engineered and permitted to code.","1","procesos.Step Image#custom-decks-step-1"
"https://cdn.prod.website-files.com/6a8f67a39235e3662e5721fe/6a8f67a39235e3662e5726cf_69f38be1fe1bd007cf5228d1_irrigation-step-4.png","irrigation-step-4.png","png","Your smart irrigation controller is programmed with custom zone schedules, run times, and weather-based sensors — delivering intelligent, water-saving performance for your Florida property.","1","procesos.Step Image#irrigation-step-4"
"https://cdn.prod.website-files.com/6a8f67a39235e3662e5721fe/6a8f67a39235e3662e5726d0_69f38bf835a28ae663808bd5_irrigation-step-3.png","irrigation-step-3.png","png","Licensed contractors install your complete smart irrigation system including underground piping, spray heads, rotor heads, drip emitters, and control wiring to Florida codes.","1","procesos.Step Image#irrigation-step-3"
"https://cdn.prod.website-files.com/6a8f67a39235e3662e5721fe/6a8f67a39235e3662e5726d1_69f38c050906f8927ae47b1b_irrigation-step-2.png","irrigation-step-2.png","png","Irrigation zones are mapped, trenching is planned, and head placement is strategically designed to ensure uniform coverage across your entire Florida landscape with minimal disruption.","1","procesos.Step Image#irrigation-step-2"
"https://cdn.prod.website-files.com/6a8f67a39235e3662e5721fe/6a8f67a39235e3662e5726d2_69f38c24611fd9bc6771bdf7_irrigation-step-1.png","irrigation-step-1.png","png","Our irrigation contractors engineer a precision smart irrigation system customized to your Florida property layout, plant types, and soil conditions for maximum water efficiency.","1","procesos.Step Image#irrigation-step-1"
"https://cdn.prod.website-files.com/6a8f67a39235e3662e5721fe/6a8f67a39235e3662e5726d3_69f38c83c8ee2ccd8389c949_retractable-screen-step-4.png","retractable-screen-step-4.png","png","Each motorized screen system is fully tested and inspected. A final walkthrough confirms flawless operation — your screens are ready to deliver shade, privacy, and insect protection.","1","procesos.Step Image#retractable-screen-step-4"
"https://cdn.prod.website-files.com/6a8f67a39235e3662e5721fe/6a8f67a39235e3662e5726d4_69f38ca8280147b98e9a78b4_retractable-screen-step-3.png","retractable-screen-step-3.png","png","Electrical readiness is confirmed and our certified installers complete your full retractable screen installation in Florida — typically within one day with minimal disruption.","1","procesos.Step Image#retractable-screen-step-3"
"https://cdn.prod.website-files.com/6a8f67a39235e3662e5721fe/6a8f67a39235e3662e5726d5_69f38cb7fe1bd007cf529c8f_retractable-screen-step-2.png","retractable-screen-step-2.png","png","Your custom motorized retractable screen systems are ordered directly from the manufacturer with a typical 3-week lead time, pre-scheduled for seamless on-time installation.","1","procesos.Step Image#retractable-screen-step-2"
"https://cdn.prod.website-files.com/6a8f67a39235e3662e5721fe/6a8f67a39235e3662e5726d6_69f38cc2bf7ad5c2f52170a5_retractable-screen-step-1.png","retractable-screen-step-1.png","png","Contract execution, full project documentation, and precision final measurements are completed — ensuring your motorized retractable screen system is custom-built to fit your Florida home.","1","procesos.Step Image#retractable-screen-step-1"
"https://cdn.prod.website-files.com/6a8f67a39235e3662e5721fe/6a8f67a39235e3662e5726d7_69f38ce66506fd24e0d4313a_pergola-installation-step-3.png","pergola-installation-step-3.png","png","Your custom aluminum pergola is installed in as little as 1–2 days. Decking is completed if included — delivering a durable, low-maintenance shade structure built to Florida wind codes.","1","procesos.Step Image#pergola-installation-step-3"
"https://cdn.prod.website-files.com/6a8f67a39235e3662e5721fe/6a8f67a39235e3662e5726d8_69f38cf6c8ee2ccd838a2db7_pergola-installation-step-2.png","pergola-installation-step-2.png","png","The installation site is laid out, concrete footings are poured as required, and all structural inspections are completed — creating a solid, code-compliant foundation for your Florida pergola.","1","procesos.Step Image#pergola-installation-step-2"
"https://cdn.prod.website-files.com/6a8f67a39235e3662e5721fe/6a8f67a39235e3662e5726d9_69f398be37f88560db13e633_landscaping-step-3.png","landscaping-step-3.png","png","Native trees, plants, and groundcovers are installed per your design. Soil amendments, mulch, rock, and finishing materials are applied for a vibrant, structured Florida landscape.","1","procesos.Step Image#landscaping-step-3"
"https://cdn.prod.website-files.com/6a8f67a39235e3662e5721fe/6a8f67a39235e3662e5726da_69f3992a8dc71c875a999b81_pergola-installation-step-1.png","pergola-installation-step-1.png","png","Our aluminum pergola builders finalize your design, prepare all documentation, and manage engineering and permits with local Florida authorities before construction begins.","1","procesos.Step Image#pergola-installation-step-1"
"https://cdn.prod.website-files.com/6a8f67a39235e3662e5721fe/6a8f67a39235e3662e5726db_69f39942432cbcdf8bc8ae58_outdoor-kitchen-step-4.png","outdoor-kitchen-step-4.png","png","Every appliance, finish, and component is inspected in a detailed walkthrough. Your custom outdoor kitchen in Florida is complete and ready for cooking and entertaining.","1","procesos.Step Image#outdoor-kitchen-step-4"
"https://cdn.prod.website-files.com/6a8f67a39235e3662e5721fe/6a8f67a39235e3662e5726dc_69f3995581585b320aa3b5ce_outdoor-kitchen-step-3.png","outdoor-kitchen-step-3.png","png","Expert framing, stucco texture, premium countertops, professional-grade appliances, and all components installed — your custom Florida outdoor kitchen built for year-round use.","1","procesos.Step Image#outdoor-kitchen-step-3"
"https://cdn.prod.website-files.com/6a8f67a39235e3662e5721fe/6a8f67a39235e3662e5726dd_69f4c204871e6690fbc6d3ec_outdoor-kitchen-step-2.png","outdoor-kitchen-step-2.png","png","The kitchen site is precisely laid out, concrete bases are poured, and structural framing is completed by experienced contractors for a durable Florida outdoor kitchen build.","1","procesos.Step Image#outdoor-kitchen-step-2"
"https://cdn.prod.website-files.com/6a8f67a39235e3662e5721fe/6a8f67a39235e3662e5726de_69f4c21a6db9292847708ab8_outdoor-kitchen-step-1.png","outdoor-kitchen-step-1.png","png","Your outdoor kitchen project begins with expert design documentation, structural engineering, and full permit submission managed by our licensed Florida outdoor kitchen contractors.","1","procesos.Step Image#outdoor-kitchen-step-1"
"https://cdn.prod.website-files.com/6a8f67a39235e3662e5721fe/6a8f67a39235e3662e5726df_69f4c230871e6690fbc6e5aa_pool-remodel-step-4.png","pool-remodel-step-4.png","png","Bond Kote prep, new interior finish, water fill, and full chemistry balance — your renovated Florida pool is tested, certified, and ready for immediate use and enjoyment.","1","procesos.Step Image#pool-remodel-step-4"
"https://cdn.prod.website-files.com/6a8f67a39235e3662e5721fe/6a8f67a39235e3662e5726e0_69f4c25f54ea1a32a20313ac_pool-remodel-step-3.png","pool-remodel-step-3.png","png","New tile, coping, updated decking, energy-efficient equipment, and custom features are installed by skilled pool remodeling contractors using premium Florida-rated materials.","1","procesos.Step Image#pool-remodel-step-3"
"https://cdn.prod.website-files.com/6a8f67a39235e3662e5721fe/6a8f67a39235e3662e5726e1_69f4c27234553be8792ba7ef_pool-remodel-step-2.png","pool-remodel-step-2.png","png","Old tile, coping, and worn materials are safely removed. Structural repairs are completed and the pool surface is professionally prepared for a flawless, long-lasting new finish.","1","procesos.Step Image#pool-remodel-step-2"
"https://cdn.prod.website-files.com/6a8f67a39235e3662e5721fe/6a8f67a39235e3662e5726e2_69f4c283b83b9052af23ce77_pool-remodel-step-1.png","pool-remodel-step-1.png","png","Our pool remodeling experts evaluate your pool condition, discuss your renovation goals, and create a fully customized plan to restore and upgrade your outdoor space in Florida.","1","procesos.Step Image#pool-remodel-step-1"
"https://cdn.prod.website-files.com/6a8f67a39235e3662e5721fe/6a8f67a39235e3662e5726e3_69f4c293fc42e3a0c19132f5_pool-construction-step-4.png","pool-construction-step-4.png","png","Premium interior plaster is applied, your new pool is filled and balanced, and every system is tested. Your custom Florida pool is complete and ready to enjoy from day one.","1","procesos.Step Image#pool-construction-step-4"
"https://cdn.prod.website-files.com/6a8f67a39235e3662e5721fe/6a8f67a39235e3662e5726e4_69f4c31b5852ad36a36d90d4_pool-construction-step-1.png","pool-construction-step-1.png","png","Start your custom pool project in Florida with a personalized consultation, detailed estimate, and material selections. Mr & Mrs Outdoor Living guides you every step of the way.","1","procesos.Step Image#pool-construction-step-1"
"https://cdn.prod.website-files.com/6a8f67a39235e3662e5721fe/6a8f67a39235e3662e5726e5_69f4cbba2d990465d68c1a48_pool-construction-step-2-v2.png","pool-construction-step-2-v2.png","png","Our licensed pool builders prepare full engineering drawings and manage all permits with your Florida municipality — keeping your custom pool project on schedule and fully code-compliant.","1","procesos.Step Image#pool-construction-step-2"
"https://cdn.prod.website-files.com/6a8f67a39235e3662e5721fe/6a8f67a39235e3662e5726e6_69f4cbe06003ae88098c18f5_pergola-installation-step-4-v2.png","pergola-installation-step-4-v2.png","png","A comprehensive final inspection verifies structural integrity and code compliance. Your outdoor living space is complete — a beautiful aluminum pergola built to last in Florida's climate.","1","procesos.Step Image#pergola-installation-step-4"
"https://cdn.prod.website-files.com/6a8f67a39235e3662e5721fe/6a8f67a39235e3662e5726e7_69f4cc30b8f15f56faa45323_pool-construction-step-3-v2.png","pool-construction-step-3-v2.png","png","Expert pool excavation, steel rebar, gunite application, tile, coping, decking, and full equipment installation by licensed pool contractors in North & South Florida.","1","procesos.Step Image#pool-construction-step-3"
"https://cdn.prod.website-files.com/6a8f67a39235e3662e5721fe/6a8f67a39235e3662e5726e8_69f4cc463e4d7f4a560e4462_landscaping-step-4-v2.png","landscaping-step-4-v2.png","png","A thorough walkthrough verifies plant placement, mulch application, and site cleanliness. Your new Florida landscape is fully inspected and ready to enhance your property value.","1","procesos.Step Image#landscaping-step-4"
"https://cdn.prod.website-files.com/6a8f67a39235e3662e5721fe/6a8f67a39235e3662e5726e9_69f517b42da427a70f981644_smart-soffit-led-lighting-installation-in-north-south-florida-after.png","smart-soffit-led-lighting-installation-in-north-south-florida-after.png","png","Beautifully illuminated Florida home exterior after smart LED soffit lighting by Mr. & Mrs. Outdoor Living","1","residentials.After Image#smart-soffit-led-lighting-installation-in-north-south-florida"
"https://cdn.prod.website-files.com/6a8f67a39235e3662e5721fe/6a8f67a39235e3662e5726ea_69f517a29fe804dfc0344d05_smart-soffit-led-lighting-installation-in-north-south-florida-before.png","smart-soffit-led-lighting-installation-in-north-south-florida-before.png","png","Dark Florida home exterior before smart soffit LED lighting installation by Mr. & Mrs. Outdoor Living","1","residentials.Before Image#smart-soffit-led-lighting-installation-in-north-south-florida"
"https://cdn.prod.website-files.com/6a8f67a39235e3662e5721fe/6a8f67a39235e3662e5726eb_69f517c723abee9771e928fe_steel-building-pole-barn-construction-in-north-south-florida-before.png","steel-building-pole-barn-construction-in-north-south-florida-before.png","png","Vacant Florida property before custom steel building construction by Mr. & Mrs. Outdoor Living","1","residentials.Before Image#steel-building-pole-barn-construction-in-north-south-florida"
"https://cdn.prod.website-files.com/6a8f67a39235e3662e5721fe/6a8f67a39235e3662e5726ec_69f517d723abee9771e932cd_steel-building-pole-barn-construction-in-north-south-florida-after.png","steel-building-pole-barn-construction-in-north-south-florida-after.png","png","Durable hurricane-rated steel building completed by Mr. & Mrs. Outdoor Living on a Florida property","1","residentials.After Image#steel-building-pole-barn-construction-in-north-south-florida"
"https://cdn.prod.website-files.com/6a8f67a39235e3662e5721fe/6a8f67a39235e3662e5726ed_69f517ebe846d98cb70f9388_motorized-retractable-screens-in-north-south-florida-before.png","motorized-retractable-screens-in-north-south-florida-before.png","png","Exposed patio before motorized retractable screen installation by Mr. & Mrs. Outdoor Living in Florida","1","residentials.Before Image#motorized-retractable-screens-in-north-south-florida"
"https://cdn.prod.website-files.com/6a8f67a39235e3662e5721fe/6a8f67a39235e3662e5726ee_69f517fa5bed45892f7052bd_motorized-retractable-screens-in-north-south-florida-after.png","motorized-retractable-screens-in-north-south-florida-after.png","png","Bug-free outdoor living space with motorized retractable screens installed by Mr. & Mrs. Outdoor Living in Florida","1","residentials.After Image#motorized-retractable-screens-in-north-south-florida"
"https://cdn.prod.website-files.com/6a8f67a39235e3662e5721fe/6a8f67a39235e3662e5726ef_69f518214ac0fed8840e909d_pool-screen-enclosures-for-north-south-florida-pools-after.png","pool-screen-enclosures-for-north-south-florida-pools-after.png","png","Protected pool screen enclosure completed by Mr. & Mrs. Outdoor Living, keeping a Florida pool clean and safe","1","residentials.After Image#pool-screen-enclosures-for-north-south-florida-pools"
"https://cdn.prod.website-files.com/6a8f67a39235e3662e5721fe/6a8f67a39235e3662e5726f0_69f5180d1605a7eb7547caab_pool-screen-enclosures-for-north-south-florida-pools-before.png","pool-screen-enclosures-for-north-south-florida-pools-before.png","png","Open backyard pool before custom screen enclosure installation by Mr. & Mrs. Outdoor Living in Florida","1","residentials.Before Image#pool-screen-enclosures-for-north-south-florida-pools"
"https://cdn.prod.website-files.com/6a8f67a39235e3662e5721fe/6a8f67a39235e3662e5726f1_69f5183788179f527d14a29e_pool-remodeling-renovation-in-north-south-florida-before.png","pool-remodeling-renovation-in-north-south-florida-before.png","png","Worn-out Florida pool before professional remodeling by Mr. & Mrs. Outdoor Living","1","residentials.Before Image#pool-remodeling-renovation-in-north-south-florida"
"https://cdn.prod.website-files.com/6a8f67a39235e3662e5721fe/6a8f67a39235e3662e5726f2_69f5185a6a59f94328797388_custom-outdoor-kitchens-for-north-south-florida-homes-before.png","custom-outdoor-kitchens-for-north-south-florida-homes-before.png","png","Plain backyard before custom outdoor kitchen construction by Mr. & Mrs. Outdoor Living in Florida","1","residentials.Before Image#custom-outdoor-kitchens-for-north-south-florida-homes"
"https://cdn.prod.website-files.com/6a8f67a39235e3662e5721fe/6a8f67a39235e3662e5726f3_69f5186de91e5977b526dc51_custom-outdoor-kitchens-for-north-south-florida-homes-after.png","custom-outdoor-kitchens-for-north-south-florida-homes-after.png","png","Chef-ready custom outdoor kitchen completed by Mr. & Mrs. Outdoor Living, enhancing a Florida backyard","1","residentials.After Image#custom-outdoor-kitchens-for-north-south-florida-homes"
"https://cdn.prod.website-files.com/6a8f67a39235e3662e5721fe/6a8f67a39235e3662e5726f4_69f5189a23abee9771e98e6d_patio-screen-rooms-enclosures-in-north-south-florida-after.png","patio-screen-rooms-enclosures-in-north-south-florida-after.png","png","Comfortable enclosed patio screen room completed by Mr. & Mrs. Outdoor Living in Florida","1","residentials.After Image#patio-screen-rooms-enclosures-in-north-south-florida"
"https://cdn.prod.website-files.com/6a8f67a39235e3662e5721fe/6a8f67a39235e3662e5726f5_69f51886738a639d9c6c8adb_patio-screen-rooms-enclosures-in-north-south-florida-before.png","patio-screen-rooms-enclosures-in-north-south-florida-before.png","png","Open concrete patio before custom screen room installation by Mr. & Mrs. Outdoor Living in Florida","1","residentials.Before Image#patio-screen-rooms-enclosures-in-north-south-florida"
"https://cdn.prod.website-files.com/6a8f67a39235e3662e5721fe/6a8f67a39235e3662e5726f6_69f518bb2d917b5830ace76d_premium-outdoor-furniture-for-north-south-florida-homes-after.png","premium-outdoor-furniture-for-north-south-florida-homes-after.png","png","Styled outdoor living room with premium weather-resistant furniture installed by Mr. & Mrs. Outdoor Living in Florida","1","residentials.After Image#premium-outdoor-furniture-for-north-south-florida-homes"
"https://cdn.prod.website-files.com/6a8f67a39235e3662e5721fe/6a8f67a39235e3662e5726f7_69f518e4c5f0db1d588c461f_motorized-louvered-roof-systems-in-north-south-florida-after.png","motorized-louvered-roof-systems-in-north-south-florida-after.png","png","Elegant motorized louvered roof system installed by Mr. & Mrs. Outdoor Living, creating a year-round outdoor room in Florida","1","residentials.After Image#motorized-louvered-roof-systems-in-north-south-florida"
"https://cdn.prod.website-files.com/6a8f67a39235e3662e5721fe/6a8f67a39235e3662e5726f8_69f518d12da427a70f98a6db_motorized-louvered-roof-systems-in-north-south-florida-before.png","motorized-louvered-roof-systems-in-north-south-florida-before.png","png","Open patio exposed to harsh Florida sun before motorized louvered roof installation by Mr. & Mrs. Outdoor Living","1","residentials.Before Image#motorized-louvered-roof-systems-in-north-south-florida"
"https://cdn.prod.website-files.com/6a8f67a39235e3662e5721fe/6a8f67a39235e3662e5726f9_69f518f37c86a463fd396683_custom-aluminum-wood-pergola-builders-in-north-south-florida-before.png","custom-aluminum-wood-pergola-builders-in-north-south-florida-before.png","png","Bare concrete patio before custom aluminum pergola installation by Mr. & Mrs. Outdoor Living in Florida","1","residentials.Before Image#custom-aluminum-pergola-builders-in-north-south-florida"
"https://cdn.prod.website-files.com/6a8f67a39235e3662e5721fe/6a8f67a39235e3662e5726fa_69f519333fd2bf3bb72cf69b_custom-deck-builders-in-north-south-florida-after.png","custom-deck-builders-in-north-south-florida-after.png","png","Custom travertine pool deck completed by Mr. & Mrs. Outdoor Living, transforming a Florida backyard","1","residentials.After Image#custom-deck-builders-in-north-south-florida"
"https://cdn.prod.website-files.com/6a8f67a39235e3662e5721fe/6a8f67a39235e3662e5726fb_69f519202d917b5830ad09df_custom-deck-builders-in-north-south-florida-before.png","custom-deck-builders-in-north-south-florida-before.png","png","Cracked concrete patio before custom deck installation by Mr. & Mrs. Outdoor Living in Florida","1","residentials.Before Image#custom-deck-builders-in-north-south-florida"
"https://cdn.prod.website-files.com/6a8f67a39235e3662e5721fe/6a8f67a39235e3662e5726fc_69f5195cae2106351d523a6a_custom-pool-spa-builders-in-north-south-florida-after.png","custom-pool-spa-builders-in-north-south-florida-after.png","png","Luxury custom pool completed by licensed builders at Mr. & Mrs. Outdoor Living in Florida","1","residentials.After Image#custom-pool-spa-builders-in-north-south-florida"
"https://cdn.prod.website-files.com/6a8f67a39235e3662e5721fe/6a8f67a39235e3662e5726fd_69f5194ae86cb4c38a788877_custom-pool-spa-builders-in-north-south-florida-before.png","custom-pool-spa-builders-in-north-south-florida-before.png","png","Empty Florida backyard before custom pool and spa construction by Mr. & Mrs. Outdoor Living","1","residentials.Before Image#custom-pool-spa-builders-in-north-south-florida"
"https://cdn.prod.website-files.com/6a8f67a39235e3662e5721fe/6a8f67a39235e3662e5726fe_69f519d3e846d98cb710e2c7_smart-irrigation-system-installation-in-north-south-florida-after.png","smart-irrigation-system-installation-in-north-south-florida-after.png","png","Lush green lawn restored after precision smart irrigation installation across a Florida residential property","1","residentials.After Image#smart-irrigation-system-installation-in-north-south-florida"
"https://cdn.prod.website-files.com/6a8f67a39235e3662e5721fe/6a8f67a39235e3662e5726ff_69f519c02da427a70f98f869_smart-irrigation-system-installation-in-north-south-florida-before.png","smart-irrigation-system-installation-in-north-south-florida-before.png","png","Dry, brown lawn before smart irrigation system installation by Mr. & Mrs. Outdoor Living in Florida","1","residentials.Before Image#smart-irrigation-system-installation-in-north-south-florida"
"https://cdn.prod.website-files.com/6a8f67a39235e3662e5721fe/6a8f67a39235e3662e572700_69f519f4af0c50d4e39ec327_professional-landscaping-services-in-north-south-florida-after.png","professional-landscaping-services-in-north-south-florida-after.png","png","Lush tropical landscape completed by Mr. & Mrs. Outdoor Living, transforming a Florida residential property","1","residentials.After Image#professional-landscaping-services-in-north-south-florida"
"https://cdn.prod.website-files.com/6a8f67a39235e3662e5721fe/6a8f67a39235e3662e572701_69f5239b2da427a70f9d3657_pool-remodeling-renovation-in-north-south-florida-after.png","pool-remodeling-renovation-in-north-south-florida-after.png","png","Resort-style renovated pool completed by Mr. & Mrs. Outdoor Living in Florida","1","residentials.After Image#pool-remodeling-renovation-in-north-south-florida"
"https://cdn.prod.website-files.com/6a8f67a39235e3662e5721fe/6a8f67a39235e3662e572702_69f523aebc2833ee6ac7d9f4_premium-outdoor-furniture-for-north-south-florida-homes-before.png","premium-outdoor-furniture-for-north-south-florida-homes-before.png","png","Empty Florida patio before premium outdoor furniture installation by Mr. & Mrs. Outdoor Living","1","residentials.Before Image#premium-outdoor-furniture-for-north-south-florida-homes"
"https://cdn.prod.website-files.com/6a8f67a39235e3662e5721fe/6a8f67a39235e3662e572703_69f523c03b0227d2dd747abb_custom-aluminum-wood-pergola-builders-in-north-south-florida-after.png","custom-aluminum-wood-pergola-builders-in-north-south-florida-after.png","png","Stunning custom aluminum pergola completed by Mr. & Mrs. Outdoor Living, enhancing a Florida outdoor living space","1","residentials.After Image#custom-aluminum-pergola-builders-in-north-south-florida"
"https://cdn.prod.website-files.com/6a8f67a39235e3662e5721fe/6a8f67a39235e3662e572704_69f52429af0c50d4e3a12663_professional-landscaping-services-in-north-south-florida-before.png","professional-landscaping-services-in-north-south-florida-before.png","png","Neglected Florida yard before professional landscaping installation by Mr. & Mrs. Outdoor Living","1","residentials.Before Image#professional-landscaping-services-in-north-south-florida"
"https://cdn.prod.website-files.com/6a8f67a39235e3662e5721fe/6a8f67a39235e3662e572705_69f8d4d23964b14413646d72_Irrigreen-Brochure.jpeg","irrigreen-brochure.jpeg","jpeg","","1","brochures.Cover#irrigreen-brochure"
"https://cdn.prod.website-files.com/6a8f67a39235e3662e5721fe/6a8f67a39235e3662e572706_69f8d4d3cd8102a84dccfb04_Irrigreen-Brochure.pdf","irrigreen-brochure.pdf","pdf","","1","brochures.File#irrigreen-brochure"
"https://cdn.prod.website-files.com/6a8f67a39235e3662e5721fe/6a8f67a39235e3662e572707_69f8d4d55d9a881a3e77753e_Irrigreen-Smart-Drip-System.jpeg","irrigreen-smart-drip-system.jpeg","jpeg","","1","brochures.Cover#irrigreen-smart-drip-system"
"https://cdn.prod.website-files.com/6a8f67a39235e3662e5721fe/6a8f67a39235e3662e572708_69f8d4d6d5d16f7776136e8c_Irrigreen-Smart-Drip-System.pdf","irrigreen-smart-drip-system.pdf","pdf","","1","brochures.File#irrigreen-smart-drip-system"
"https://cdn.prod.website-files.com/6a8f67a39235e3662e5721fe/6a8f67a39235e3662e572709_69f8d4d8f2e3c3fa906a5bba_Irrigreen-Warranty.pdf","irrigreen-warranty.pdf","pdf","","1","brochures.File#irrigreen-warranty"
"https://cdn.prod.website-files.com/6a8f67a39235e3662e5721fe/6a8f67a39235e3662e57270a_69f8d4d8975e4857ee5020c6_Irrigreen-Warranty.jpeg","irrigreen-warranty.jpeg","jpeg","","1","brochures.Cover#irrigreen-warranty"
"https://cdn.prod.website-files.com/6a8f67a39235e3662e5721fe/6a8f67a39235e3662e57270b_69f8d4db5a391bd8f90385d7_Classic-Modern-Catalog.jpeg","classic-modern-catalog.jpeg","jpeg","","1","brochures.Cover#classic-modern-catalog"
"https://cdn.prod.website-files.com/6a8f67a39235e3662e5721fe/6a8f67a39235e3662e57270c_69f8d4dc06129df1c2d51bf9_Classic-Modern-Catalog.pdf","classic-modern-catalog.pdf","pdf","","1","brochures.File#classic-modern-catalog"
"https://cdn.prod.website-files.com/6a8f67a39235e3662e5721fe/6a8f67a39235e3662e57270d_69f8d4dff2e3c3fa906a5daf_Coping-Guide.jpeg","coping-guide.jpeg","jpeg","","2","brochures.Cover#coping-guide | brochures.Cover#pool-coping"
"https://cdn.prod.website-files.com/6a8f67a39235e3662e5721fe/6a8f67a39235e3662e57270e_69f8d4e0c06b3b1fc9075c6b_Coping-Guide.pdf","coping-guide.pdf","pdf","","2","brochures.File#coping-guide | brochures.File#pool-coping"
"https://cdn.prod.website-files.com/6a8f67a39235e3662e5721fe/6a8f67a39235e3662e57270f_69f8d4e43bc8cfd044da42e8_Hurok-Hardscapes-Catalog.jpeg","hurok-hardscapes-catalog.jpeg","jpeg","","1","brochures.Cover#hurok-hardscapes-catalog"
"https://cdn.prod.website-files.com/6a8f67a39235e3662e5721fe/6a8f67a39235e3662e572710_69f8d4e5be45d4770b682911_Hurok-Hardscapes-Catalog.pdf","hurok-hardscapes-catalog.pdf","pdf","","1","brochures.File#hurok-hardscapes-catalog"
"https://cdn.prod.website-files.com/6a8f67a39235e3662e5721fe/6a8f67a39235e3662e572711_69f8d4ea27ea00cadddcf51a_Milestone-Flyer.jpeg","milestone-flyer.jpeg","jpeg","","2","brochures.Cover#milestone-flyer | brochures.Cover#milestone-flyer-d56b4"
"https://cdn.prod.website-files.com/6a8f67a39235e3662e5721fe/6a8f67a39235e3662e572712_69f8d4ebea200eb22066c9b8_Milestone-Flyer.pdf","milestone-flyer.pdf","pdf","","1","brochures.File#milestone-flyer"
"https://cdn.prod.website-files.com/6a8f67a39235e3662e5721fe/6a8f67a39235e3662e572713_69f8d4ef27655a92528a7f6f_Milestone-Travertine.jpeg","milestone-travertine.jpeg","jpeg","","1","brochures.Cover#milestone-travertine"
"https://cdn.prod.website-files.com/6a8f67a39235e3662e5721fe/6a8f67a39235e3662e572714_69f8d4ef89d1c44d1c5e39d7_Milestone-Travertine.pdf","milestone-travertine.pdf","pdf","","1","brochures.File#milestone-travertine"
"https://cdn.prod.website-files.com/6a8f67a39235e3662e5721fe/6a8f67a39235e3662e572715_69f8d4f35d9a881a3e7785ab_Sealer-Guide.jpeg","sealer-guide.jpeg","jpeg","","2","brochures.Cover#sealer-guide | brochures.Cover#sealer-guide-88aff"
"https://cdn.prod.website-files.com/6a8f67a39235e3662e5721fe/6a8f67a39235e3662e572716_69f8d4f47309b55691846c45_Sealer-Guide.pdf","sealer-guide.pdf","pdf","","2","brochures.File#sealer-guide | brochures.File#sealer-guide-88aff"
"https://cdn.prod.website-files.com/6a8f67a39235e3662e5721fe/6a8f67a39235e3662e572717_69f8d4fc543162fdcc70a95a_StoneMart-Marble-Travertine.jpeg","stonemart-marble-travertine.jpeg","jpeg","","2","brochures.Cover#stonemart-marble-travertine | brochures.Cover#stonemart-marble-travertine-b0c58"
"https://cdn.prod.website-files.com/6a8f67a39235e3662e5721fe/6a8f67a39235e3662e572718_69f8d4fe27655a92528a8713_StoneMart-Marble-Travertine.pdf","stonemart-marble-travertine.pdf","pdf","","2","brochures.File#stonemart-marble-travertine | brochures.File#stonemart-marble-travertine-b0c58"
"https://cdn.prod.website-files.com/6a8f67a39235e3662e5721fe/6a8f67a39235e3662e572719_69f8d5045d9a881a3e778cbd_Tremron-South-Catalog.jpeg","tremron-south-catalog.jpeg","jpeg","","1","brochures.Cover#tremron-south-catalog"
"https://cdn.prod.website-files.com/6a8f67a39235e3662e5721fe/6a8f67a39235e3662e57271a_69f8d504c6615cb09f098a95_Tremron-South-Catalog.pdf","tremron-south-catalog.pdf","pdf","","1","brochures.File#tremron-south-catalog"
"https://cdn.prod.website-files.com/6a8f67a39235e3662e5721fe/6a8f67a39235e3662e57271b_69f8d508543162fdcc70afc4_Equinox-Brochure.jpeg","equinox-brochure.jpeg","jpeg","","1","brochures.Cover#equinox-brochure"
"https://cdn.prod.website-files.com/6a8f67a39235e3662e5721fe/6a8f67a39235e3662e57271c_69f8d5097cb79599f779c208_Equinox-Brochure.pdf","equinox-brochure.pdf","pdf","","1","brochures.File#equinox-brochure"
"https://cdn.prod.website-files.com/6a8f67a39235e3662e5721fe/6a8f67a39235e3662e57271d_69f8d50dc6615cb09f098fe2_Louvered-Roof-Brochure.jpeg","louvered-roof-brochure.jpeg","jpeg","","1","brochures.Cover#louvered-roof-brochure"
"https://cdn.prod.website-files.com/6a8f67a39235e3662e5721fe/6a8f67a39235e3662e57271e_69f8d50ebe45d4770b6838ec_Louvered-Roof-Brochure.pdf","louvered-roof-brochure.pdf","pdf","","1","brochures.File#louvered-roof-brochure"
"https://cdn.prod.website-files.com/6a8f67a39235e3662e5721fe/6a8f67a39235e3662e57271f_69f8d52a27ea00cadddd0410_Louvered-Roof-Brochure-2024.jpeg","louvered-roof-brochure-2024.jpeg","jpeg","","1","brochures.Cover#louvered-roof-brochure-2024"
"https://cdn.prod.website-files.com/6a8f67a39235e3662e5721fe/6a8f67a39235e3662e572720_69f8d52bc6615cb09f09a514_Louvered-Roof-Brochure-2024.pdf","louvered-roof-brochure-2024.pdf","pdf","","1","brochures.File#louvered-roof-brochure-2024"
"https://cdn.prod.website-files.com/6a8f67a39235e3662e5721fe/6a8f67a39235e3662e572721_69f8d531c6615cb09f09aa38_OE-Serenity-Pergola-Flyer.jpeg","oe-serenity-pergola-flyer.jpeg","jpeg","","1","brochures.Cover#oe-serenity-pergola-flyer"
"https://cdn.prod.website-files.com/6a8f67a39235e3662e5721fe/6a8f67a39235e3662e572722_69f8d5327cb79599f779ce06_OE-Serenity-Pergola-Flyer.pdf","oe-serenity-pergola-flyer.pdf","pdf","","1","brochures.File#oe-serenity-pergola-flyer"
"https://cdn.prod.website-files.com/6a8f67a39235e3662e5721fe/6a8f67a39235e3662e572723_69f8d5361fd80c995ad30692_Shadespan-Brochure-USA.jpeg","shadespan-brochure-usa.jpeg","jpeg","","1","brochures.Cover#shadespan-brochure-usa"
"https://cdn.prod.website-files.com/6a8f67a39235e3662e5721fe/6a8f67a39235e3662e572724_69f8d5371fd80c995ad306b0_Shadespan-Brochure-USA.pdf","shadespan-brochure-usa.pdf","pdf","","1","brochures.File#shadespan-brochure-usa"
"https://cdn.prod.website-files.com/6a8f67a39235e3662e5721fe/6a8f67a39235e3662e572725_69f8d53989d1c44d1c5e6998_Shadespan-Look-Book.jpeg","shadespan-look-book.jpeg","jpeg","","1","brochures.Cover#shadespan-look-book"
"https://cdn.prod.website-files.com/6a8f67a39235e3662e5721fe/6a8f67a39235e3662e572726_69f8d53a543162fdcc70c47d_Shadespan-Look-Book.pdf","shadespan-look-book.pdf","pdf","","1","brochures.File#shadespan-look-book"
"https://cdn.prod.website-files.com/6a8f67a39235e3662e5721fe/6a8f67a39235e3662e572727_69f8d53dbe45d4770b6850ce_Alfresco-Brochure.jpeg","alfresco-brochure.jpeg","jpeg","","1","brochures.Cover#alfresco-brochure"
"https://cdn.prod.website-files.com/6a8f67a39235e3662e5721fe/6a8f67a39235e3662e572728_69f8d53de9ee1fcd94c0fa6d_Alfresco-Brochure.pdf","alfresco-brochure.pdf","pdf","","1","brochures.File#alfresco-brochure"
"https://cdn.prod.website-files.com/6a8f67a39235e3662e5721fe/6a8f67a39235e3662e572729_69f8d544d72245381fe3e822_Artisan-Brochure.jpeg","artisan-brochure.jpeg","jpeg","","1","brochures.Cover#artisan-brochure"
"https://cdn.prod.website-files.com/6a8f67a39235e3662e5721fe/6a8f67a39235e3662e57272a_69f8d54589d1c44d1c5e706f_Artisan-Brochure.pdf","artisan-brochure.pdf","pdf","","1","brochures.File#artisan-brochure"
"https://cdn.prod.website-files.com/6a8f67a39235e3662e5721fe/6a8f67a39235e3662e57272b_69f8d54753cb3d44257b0bdf_Big-Green-Egg-Catalogue.jpeg","big-green-egg-catalogue.jpeg","jpeg","","1","brochures.Cover#big-green-egg-catalogue"
"https://cdn.prod.website-files.com/6a8f67a39235e3662e5721fe/6a8f67a39235e3662e57272c_69f8d54808d725bda294ef17_Big-Green-Egg-Catalogue.pdf","big-green-egg-catalogue.pdf","pdf","","1","brochures.File#big-green-egg-catalogue"
"https://cdn.prod.website-files.com/6a8f67a39235e3662e5721fe/6a8f67a39235e3662e57272d_69f8d54bfbca95b2a6104afd_Challenger-7700-Accessories.jpeg","challenger-7700-accessories.jpeg","jpeg","","1","brochures.Cover#challenger-7700-accessories"
"https://cdn.prod.website-files.com/6a8f67a39235e3662e5721fe/6a8f67a39235e3662e57272e_69f8d54c89d1c44d1c5e75b9_Challenger-7700-Accessories.pdf","challenger-7700-accessories.pdf","pdf","","1","brochures.File#challenger-7700-accessories"
"https://cdn.prod.website-files.com/6a8f67a39235e3662e5721fe/6a8f67a39235e3662e57272f_69f8d550be45d4770b685acb_Challenger-Big-Green-Egg-Brochure.pdf","challenger-big-green-egg-brochure.pdf","pdf","","1","brochures.File#challenger-big-green-egg-brochure"
"https://cdn.prod.website-files.com/6a8f67a39235e3662e5721fe/6a8f67a39235e3662e572730_69f8d54fcd8102a84dcd4c23_Challenger-Big-Green-Egg-Brochure.jpeg","challenger-big-green-egg-brochure.jpeg","jpeg","","1","brochures.Cover#challenger-big-green-egg-brochure"
"https://cdn.prod.website-files.com/6a8f67a39235e3662e5721fe/6a8f67a39235e3662e572731_69f8d552febe8c4a546b29fd_Challenger-Kitchen-Brochure.jpeg","challenger-kitchen-brochure.jpeg","jpeg","","1","brochures.Cover#challenger-kitchen-brochure"
"https://cdn.prod.website-files.com/6a8f67a39235e3662e5721fe/6a8f67a39235e3662e572732_69f8d553f537edf6b5f34e37_Challenger-Kitchen-Brochure.pdf","challenger-kitchen-brochure.pdf","pdf","","1","brochures.File#challenger-kitchen-brochure"
"https://cdn.prod.website-files.com/6a8f67a39235e3662e5721fe/6a8f67a39235e3662e572733_69f8d556c6615cb09f09bd9f_Coyote-Brochure.jpeg","coyote-brochure.jpeg","jpeg","","1","brochures.Cover#coyote-brochure"
"https://cdn.prod.website-files.com/6a8f67a39235e3662e5721fe/6a8f67a39235e3662e572734_69f8d5575d9a881a3e77c2fa_Coyote-Brochure.pdf","coyote-brochure.pdf","pdf","","1","brochures.File#coyote-brochure"
"https://cdn.prod.website-files.com/6a8f67a39235e3662e5721fe/6a8f67a39235e3662e572735_69f8d55c5d9a881a3e77cadd_Napoleon-Grills-Brochure.jpeg","napoleon-grills-brochure.jpeg","jpeg","","1","brochures.Cover#napoleon-grills-brochure"
"https://cdn.prod.website-files.com/6a8f67a39235e3662e5721fe/6a8f67a39235e3662e572736_69f8d55d2fcb7aa45910d62b_Napoleon-Grills-Brochure.pdf","napoleon-grills-brochure.pdf","pdf","","1","brochures.File#napoleon-grills-brochure"
"https://cdn.prod.website-files.com/6a8f67a39235e3662e5721fe/6a8f67a39235e3662e572737_69f8d5612fcb7aa45910d86c_Hercules-Comparison.jpeg","hercules-comparison.jpeg","jpeg","","1","brochures.Cover#hercules-comparison"
"https://cdn.prod.website-files.com/6a8f67a39235e3662e5721fe/6a8f67a39235e3662e572738_69f8d56127ea00cadddd0c56_Hercules-Comparison.pdf","hercules-comparison.pdf","pdf","","1","brochures.File#hercules-comparison"
"https://cdn.prod.website-files.com/6a8f67a39235e3662e5721fe/6a8f67a39235e3662e572739_69f8d564f74a9c56ef72084a_Pergola-Lights.pdf","pergola-lights.pdf","pdf","","1","brochures.File#pergola-lights"
"https://cdn.prod.website-files.com/6a8f67a39235e3662e5721fe/6a8f67a39235e3662e57273a_69f8d564d72245381fe3f58b_Pergola-Lights.jpeg","pergola-lights.jpeg","jpeg","","1","brochures.Cover#pergola-lights"
"https://cdn.prod.website-files.com/6a8f67a39235e3662e5721fe/6a8f67a39235e3662e57273b_69f8d5678a8629bc810af1e4_Renaissance-Flyer.pdf","renaissance-flyer.pdf","pdf","","1","brochures.File#renaissance-flyer"
"https://cdn.prod.website-files.com/6a8f67a39235e3662e5721fe/6a8f67a39235e3662e57273c_69f8d5672fcb7aa45910dac4_Renaissance-Flyer.jpeg","renaissance-flyer.jpeg","jpeg","","1","brochures.Cover#renaissance-flyer"
"https://cdn.prod.website-files.com/6a8f67a39235e3662e5721fe/6a8f67a39235e3662e57273d_69f8d569fc54ab4be1f401a6_Renaissance-Pitchbook.jpeg","renaissance-pitchbook.jpeg","jpeg","","1","brochures.Cover#renaissance-pitchbook"
"https://cdn.prod.website-files.com/6a8f67a39235e3662e5721fe/6a8f67a39235e3662e57273e_69f8d56aacff3d6f54c82012_Renaissance-Pitchbook.pdf","renaissance-pitchbook.pdf","pdf","","1","brochures.File#renaissance-pitchbook"
"https://cdn.prod.website-files.com/6a8f67a39235e3662e5721fe/6a8f67a39235e3662e57273f_69f8d56e3bc8cfd044da51e6_Roof-Systems-Brochure-2025.jpeg","roof-systems-brochure-2025.jpeg","jpeg","","1","brochures.Cover#roof-systems-brochure-2025"
"https://cdn.prod.website-files.com/6a8f67a39235e3662e5721fe/6a8f67a39235e3662e572740_69f8d56f975e4857ee50398a_Roof-Systems-Brochure-2025.pdf","roof-systems-brochure-2025.pdf","pdf","","1","brochures.File#roof-systems-brochure-2025"
"https://cdn.prod.website-files.com/6a8f67a39235e3662e5721fe/6a8f67a39235e3662e572741_69f8d573cd8102a84dcd5a5c_Aqualink-All-In-One.pdf","aqualink-all-in-one.pdf","pdf","","1","brochures.File#aqualink-all-in-one"
"https://cdn.prod.website-files.com/6a8f67a39235e3662e5721fe/6a8f67a39235e3662e572742_69f8d572c6615cb09f09cdaf_Aqualink-All-In-One.jpeg","aqualink-all-in-one.jpeg","jpeg","","1","brochures.Cover#aqualink-all-in-one"
"https://cdn.prod.website-files.com/6a8f67a39235e3662e5721fe/6a8f67a39235e3662e572743_69f8d5758a8629bc810afefa_Bond-Kote-Flyer.jpeg","bond-kote-flyer.jpeg","jpeg","","1","brochures.Cover#bond-kote-flyer"
"https://cdn.prod.website-files.com/6a8f67a39235e3662e5721fe/6a8f67a39235e3662e572744_69f8d576499fb674872bf502_Bond-Kote-Flyer.pdf","bond-kote-flyer.pdf","pdf","","1","brochures.File#bond-kote-flyer"
"https://cdn.prod.website-files.com/6a8f67a39235e3662e5721fe/6a8f67a39235e3662e572745_69f8d5791fd80c995ad31266_Chiller-Heater.jpeg","chiller-heater.jpeg","jpeg","","1","brochures.Cover#chiller-heater"
"https://cdn.prod.website-files.com/6a8f67a39235e3662e5721fe/6a8f67a39235e3662e572746_69f8d57a3964b14413649bd8_Chiller-Heater.pdf","chiller-heater.pdf","pdf","","1","brochures.File#chiller-heater"
"https://cdn.prod.website-files.com/6a8f67a39235e3662e5721fe/6a8f67a39235e3662e572747_69f8d580e9ee1fcd94c1213b_Diamond-Brite-Brochure.pdf","diamond-brite-brochure.pdf","pdf","","1","brochures.File#diamond-brite-brochure"
"https://cdn.prod.website-files.com/6a8f67a39235e3662e5721fe/6a8f67a39235e3662e572748_69f8d57f89d1c44d1c5e8a64_Diamond-Brite-Brochure.jpeg","diamond-brite-brochure.jpeg","jpeg","","1","brochures.Cover#diamond-brite-brochure"
"https://cdn.prod.website-files.com/6a8f67a39235e3662e5721fe/6a8f67a39235e3662e572749_69f8d583543162fdcc70dd3d_Diamond-Brite-Color-Card.pdf","diamond-brite-color-card.pdf","pdf","","1","brochures.File#diamond-brite-color-card"
"https://cdn.prod.website-files.com/6a8f67a39235e3662e5721fe/6a8f67a39235e3662e57274a_69f8d5834a1a615d3982f92e_Diamond-Brite-Color-Card.jpeg","diamond-brite-color-card.jpeg","jpeg","","1","brochures.Cover#diamond-brite-color-card"
"https://cdn.prod.website-files.com/6a8f67a39235e3662e5721fe/6a8f67a39235e3662e57274b_69f8d586febe8c4a546b3852_Diamond-Plaster-Brochure.jpeg","diamond-plaster-brochure.jpeg","jpeg","","1","brochures.Cover#diamond-plaster-brochure"
"https://cdn.prod.website-files.com/6a8f67a39235e3662e5721fe/6a8f67a39235e3662e57274c_69f8d586543162fdcc70dea0_Diamond-Plaster-Brochure.pdf","diamond-plaster-brochure.pdf","pdf","","1","brochures.File#diamond-plaster-brochure"
"https://cdn.prod.website-files.com/6a8f67a39235e3662e5721fe/6a8f67a39235e3662e57274d_69f8d58938d4c43971ac9d8b_Filter-340.jpeg","filter-340.jpeg","jpeg","","1","brochures.Cover#filter-340"
"https://cdn.prod.website-files.com/6a8f67a39235e3662e5721fe/6a8f67a39235e3662e57274e_69f8d58a30588b4b289618a8_Filter-340.pdf","filter-340.pdf","pdf","","1","brochures.File#filter-340"
"https://cdn.prod.website-files.com/6a8f67a39235e3662e5721fe/6a8f67a39235e3662e572750_69f8d592f3805e17f3bc1b5b_Jandy-Laminar-Jet-RGBW.jpeg","jandy-laminar-jet-rgbw.jpeg","jpeg","","1","brochures.Cover#jandy-laminar-jet-rgbw"
"https://cdn.prod.website-files.com/6a8f67a39235e3662e5721fe/6a8f67a39235e3662e572751_69f8d593ea200eb22066f292_Jandy-Laminar-Jet-RGBW.pdf","jandy-laminar-jet-rgbw.pdf","pdf","","1","brochures.File#jandy-laminar-jet-rgbw"
"https://cdn.prod.website-files.com/6a8f67a39235e3662e5721fe/6a8f67a39235e3662e572752_69f8d5967cb79599f779fcca_Jandy-Nicheless-LED-Light.jpeg","jandy-nicheless-led-light.jpeg","jpeg","","1","brochures.Cover#jandy-nicheless-led-light"
"https://cdn.prod.website-files.com/6a8f67a39235e3662e5721fe/6a8f67a39235e3662e572753_69f8d597f74a9c56ef721ff1_Jandy-Nicheless-LED-Light.pdf","jandy-nicheless-led-light.pdf","pdf","","1","brochures.File#jandy-nicheless-led-light"
"https://cdn.prod.website-files.com/6a8f67a39235e3662e5721fe/6a8f67a39235e3662e572754_69f8d59acd8102a84dcd6f7a_Jandy-Pump.jpeg","jandy-pump.jpeg","jpeg","","1","brochures.Cover#jandy-pump"
"https://cdn.prod.website-files.com/6a8f67a39235e3662e5721fe/6a8f67a39235e3662e572755_69f8d59acd8102a84dcd6fcb_Jandy-Pump.pdf","jandy-pump.pdf","pdf","","1","brochures.File#jandy-pump"
"https://cdn.prod.website-files.com/6a8f67a39235e3662e5721fe/6a8f67a39235e3662e572756_69f8d59e7309b5569184a7de_Milestone-Flyer.pdf","milestone-flyer.pdf","pdf","","1","brochures.File#milestone-flyer-d56b4"
"https://cdn.prod.website-files.com/6a8f67a39235e3662e5721fe/6a8f67a39235e3662e572757_69f8d5a344e0c6bb0e33b706_NPT-Tile-Collection.jpeg","npt-tile-collection.jpeg","jpeg","","1","brochures.Cover#npt-tile-collection"
"https://cdn.prod.website-files.com/6a8f67a39235e3662e5721fe/6a8f67a39235e3662e572758_69f8d5a430588b4b289621e1_NPT-Tile-Collection.pdf","npt-tile-collection.pdf","pdf","","1","brochures.File#npt-tile-collection"
"https://cdn.prod.website-files.com/6a8f67a39235e3662e5721fe/6a8f67a39235e3662e572759_69f8d5a8f2b2580a5866cc5e_NTP-Plaster-Brochure.jpeg","ntp-plaster-brochure.jpeg","jpeg","","1","brochures.Cover#ntp-plaster-brochure"
"https://cdn.prod.website-files.com/6a8f67a39235e3662e5721fe/6a8f67a39235e3662e57275a_69f8d5a95d9a881a3e77ef17_NTP-Plaster-Brochure.pdf","ntp-plaster-brochure.pdf","pdf","","1","brochures.File#ntp-plaster-brochure"
"https://cdn.prod.website-files.com/6a8f67a39235e3662e5721fe/6a8f67a39235e3662e57275b_69f8d5b1eb398a09900b3439_SGM-Pool-Catalog-2026.jpeg","sgm-pool-catalog-2026.jpeg","jpeg","","1","brochures.Cover#sgm-pool-catalog-2026"
"https://cdn.prod.website-files.com/6a8f67a39235e3662e5721fe/6a8f67a39235e3662e57275c_69f8d5b2607c233ad51cbece_SGM-Pool-Catalog-2026.pdf","sgm-pool-catalog-2026.pdf","pdf","","1","brochures.File#sgm-pool-catalog-2026"
"https://cdn.prod.website-files.com/6a8f67a39235e3662e5721fe/6a8f67a39235e3662e57275d_69f8d5b68908ed109c5d12f4_SGM-Warranty-Card.jpeg","sgm-warranty-card.jpeg","jpeg","","1","brochures.Cover#sgm-warranty-card"
"https://cdn.prod.website-files.com/6a8f67a39235e3662e5721fe/6a8f67a39235e3662e57275e_69f8d5b7499fb674872c0615_SGM-Warranty-Card.pdf","sgm-warranty-card.pdf","pdf","","1","brochures.File#sgm-warranty-card"
"https://cdn.prod.website-files.com/6a8f67a39235e3662e5721fe/6a8f67a39235e3662e57275f_69f8d5c58e12b3c3969f9faa_Tremron-North-Hardscape.jpeg","tremron-north-hardscape.jpeg","jpeg","","1","brochures.Cover#tremron-north-hardscape"
"https://cdn.prod.website-files.com/6a8f67a39235e3662e5721fe/6a8f67a39235e3662e572760_69f8d5c68908ed109c5d1758_Tremron-North-Hardscape.pdf","tremron-north-hardscape.pdf","pdf","","1","brochures.File#tremron-north-hardscape"
"https://cdn.prod.website-files.com/6a8f67a39235e3662e5721fe/6a8f67a39235e3662e572761_69f8d5cbf2b2580a5866d9e3_Maestroshield-Catalog-2025.jpeg","maestroshield-catalog-2025.jpeg","jpeg","","1","brochures.Cover#maestroshield-catalog-2025"
"https://cdn.prod.website-files.com/6a8f67a39235e3662e5721fe/6a8f67a39235e3662e572762_69f8d5cc5d9a881a3e78001b_Maestroshield-Catalog-2025.pdf","maestroshield-catalog-2025.pdf","pdf","","1","brochures.File#maestroshield-catalog-2025"
"https://cdn.prod.website-files.com/6a8f67a39235e3662e5721fe/6a8f67a39235e3662e572763_69f8d5d08a8629bc810b2d45_Pergola-Screens-Brochure.jpeg","pergola-screens-brochure.jpeg","jpeg","","1","brochures.Cover#pergola-screens-brochure"
"https://cdn.prod.website-files.com/6a8f67a39235e3662e5721fe/6a8f67a39235e3662e572764_69f8d5d138d4c43971acba35_Pergola-Screens-Brochure.pdf","pergola-screens-brochure.pdf","pdf","","1","brochures.File#pergola-screens-brochure"
"https://cdn.prod.website-files.com/6a8f67a39235e3662e5721fe/6a8f67a39235e3662e572765_69f8d5d6e9ee1fcd94c1491e_Product-Folder.jpeg","product-folder.jpeg","jpeg","","1","brochures.Cover#product-folder"
"https://cdn.prod.website-files.com/6a8f67a39235e3662e5721fe/6a8f67a39235e3662e572766_69f8d5d7543162fdcc70f487_Product-Folder.pdf","product-folder.pdf","pdf","","1","brochures.File#product-folder"
"https://cdn.prod.website-files.com/6a8f67a39235e3662e5721fe/6a8f67a39235e3662e572767_69f8d5dbc22d0d7ceb5fe6e0_Retractable-Screens-Brochure.jpeg","retractable-screens-brochure.jpeg","jpeg","","1","brochures.Cover#retractable-screens-brochure"
"https://cdn.prod.website-files.com/6a8f67a39235e3662e5721fe/6a8f67a39235e3662e572768_69f8d5dc27ea00cadddd1c34_Retractable-Screens-Brochure.pdf","retractable-screens-brochure.pdf","pdf","","1","brochures.File#retractable-screens-brochure"
"https://cdn.prod.website-files.com/6a8f67a39235e3662e5721fe/6a8f67a39235e3662e572769_69f8d5e0cd8102a84dcd9888_MegaView-Enclosures-Brochure.jpeg","megaview-enclosures-brochure.jpeg","jpeg","","1","brochures.Cover#megaview-enclosures-brochure"
"https://cdn.prod.website-files.com/6a8f67a39235e3662e5721fe/6a8f67a39235e3662e57276a_69f8d5e1eb398a09900b4337_MegaView-Enclosures-Brochure.pdf","megaview-enclosures-brochure.pdf","pdf","","1","brochures.File#megaview-enclosures-brochure"
"https://cdn.prod.website-files.com/6a8f67a39235e3662e5721fe/6a8f67a39235e3662e57276b_69f8d5e3cd8102a84dcd9c71_Screen-Enclosures-Flyer.jpeg","screen-enclosures-flyer.jpeg","jpeg","","1","brochures.Cover#screen-enclosures-flyer"
"https://cdn.prod.website-files.com/6a8f67a39235e3662e5721fe/6a8f67a39235e3662e57276c_69f8d5e48908ed109c5d1df5_Screen-Enclosures-Flyer.pdf","screen-enclosures-flyer.pdf","pdf","","1","brochures.File#screen-enclosures-flyer"
"https://cdn.prod.website-files.com/6a8f67a39235e3662e5721fe/6a8f67a39235e3662e57276d_69f8d5e7eb398a09900b4475_Screen-Frame-Spline-Guide.pdf","screen-frame-spline-guide.pdf","pdf","","1","brochures.File#screen-frame-spline-guide"
"https://cdn.prod.website-files.com/6a8f67a39235e3662e5721fe/6a8f67a39235e3662e57276e_69f8d5e7cd8102a84dcd9ece_Screen-Frame-Spline-Guide.jpeg","screen-frame-spline-guide.jpeg","jpeg","","1","brochures.Cover#screen-frame-spline-guide"
"https://cdn.prod.website-files.com/6a8f67a39235e3662e5721fe/6a8f67a39235e3662e57276f_69f8d5eafc54ab4be1f42640_Screened-Pool-Enclosures-Flyer.pdf","screened-pool-enclosures-flyer.pdf","pdf","","1","brochures.File#screened-pool-enclosures-flyer"
"https://cdn.prod.website-files.com/6a8f67a39235e3662e5721fe/6a8f67a39235e3662e572770_69f8d5e9607c233ad51ccc64_Screened-Pool-Enclosures-Flyer.jpeg","screened-pool-enclosures-flyer.jpeg","jpeg","","1","brochures.Cover#screened-pool-enclosures-flyer"
"https://cdn.prod.website-files.com/6a8f67a39235e3662e5721fe/6a8f67a39235e3662e572771_69ea81880ca7b7527714fe30_pool-remodeling-contractors-florida.avif","pool-remodeling-contractors-florida.avif","avif","Custom residential pool construction for Florida homes","1","residentials.Image Animation 1#custom-pool-spa-builders-in-north-south-florida"
"https://cdn.prod.website-files.com/6a8f67a39235e3662e5721fe/6a8f67a39235e3662e572772_custom-pool-builders-north-and-south-florida.avif","custom-pool-builders-north-and-south-florida.avif","avif","Luxury modern pool construction by professional Florida pool contractors","1","residentials.Image Animation 2#custom-pool-spa-builders-in-north-south-florida"
"https://cdn.prod.website-files.com/6a8f67a39235e3662e5721fe/6a8f67a39235e3662e572773_residential-pool-builders-north-and-south-florida.avif.avif","residential-pool-builders-north-and-south-florida.avif.avif","avif","Custom pool and spa combination design for Florida backyards","1","residentials.Image Animation 3#custom-pool-spa-builders-in-north-south-florida"
"https://cdn.prod.website-files.com/6a8f67a39235e3662e5721fe/6a8f67a39235e3662e572774_Smart%20Lighting%20-%20Installation%20%26%20Smart%20Automation%20Setup.avif","smart-lighting-installation-smart-automation-setup.avif","avif","Every light zone is tested, adjusted, and calibrated. A final walkthrough confirms flawless smart control performance — your Florida property is transformed with professional exterior lighting.","1","procesos.Step Image#smart-lighting-step-4"
"https://cdn.prod.website-files.com/6a8f67a39235e3662e5721fe/6a8f67a39235e3662e572775_Louvered%20Roof%20Systems%20-%20Climate%20Adaptation%20%26%20System%20Selection.avif","louvered-roof-systems-climate-adaptation-system-selection.avif","avif","","1","procesos.Step Image#louvered-roof-step-1"
"https://cdn.prod.website-files.com/6a8f67a39235e3662e5721fe/6a8f67a39235e3662e572776_Louvered%20Roof%20Systems%20-%20Engineering%20Design%20%26%20Customization.avif","louvered-roof-systems-engineering-design-customization.avif","avif","","1","procesos.Step Image#louvered-roof-step-2"
"https://cdn.prod.website-files.com/6a8f67a39235e3662e5721fe/6a8f67a39235e3662e572777_Louvered%20Roof%20Systems%20-%20Structural%20%26%20Electrical%20Permitting.avif","louvered-roof-systems-structural-electrical-permitting.avif","avif","","1","procesos.Step Image#louvered-roof-step-3"
"https://cdn.prod.website-files.com/6a8f67a39235e3662e5721fe/6a8f67a39235e3662e572778_Louvered%20Roof%20Systems%20-%20Professional%20Installation%20%26%20Commissioning.avif","louvered-roof-systems-professional-installation-commissioning.avif","avif","","1","procesos.Step Image#louvered-roof-step-4"
"https://cdn.prod.website-files.com/6a8f67a39235e3662e5721fe/6a8f67a39235e3662e572779_Pool%20Screen%20Enclosures%20-%20Screen%20Type%20%26%20Configuration%20Assessment.avif","pool-screen-enclosures-screen-type-configuration-assessment.avif","avif","","1","procesos.Step Image#pool-screen-enclosure-step-1"
"https://cdn.prod.website-files.com/6a8f67a39235e3662e5721fe/6a8f67a39235e3662e57277a_Pool%20Screen%20Enclosures%20-%20Enclosure%20Design%20%26%20Material%20Selection.avif","pool-screen-enclosures-enclosure-design-material-selection.avif","avif","","1","procesos.Step Image#pool-screen-enclosure-step-2"
"https://cdn.prod.website-files.com/6a8f67a39235e3662e5721fe/6a8f67a39235e3662e57277b_Pool%20Screen%20Enclosures%20-%20Permits%20%26%20Code%20Compliance.avif","pool-screen-enclosures-permits-code-compliance.avif","avif","","1","procesos.Step Image#pool-screen-enclosure-step-3"
"https://cdn.prod.website-files.com/6a8f67a39235e3662e5721fe/6a8f67a39235e3662e57277c_Pool%20Screen%20Enclosures%20-%20Installation%20%26%20Final%20Inspection.avif","pool-screen-enclosures-installation-final-inspection.avif","avif","","1","procesos.Step Image#pool-screen-enclosure-step-4"
"https://cdn.prod.website-files.com/6a8f67a39235e3662e5721fe/6a8f67a39235e3662e57277d_Patio%20Screen%20Rooms%20-%20Screen%20Room%20Scope%20%26%20Utility%20Needs.avif","patio-screen-rooms-screen-room-scope-utility-needs.avif","avif","","1","procesos.Step Image#patio-screen-room-step-1"
"https://cdn.prod.website-files.com/6a8f67a39235e3662e5721fe/6a8f67a39235e3662e57277e_Patio%20Screen%20Rooms%20-%20Room%20Design%20%26%20Architectural%20Integration.avif","patio-screen-rooms-room-design-architectural-integration.avif","avif","","1","procesos.Step Image#patio-screen-room-step-2"
"https://cdn.prod.website-files.com/6a8f67a39235e3662e5721fe/6a8f67a39235e3662e57277f_Patio%20Screen%20Rooms%20-%20Building%20%26%20Utility%20Permits.avif","patio-screen-rooms-building-utility-permits.avif","avif","","1","procesos.Step Image#patio-screen-room-step-3"
"https://cdn.prod.website-files.com/6a8f67a39235e3662e5721fe/6a8f67a39235e3662e572780_Patio%20Screen%20Rooms%20-%20Construction%20%26%20Installation.avif","patio-screen-rooms-construction-installation.avif","avif","","1","procesos.Step Image#patio-screen-room-step-4"
"https://cdn.prod.website-files.com/6a8f67a39235e3662e5721fe/6a8f67a39235e3662e572781_Pole%20Barn%20%26%20Steel%20Buildings%20-%20Site%20Evaluation%20%26%20Structural%20Assessment.avif","pole-barn-steel-buildings-site-evaluation-structural-assessment.avif","avif","","1","procesos.Step Image#pole-barn-step-1"
"https://cdn.prod.website-files.com/6a8f67a39235e3662e5721fe/6a8f67a39235e3662e572782_Pole%20Barn%20%26%20Steel%20Buildings%20-%20Custom%20Design%20%26%20Structural%20Engineering.avif","pole-barn-steel-buildings-custom-design-structural-engineering.avif","avif","","1","procesos.Step Image#pole-barn-step-2"
"https://cdn.prod.website-files.com/6a8f67a39235e3662e5721fe/6a8f67a39235e3662e572783_Pole%20Barn%20%26%20Steel%20Buildings%20-%20Building%20Permits%20%26%20Code%20Compliance.avif","pole-barn-steel-buildings-building-permits-code-compliance.avif","avif","","1","procesos.Step Image#pole-barn-step-3"
"https://cdn.prod.website-files.com/6a8f67a39235e3662e5721fe/6a8f67a39235e3662e572784_Pole%20Barn%20%26%20Steel%20Buildings%20-%20Construction%20%26%20Final%20Inspection.avif","pole-barn-steel-buildings-construction-final-inspection.avif","avif","","1","procesos.Step Image#pole-barn-step-4"
"https://uploads-ssl.webflow.com/6022af993a6b2191db3ed10c/628298b20ae0236682d4b87f_Play-24.svg","play-24.svg","svg","Pause video","5","html:detail_country.html | html:detail_pool-builders.html | html:detail_where-we-serves.html | html:index.html | html:index.html"
"https://uploads-ssl.webflow.com/6022af993a6b2191db3ed10c/628299f8aa233b83918e24fd_Pause.svg","pause.svg","svg","","5","html:detail_country.html | html:detail_pool-builders.html | html:detail_where-we-serves.html | html:index.html | html:index.html"
