Name,Slug,Collection ID,Locale ID,Item ID,Archived,Draft,Created On,Updated On,Published On,Country,Meta Title,Meta Description,H1 Title,H2 Title,Intro,Heading Intro,Paragraph Intro,Imagen Intro 1,Metadata Imagen Intro 1,Imagen Intro 2,Metadata Imagen Intro 2,Imagen Intro 3,Metadata Imagen Intro 3,Heading 3D Rendering,Paragraph 3D Rendering,Heading Feature,Paragraph Features,Heading Portfolio,Paragraph Portfolio,Heading Reviews,Paragraph Reviews,Heading Blog,Paragraph Blog
Alachua,alachua-florida,6a8f67a39235e3662e5722b0,6a8f67a39235e3662e5721ff,6a8f67a39235e3662e5727c5,false,false,Tue Jan 06 2026 20:21:49 GMT+0000 (Coordinated Universal Time),Thu Jan 29 2026 02:25:11 GMT+0000 (Coordinated Universal Time),,custom-pool-builders-alachua-county-fl,"Luxury Pools & Outdoor Living in Alachua, FL | Mr & Mrs","Transform your Alachua, FL estate with custom pools, outdoor kitchens & outdoor living tailored for spacious rural properties. Schedule a free consultation.","Luxury Pool Builders & Outdoor Living Contractors in Alachua, Florida","All In One - Custom pools, pergolas & outdoor kitchens Contractors for your backyard in Alachua, Florida","Professional custom pool builders in Alachua, Florida. We specialize in new pool construction, pool remodeling, and luxury pool design for homeowners in North Florida.",Licensed Pool Builders & Outdoor living contractors In Alachua,"As premier outdoor living contractors in Alachua, FL, we design and execute elite residential and commercial projects. Our team of expert pool builders specializes in custom in-ground pool construction and luxury pool remodeling. From North to South Florida, we are the licensed contractors homeowners trust for high-end craftsmanship and lasting value.",https://cdn.prod.website-files.com/6a8f67a39235e3662e5721fe/6a8f67a39235e3662e5726aa_6951f7be1660c0941ab98250_custom-pool-pergola-outdoor-living-contractors-fl%2520(1).webp,"Modern custom pool with clear water, light stone deck, manicured lawn and pergola lounge in Alachua, FL.",https://cdn.prod.website-files.com/6a8f67a39235e3662e5721fe/6a8f67a39235e3662e5726a9_6951f7c47e193677e64dea99_luxury-outdoor-kitchen-pool-backyard-design-florida%2520(1).webp,"Luxury pool with blue LED lights, outdoor kitchen and bar for evening entertaining in Alachua, FL.",https://cdn.prod.website-files.com/6a8f67a39235e3662e5721fe/6a8f67a39235e3662e5726a8_6951f7cb5aa4e76b5716af79_luxury-pool-builders-outdoor-living-florida%2520(1).webp,"Modern pool with integrated spa, pergola and outdoor kitchen for a private tropical retreat in Alachua, FL.",3D Pool Design & Visualization,Preview your pool & outdoor space in Alachua with our 3D design before construction.,Pool Features & Upgrades,"Elevate your pool with spas, waterfalls & lighting for an outdoor oasis in Alachua.",Project Showcase,Browse our Alachua portfolio of rural pools & outdoor spaces to inspire your design.,What Our Clients Say,Homeowners trust us for custom pools & outdoor living in Alachua. Read our reviews.,Outdoor Living & Pool Blog,"Explore tips and insights on pools & outdoor living in Alachua, FL."
Archer,archer-florida,6a8f67a39235e3662e5722b0,6a8f67a39235e3662e5721ff,6a8f67a39235e3662e5727c6,false,false,Tue Jan 06 2026 20:21:28 GMT+0000 (Coordinated Universal Time),Thu Jan 29 2026 02:31:35 GMT+0000 (Coordinated Universal Time),,custom-pool-builders-alachua-county-fl,"Luxury Pools & Outdoor Living in Archer, FL | Mr & Mrs","Transform your Archer, FL estate with custom pools, outdoor kitchens & outdoor living tailored for spacious rural properties. Schedule a free consultation.","Luxury Pool Builders & Outdoor Living Contractors in Archer, Florida","All In One - Custom pools, pergolas & outdoor kitchens Contractors for your backyard in Archer, Florida","Professional custom pool builders in Archer, Florida. We specialize in new pool construction, pool remodeling, and luxury pool design for homeowners in North Florida.",Licensed Pool Builders & Outdoor living contractors In Archer,"As premier outdoor living contractors in Archer, FL, we design and execute elite residential and commercial projects. Our team of expert pool builders specializes in custom in-ground pool construction and luxury pool remodeling. From North to South Florida, we are the licensed contractors homeowners trust for high-end craftsmanship and lasting value.",https://cdn.prod.website-files.com/6a8f67a39235e3662e5721fe/6a8f67a39235e3662e5726aa_6951f7be1660c0941ab98250_custom-pool-pergola-outdoor-living-contractors-fl%2520(1).webp,"Modern custom pool with clear water, light stone deck, manicured lawn and pergola lounge in Archer, FL.",https://cdn.prod.website-files.com/6a8f67a39235e3662e5721fe/6a8f67a39235e3662e5726a9_6951f7c47e193677e64dea99_luxury-outdoor-kitchen-pool-backyard-design-florida%2520(1).webp,"Luxury pool with blue LED lights, outdoor kitchen and bar for evening entertaining in Archer, FL.",https://cdn.prod.website-files.com/6a8f67a39235e3662e5721fe/6a8f67a39235e3662e5726a8_6951f7cb5aa4e76b5716af79_luxury-pool-builders-outdoor-living-florida%2520(1).webp,"Modern pool with integrated spa, pergola and outdoor kitchen for a private tropical retreat in Archer, FL.",3D Pool Design & Visualization,Preview your pool & outdoor space in Archer with our 3D design before construction.,Pool Features & Upgrades,"Elevate your pool with spas, waterfalls & lighting for an outdoor oasis in Archer.",Project Showcase,Browse our Archer portfolio of rural pools & outdoor spaces to inspire your design.,What Our Clients Say,Homeowners trust us for custom pools & outdoor living in Archer. Read our reviews.,Outdoor Living & Pool Blog,"Explore tips and insights on pools & outdoor living in Archer, FL."
Atlantis,atlantis-florida,6a8f67a39235e3662e5722b0,6a8f67a39235e3662e5721ff,6a8f67a39235e3662e5727c7,false,false,Tue Jan 06 2026 20:21:29 GMT+0000 (Coordinated Universal Time),Thu Jan 29 2026 02:31:35 GMT+0000 (Coordinated Universal Time),,custom-pool-builders-palm-beach-county-fl,"Luxury Pools & Outdoor Living in Atlantis, FL | Mr & Mrs","Transform your Atlantis, FL backyard with custom pools, outdoor kitchens & complete outdoor living for family-friendly homes. Schedule a free consultation.","Luxury Pool Builders & Outdoor Living Contractors in Atlantis, Florida","All In One - Custom pools, pergolas & outdoor kitchens Contractors for your backyard in Atlantis, Florida","Professional custom pool builders in Atlantis, Florida. We specialize in new pool construction, pool remodeling, and luxury pool design for homeowners in South Florida.",Licensed Pool Builders & Outdoor living contractors In Atlantis,"As premier outdoor living contractors in Atlantis, FL, we design and execute elite residential and commercial projects. Our team of expert pool builders specializes in custom in-ground pool construction and luxury pool remodeling. From North to South Florida, we are the licensed contractors homeowners trust for high-end craftsmanship and lasting value.",https://cdn.prod.website-files.com/6a8f67a39235e3662e5721fe/6a8f67a39235e3662e5726aa_6951f7be1660c0941ab98250_custom-pool-pergola-outdoor-living-contractors-fl%2520(1).webp,"Modern custom pool with clear water, light stone deck, manicured lawn and pergola lounge in Atlantis, FL.",https://cdn.prod.website-files.com/6a8f67a39235e3662e5721fe/6a8f67a39235e3662e5726a9_6951f7c47e193677e64dea99_luxury-outdoor-kitchen-pool-backyard-design-florida%2520(1).webp,"Luxury pool with blue LED lights, outdoor kitchen and bar for evening entertaining in Atlantis, FL.",https://cdn.prod.website-files.com/6a8f67a39235e3662e5721fe/6a8f67a39235e3662e5726a8_6951f7cb5aa4e76b5716af79_luxury-pool-builders-outdoor-living-florida%2520(1).webp,"Modern pool with integrated spa, pergola and outdoor kitchen for a private tropical retreat in Atlantis, FL.",3D Pool Design & Visualization,Preview your pool & outdoor space in Atlantis with our 3D design before construction.,Pool Features & Upgrades,"Elevate your pool with spas, waterfalls & lighting for an outdoor oasis in Atlantis.",Project Showcase,Browse our Atlantis portfolio of family pools & outdoor spaces to inspire your design.,What Our Clients Say,Homeowners trust us for custom pools & outdoor living in Atlantis. Read our reviews.,Outdoor Living & Pool Blog,"Explore tips and insights on pools & outdoor living in Atlantis, FL."
Boca Raton,boca-raton-florida,6a8f67a39235e3662e5722b0,6a8f67a39235e3662e5721ff,6a8f67a39235e3662e5727c8,false,false,Tue Jan 06 2026 20:21:28 GMT+0000 (Coordinated Universal Time),Thu Jan 29 2026 02:31:35 GMT+0000 (Coordinated Universal Time),,custom-pool-builders-palm-beach-county-fl,"Luxury Pools & Outdoor Living in Boca Raton, FL | Mr & Mrs","Transform your Boca Raton, FL waterfront backyard with custom pools, outdoor kitchens & complete outdoor living by local experts. Schedule a free consultation.","Luxury Pool Builders & Outdoor Living Contractors in Boca Raton, Florida","All In One - Custom pools, pergolas & outdoor kitchens Contractors for your backyard in Boca Raton, Florida","Professional custom pool builders in Boca Raton, Florida. We specialize in new pool construction, pool remodeling, and luxury pool design for homeowners in South Florida.",Licensed Pool Builders & Outdoor living contractors In Boca Raton,"As premier outdoor living contractors in Boca Raton, FL, we design and execute elite residential and commercial projects. Our team of expert pool builders specializes in custom in-ground pool construction and luxury pool remodeling. From North to South Florida, we are the licensed contractors homeowners trust for high-end craftsmanship and lasting value.",https://cdn.prod.website-files.com/6a8f67a39235e3662e5721fe/6a8f67a39235e3662e5726aa_6951f7be1660c0941ab98250_custom-pool-pergola-outdoor-living-contractors-fl%2520(1).webp,"Modern custom pool with clear water, light stone deck, manicured lawn and pergola lounge in Boca Raton, FL.",https://cdn.prod.website-files.com/6a8f67a39235e3662e5721fe/6a8f67a39235e3662e5726a9_6951f7c47e193677e64dea99_luxury-outdoor-kitchen-pool-backyard-design-florida%2520(1).webp,"Luxury pool with blue LED lights, outdoor kitchen and bar for evening entertaining in Boca Raton, FL.",https://cdn.prod.website-files.com/6a8f67a39235e3662e5721fe/6a8f67a39235e3662e5726a8_6951f7cb5aa4e76b5716af79_luxury-pool-builders-outdoor-living-florida%2520(1).webp,"Modern pool with integrated spa, pergola and outdoor kitchen for a private tropical retreat in Boca Raton, FL.",3D Pool Design & Visualization,Preview your pool & outdoor space in Boca Raton with our 3D design before construction.,Pool Features & Upgrades,"Elevate your pool with spas, waterfalls & lighting for an outdoor oasis in Boca Raton.",Project Showcase,Browse our Boca Raton portfolio of waterfront pools & outdoor spaces to inspire your design.,What Our Clients Say,Homeowners trust us for custom pools & outdoor living in Boca Raton. Read our reviews.,Outdoor Living & Pool Blog,"Explore tips and insights on pools & outdoor living in Boca Raton, FL."
Boynton Beach,boynton-beach-florida,6a8f67a39235e3662e5722b0,6a8f67a39235e3662e5721ff,6a8f67a39235e3662e5727c9,false,false,Tue Jan 06 2026 20:21:30 GMT+0000 (Coordinated Universal Time),Thu Jan 29 2026 02:31:35 GMT+0000 (Coordinated Universal Time),,custom-pool-builders-palm-beach-county-fl,"Luxury Pool Builders in Boynton Beach, FL | Mr & Mrs","Transform your Boynton Beach, FL backyard with custom pools, outdoor kitchens & outdoor living by local experts. Schedule a free consultation.","Luxury Pool Builders & Outdoor Living Contractors in Boynton Beach, Florida","All In One - Custom pools, pergolas & outdoor kitchens Contractors for your backyard in Boynton Beach, Florida","Professional custom pool builders in Boynton Beach, Florida. We specialize in new pool construction, pool remodeling, and luxury pool design for homeowners in South Florida.",Licensed Pool Builders & Outdoor living contractors In Boynton Beach,"As premier outdoor living contractors in Boynton Beach, FL, we design and execute elite residential and commercial projects. Our team of expert pool builders specializes in custom in-ground pool construction and luxury pool remodeling. From North to South Florida, we are the licensed contractors homeowners trust for high-end craftsmanship and lasting value.",https://cdn.prod.website-files.com/6a8f67a39235e3662e5721fe/6a8f67a39235e3662e5726aa_6951f7be1660c0941ab98250_custom-pool-pergola-outdoor-living-contractors-fl%2520(1).webp,"Modern custom pool with clear water, light stone deck, manicured lawn and pergola lounge in Boynton Beach, FL.",https://cdn.prod.website-files.com/6a8f67a39235e3662e5721fe/6a8f67a39235e3662e5726a9_6951f7c47e193677e64dea99_luxury-outdoor-kitchen-pool-backyard-design-florida%2520(1).webp,"Luxury pool with blue LED lights, outdoor kitchen and bar for evening entertaining in Boynton Beach, FL.",https://cdn.prod.website-files.com/6a8f67a39235e3662e5721fe/6a8f67a39235e3662e5726a8_6951f7cb5aa4e76b5716af79_luxury-pool-builders-outdoor-living-florida%2520(1).webp,"Modern pool with integrated spa, pergola and outdoor kitchen for a private tropical retreat in Boynton Beach, FL.",3D Pool Design & Visualization,Preview your pool & outdoor space in Boynton Beach with our 3D design before construction.,Pool Features & Upgrades,"Elevate your pool with spas, waterfalls & lighting for an outdoor oasis in Boynton Beach.",Project Showcase,Browse our Boynton Beach portfolio of waterfront pools & outdoor spaces to inspire your design.,What Our Clients Say,Homeowners trust us for custom pools & outdoor living in Boynton Beach. Read our reviews.,Outdoor Living & Pool Blog,"Explore tips and insights on pools & outdoor living in Boynton Beach, FL."
Cedar Key,cedar-key-florida,6a8f67a39235e3662e5722b0,6a8f67a39235e3662e5721ff,6a8f67a39235e3662e5727ca,false,false,Tue Jan 06 2026 20:21:31 GMT+0000 (Coordinated Universal Time),Thu Jan 29 2026 02:31:35 GMT+0000 (Coordinated Universal Time),,custom-pool-builders-levy-county-fl,"Luxury Pools & Outdoor Living in Cedar Key, FL | Mr & Mrs","Transform your Cedar Key, FL waterfront backyard with custom pools, outdoor kitchens & complete outdoor living by local experts. Schedule a free consultation.","Luxury Pool Builders & Outdoor Living Contractors in Cedar Key, Florida","All In One - Custom pools, pergolas & outdoor kitchens Contractors for your backyard in Cedar Key, Florida","Professional custom pool builders in Cedar Key, Florida. We specialize in new pool construction, pool remodeling, and luxury pool design for homeowners in North Florida.",Licensed Pool Builders & Outdoor living contractors In Cedar Key,"As premier outdoor living contractors in Cedar Key, FL, we design and execute elite residential and commercial projects. Our team of expert pool builders specializes in custom in-ground pool construction and luxury pool remodeling. From North to South Florida, we are the licensed contractors homeowners trust for high-end craftsmanship and lasting value.",https://cdn.prod.website-files.com/6a8f67a39235e3662e5721fe/6a8f67a39235e3662e5726aa_6951f7be1660c0941ab98250_custom-pool-pergola-outdoor-living-contractors-fl%2520(1).webp,"Modern custom pool with clear water, light stone deck, manicured lawn and pergola lounge in Cedar Key, FL.",https://cdn.prod.website-files.com/6a8f67a39235e3662e5721fe/6a8f67a39235e3662e5726a9_6951f7c47e193677e64dea99_luxury-outdoor-kitchen-pool-backyard-design-florida%2520(1).webp,"Luxury pool with blue LED lights, outdoor kitchen and bar for evening entertaining in Cedar Key, FL.",https://cdn.prod.website-files.com/6a8f67a39235e3662e5721fe/6a8f67a39235e3662e5726a8_6951f7cb5aa4e76b5716af79_luxury-pool-builders-outdoor-living-florida%2520(1).webp,"Modern pool with integrated spa, pergola and outdoor kitchen for a private tropical retreat in Cedar Key, FL.",3D Pool Design & Visualization,Preview your pool & outdoor space in Cedar Key with our 3D design before construction.,Pool Features & Upgrades,"Elevate your pool with spas, waterfalls & lighting for an outdoor oasis in Cedar Key.",Project Showcase,Browse our Cedar Key portfolio of waterfront pools & outdoor spaces to inspire your design.,What Our Clients Say,Homeowners trust us for custom pools & outdoor living in Cedar Key. Read our reviews.,Outdoor Living & Pool Blog,"Explore tips and insights on pools & outdoor living in Cedar Key, FL."
Chiefland,chiefland-florida,6a8f67a39235e3662e5722b0,6a8f67a39235e3662e5721ff,6a8f67a39235e3662e5727cb,false,false,Tue Jan 06 2026 20:21:30 GMT+0000 (Coordinated Universal Time),Thu Jan 29 2026 02:31:35 GMT+0000 (Coordinated Universal Time),,custom-pool-builders-levy-county-fl,"Luxury Pools & Outdoor Living in Chiefland, FL | Mr & Mrs","Transform your Chiefland, FL estate with custom pools, outdoor kitchens & outdoor living tailored for spacious rural properties. Schedule a free consultation.","Luxury Pool Builders & Outdoor Living Contractors in Chiefland, Florida","All In One - Custom pools, pergolas & outdoor kitchens Contractors for your backyard in Chiefland, Florida","Professional custom pool builders in Chiefland, Florida. We specialize in new pool construction, pool remodeling, and luxury pool design for homeowners in North Florida.",Licensed Pool Builders & Outdoor living contractors In Chiefland,"As premier outdoor living contractors in Chiefland, FL, we design and execute elite residential and commercial projects. Our team of expert pool builders specializes in custom in-ground pool construction and luxury pool remodeling. From North to South Florida, we are the licensed contractors homeowners trust for high-end craftsmanship and lasting value.",https://cdn.prod.website-files.com/6a8f67a39235e3662e5721fe/6a8f67a39235e3662e5726aa_6951f7be1660c0941ab98250_custom-pool-pergola-outdoor-living-contractors-fl%2520(1).webp,"Modern custom pool with clear water, light stone deck, manicured lawn and pergola lounge in Chiefland, FL.",https://cdn.prod.website-files.com/6a8f67a39235e3662e5721fe/6a8f67a39235e3662e5726a9_6951f7c47e193677e64dea99_luxury-outdoor-kitchen-pool-backyard-design-florida%2520(1).webp,"Luxury pool with blue LED lights, outdoor kitchen and bar for evening entertaining in Chiefland, FL.",https://cdn.prod.website-files.com/6a8f67a39235e3662e5721fe/6a8f67a39235e3662e5726a8_6951f7cb5aa4e76b5716af79_luxury-pool-builders-outdoor-living-florida%2520(1).webp,"Modern pool with integrated spa, pergola and outdoor kitchen for a private tropical retreat in Chiefland, FL.",3D Pool Design & Visualization,Preview your pool & outdoor space in Chiefland with our 3D design before construction.,Pool Features & Upgrades,"Elevate your pool with spas, waterfalls & lighting for an outdoor oasis in Chiefland.",Project Showcase,Browse our Chiefland portfolio of rural pools & outdoor spaces to inspire your design.,What Our Clients Say,Homeowners trust us for custom pools & outdoor living in Chiefland. Read our reviews.,Outdoor Living & Pool Blog,"Explore tips and insights on pools & outdoor living in Chiefland, FL."
Cross City,cross-city-florida,6a8f67a39235e3662e5722b0,6a8f67a39235e3662e5721ff,6a8f67a39235e3662e5727cc,false,false,Tue Jan 06 2026 20:21:30 GMT+0000 (Coordinated Universal Time),Thu Jan 29 2026 02:31:35 GMT+0000 (Coordinated Universal Time),,custom-pool-builders-dixie-county-fl,"Luxury Pools & Outdoor Living in Cross City, FL | Mr & Mrs","Transform your Cross City, FL estate with custom pools, outdoor kitchens & outdoor living tailored for spacious rural properties. Schedule a free consultation.","Luxury Pool Builders & Outdoor Living Contractors in Cross City, Florida","All In One - Custom pools, pergolas & outdoor kitchens Contractors for your backyard in Cross City, Florida","Professional custom pool builders in Cross City, Florida. We specialize in new pool construction, pool remodeling, and luxury pool design for homeowners in North Florida.",Licensed Pool Builders & Outdoor living contractors In Cross City,"As premier outdoor living contractors in Cross City, FL, we design and execute elite residential and commercial projects. Our team of expert pool builders specializes in custom in-ground pool construction and luxury pool remodeling. From North to South Florida, we are the licensed contractors homeowners trust for high-end craftsmanship and lasting value.",https://cdn.prod.website-files.com/6a8f67a39235e3662e5721fe/6a8f67a39235e3662e5726aa_6951f7be1660c0941ab98250_custom-pool-pergola-outdoor-living-contractors-fl%2520(1).webp,"Modern custom pool with clear water, light stone deck, manicured lawn and pergola lounge in Cross City, FL.",https://cdn.prod.website-files.com/6a8f67a39235e3662e5721fe/6a8f67a39235e3662e5726a9_6951f7c47e193677e64dea99_luxury-outdoor-kitchen-pool-backyard-design-florida%2520(1).webp,"Luxury pool with blue LED lights, outdoor kitchen and bar for evening entertaining in Cross City, FL.",https://cdn.prod.website-files.com/6a8f67a39235e3662e5721fe/6a8f67a39235e3662e5726a8_6951f7cb5aa4e76b5716af79_luxury-pool-builders-outdoor-living-florida%2520(1).webp,"Modern pool with integrated spa, pergola and outdoor kitchen for a private tropical retreat in Cross City, FL.",3D Pool Design & Visualization,Preview your pool & outdoor space in Cross City with our 3D design before construction.,Pool Features & Upgrades,"Elevate your pool with spas, waterfalls & lighting for an outdoor oasis in Cross City.",Project Showcase,Browse our Cross City portfolio of rural pools & outdoor spaces to inspire your design.,What Our Clients Say,Homeowners trust us for custom pools & outdoor living in Cross City. Read our reviews.,Outdoor Living & Pool Blog,"Explore tips and insights on pools & outdoor living in Cross City, FL."
Dania Beach,dania-beach-florida,6a8f67a39235e3662e5722b0,6a8f67a39235e3662e5721ff,6a8f67a39235e3662e5727cd,false,false,Tue Jan 06 2026 20:21:31 GMT+0000 (Coordinated Universal Time),Thu Jan 29 2026 02:31:35 GMT+0000 (Coordinated Universal Time),,custom-pool-builders-broward-county-fl,"Luxury Pools & Outdoor Living in Dania Beach, FL | Mr & Mrs","Transform your Dania Beach, FL waterfront backyard with custom pools, outdoor kitchens & complete outdoor living by local experts. Schedule a free consultation.","Luxury Pool Builders & Outdoor Living Contractors in Dania Beach, Florida","All In One - Custom pools, pergolas & outdoor kitchens Contractors for your backyard in Dania Beach, Florida","Professional custom pool builders in Dania Beach, Florida. We specialize in new pool construction, pool remodeling, and luxury pool design for homeowners in South Florida.",Licensed Pool Builders & Outdoor living contractors In Dania Beach,"As premier outdoor living contractors in Dania Beach, FL, we design and execute elite residential and commercial projects. Our team of expert pool builders specializes in custom in-ground pool construction and luxury pool remodeling. From North to South Florida, we are the licensed contractors homeowners trust for high-end craftsmanship and lasting value.",https://cdn.prod.website-files.com/6a8f67a39235e3662e5721fe/6a8f67a39235e3662e5726aa_6951f7be1660c0941ab98250_custom-pool-pergola-outdoor-living-contractors-fl%2520(1).webp,"Modern custom pool with clear water, light stone deck, manicured lawn and pergola lounge in Dania Beach, FL.",https://cdn.prod.website-files.com/6a8f67a39235e3662e5721fe/6a8f67a39235e3662e5726a9_6951f7c47e193677e64dea99_luxury-outdoor-kitchen-pool-backyard-design-florida%2520(1).webp,"Luxury pool with blue LED lights, outdoor kitchen and bar for evening entertaining in Dania Beach, FL.",https://cdn.prod.website-files.com/6a8f67a39235e3662e5721fe/6a8f67a39235e3662e5726a8_6951f7cb5aa4e76b5716af79_luxury-pool-builders-outdoor-living-florida%2520(1).webp,"Modern pool with integrated spa, pergola and outdoor kitchen for a private tropical retreat in Dania Beach, FL.",3D Pool Design & Visualization,Preview your pool & outdoor space in Dania Beach with our 3D design before construction.,Pool Features & Upgrades,"Elevate your pool with spas, waterfalls & lighting for an outdoor oasis in Dania Beach.",Project Showcase,Browse our Dania Beach portfolio of waterfront pools & outdoor spaces to inspire your design.,What Our Clients Say,Homeowners trust us for custom pools & outdoor living in Dania Beach. Read our reviews.,Outdoor Living & Pool Blog,"Explore tips and insights on pools & outdoor living in Dania Beach, FL."
Davie,davie-florida,6a8f67a39235e3662e5722b0,6a8f67a39235e3662e5721ff,6a8f67a39235e3662e5727ce,false,false,Tue Jan 06 2026 20:21:31 GMT+0000 (Coordinated Universal Time),Thu Jan 29 2026 02:31:35 GMT+0000 (Coordinated Universal Time),,custom-pool-builders-broward-county-fl,"Luxury Pools & Outdoor Living in Davie, FL | Mr & Mrs","Transform your Davie, FL backyard with custom pools, outdoor kitchens & complete outdoor living for family-friendly homes. Schedule a free consultation.","Luxury Pool Builders & Outdoor Living Contractors in Davie, Florida","All In One - Custom pools, pergolas & outdoor kitchens Contractors for your backyard in Davie, Florida","Professional custom pool builders in Davie, Florida. We specialize in new pool construction, pool remodeling, and luxury pool design for homeowners in South Florida.",Licensed Pool Builders & Outdoor living contractors In Davie,"As premier outdoor living contractors in Davie, FL, we design and execute elite residential and commercial projects. Our team of expert pool builders specializes in custom in-ground pool construction and luxury pool remodeling. From North to South Florida, we are the licensed contractors homeowners trust for high-end craftsmanship and lasting value.",https://cdn.prod.website-files.com/6a8f67a39235e3662e5721fe/6a8f67a39235e3662e5726aa_6951f7be1660c0941ab98250_custom-pool-pergola-outdoor-living-contractors-fl%2520(1).webp,"Modern custom pool with clear water, light stone deck, manicured lawn and pergola lounge in Davie, FL.",https://cdn.prod.website-files.com/6a8f67a39235e3662e5721fe/6a8f67a39235e3662e5726a9_6951f7c47e193677e64dea99_luxury-outdoor-kitchen-pool-backyard-design-florida%2520(1).webp,"Luxury pool with blue LED lights, outdoor kitchen and bar for evening entertaining in Davie, FL.",https://cdn.prod.website-files.com/6a8f67a39235e3662e5721fe/6a8f67a39235e3662e5726a8_6951f7cb5aa4e76b5716af79_luxury-pool-builders-outdoor-living-florida%2520(1).webp,"Modern pool with integrated spa, pergola and outdoor kitchen for a private tropical retreat in Davie, FL.",3D Pool Design & Visualization,Preview your pool & outdoor space in Davie with our 3D design before construction.,Pool Features & Upgrades,"Elevate your pool with spas, waterfalls & lighting for an outdoor oasis in Davie.",Project Showcase,Browse our Davie portfolio of family pools & outdoor spaces to inspire your design.,What Our Clients Say,Homeowners trust us for custom pools & outdoor living in Davie. Read our reviews.,Outdoor Living & Pool Blog,"Explore tips and insights on pools & outdoor living in Davie, FL."
Deerfield Beach,deerfield-beach-florida,6a8f67a39235e3662e5722b0,6a8f67a39235e3662e5721ff,6a8f67a39235e3662e5727cf,false,false,Tue Jan 06 2026 20:21:32 GMT+0000 (Coordinated Universal Time),Thu Jan 29 2026 02:31:35 GMT+0000 (Coordinated Universal Time),,custom-pool-builders-broward-county-fl,"Luxury Pool Builders in Deerfield Beach, FL | Mr & Mrs","Transform your Deerfield Beach, FL backyard with custom pools, outdoor kitchens & outdoor living by local experts. Schedule a free consultation.","Luxury Pool Builders & Outdoor Living Contractors in Deerfield Beach, Florida","All In One - Custom pools, pergolas & outdoor kitchens Contractors for your backyard in Deerfield Beach, Florida","Professional custom pool builders in Deerfield Beach, Florida. We specialize in new pool construction, pool remodeling, and luxury pool design for homeowners in South Florida.",Licensed Pool Builders & Outdoor living contractors In Deerfield Beach,"As premier outdoor living contractors in Deerfield Beach, FL, we design and execute elite residential and commercial projects. Our team of expert pool builders specializes in custom in-ground pool construction and luxury pool remodeling. From North to South Florida, we are the licensed contractors homeowners trust for high-end craftsmanship and lasting value.",https://cdn.prod.website-files.com/6a8f67a39235e3662e5721fe/6a8f67a39235e3662e5726aa_6951f7be1660c0941ab98250_custom-pool-pergola-outdoor-living-contractors-fl%2520(1).webp,"Modern custom pool with clear water, light stone deck, manicured lawn and pergola lounge in Deerfield Beach, FL.",https://cdn.prod.website-files.com/6a8f67a39235e3662e5721fe/6a8f67a39235e3662e5726a9_6951f7c47e193677e64dea99_luxury-outdoor-kitchen-pool-backyard-design-florida%2520(1).webp,"Luxury pool with blue LED lights, outdoor kitchen and bar for evening entertaining in Deerfield Beach, FL.",https://cdn.prod.website-files.com/6a8f67a39235e3662e5721fe/6a8f67a39235e3662e5726a8_6951f7cb5aa4e76b5716af79_luxury-pool-builders-outdoor-living-florida%2520(1).webp,"Modern pool with integrated spa, pergola and outdoor kitchen for a private tropical retreat in Deerfield Beach, FL.",3D Pool Design & Visualization,Preview your pool & outdoor space in Deerfield Beach with our 3D design before construction.,Pool Features & Upgrades,"Elevate your pool with spas, waterfalls & lighting for an outdoor oasis in Deerfield Beach.",Project Showcase,Browse our Deerfield Beach portfolio of waterfront pools & outdoor spaces to inspire your design.,What Our Clients Say,Homeowners trust us for custom pools & outdoor living in Deerfield Beach. Read our reviews.,Outdoor Living & Pool Blog,"Explore tips and insights on pools & outdoor living in Deerfield Beach, FL."
Delray Beach,delray-beach-florida,6a8f67a39235e3662e5722b0,6a8f67a39235e3662e5721ff,6a8f67a39235e3662e5727d0,false,false,Tue Jan 06 2026 20:21:32 GMT+0000 (Coordinated Universal Time),Thu Jan 29 2026 02:31:36 GMT+0000 (Coordinated Universal Time),,custom-pool-builders-palm-beach-county-fl,"Luxury Pools & Outdoor Living in Delray Beach, FL | Mr & Mrs","Transform your Delray Beach, FL backyard with custom pools, outdoor kitchens & outdoor living by local experts. Schedule a free consultation.","Luxury Pool Builders & Outdoor Living Contractors in Delray Beach, Florida","All In One - Custom pools, pergolas & outdoor kitchens Contractors for your backyard in Delray Beach, Florida","Professional custom pool builders in Delray Beach, Florida. We specialize in new pool construction, pool remodeling, and luxury pool design for homeowners in South Florida.",Licensed Pool Builders & Outdoor living contractors In Delray Beach,"As premier outdoor living contractors in Delray Beach, FL, we design and execute elite residential and commercial projects. Our team of expert pool builders specializes in custom in-ground pool construction and luxury pool remodeling. From North to South Florida, we are the licensed contractors homeowners trust for high-end craftsmanship and lasting value.",https://cdn.prod.website-files.com/6a8f67a39235e3662e5721fe/6a8f67a39235e3662e5726aa_6951f7be1660c0941ab98250_custom-pool-pergola-outdoor-living-contractors-fl%2520(1).webp,"Modern custom pool with clear water, light stone deck, manicured lawn and pergola lounge in Delray Beach, FL.",https://cdn.prod.website-files.com/6a8f67a39235e3662e5721fe/6a8f67a39235e3662e5726a9_6951f7c47e193677e64dea99_luxury-outdoor-kitchen-pool-backyard-design-florida%2520(1).webp,"Luxury pool with blue LED lights, outdoor kitchen and bar for evening entertaining in Delray Beach, FL.",https://cdn.prod.website-files.com/6a8f67a39235e3662e5721fe/6a8f67a39235e3662e5726a8_6951f7cb5aa4e76b5716af79_luxury-pool-builders-outdoor-living-florida%2520(1).webp,"Modern pool with integrated spa, pergola and outdoor kitchen for a private tropical retreat in Delray Beach, FL.",3D Pool Design & Visualization,Preview your pool & outdoor space in Delray Beach with our 3D design before construction.,Pool Features & Upgrades,"Elevate your pool with spas, waterfalls & lighting for an outdoor oasis in Delray Beach.",Project Showcase,Browse our Delray Beach portfolio of waterfront pools & outdoor spaces to inspire your design.,What Our Clients Say,Homeowners trust us for custom pools & outdoor living in Delray Beach. Read our reviews.,Outdoor Living & Pool Blog,"Explore tips and insights on pools & outdoor living in Delray Beach, FL."
Fanning Springs,fanning-springs-florida,6a8f67a39235e3662e5722b0,6a8f67a39235e3662e5721ff,6a8f67a39235e3662e5727d1,false,false,Tue Jan 06 2026 20:21:32 GMT+0000 (Coordinated Universal Time),Thu Jan 29 2026 02:31:35 GMT+0000 (Coordinated Universal Time),,custom-pool-builders-levy-county-fl,"Luxury Pool Builders in Fanning Springs, FL | Mr & Mrs","Transform your Fanning Springs, FL backyard with custom pools, outdoor kitchens & outdoor living by local experts. Schedule a free consultation.","Luxury Pool Builders & Outdoor Living Contractors in Fanning Springs, Florida","All In One - Custom pools, pergolas & outdoor kitchens Contractors for your backyard in Fanning Springs, Florida","Professional custom pool builders in Fanning Springs, Florida. We specialize in new pool construction, pool remodeling, and luxury pool design for homeowners in North Florida.",Licensed Pool Builders & Outdoor living contractors In Fanning Springs,"As premier outdoor living contractors in Fanning Springs, FL, we design and execute elite residential and commercial projects. Our team of expert pool builders specializes in custom in-ground pool construction and luxury pool remodeling. From North to South Florida, we are the licensed contractors homeowners trust for high-end craftsmanship and lasting value.",https://cdn.prod.website-files.com/6a8f67a39235e3662e5721fe/6a8f67a39235e3662e5726aa_6951f7be1660c0941ab98250_custom-pool-pergola-outdoor-living-contractors-fl%2520(1).webp,"Modern custom pool with clear water, light stone deck, manicured lawn and pergola lounge in Fanning Springs, FL.",https://cdn.prod.website-files.com/6a8f67a39235e3662e5721fe/6a8f67a39235e3662e5726a9_6951f7c47e193677e64dea99_luxury-outdoor-kitchen-pool-backyard-design-florida%2520(1).webp,"Luxury pool with blue LED lights, outdoor kitchen and bar for evening entertaining in Fanning Springs, FL.",https://cdn.prod.website-files.com/6a8f67a39235e3662e5721fe/6a8f67a39235e3662e5726a8_6951f7cb5aa4e76b5716af79_luxury-pool-builders-outdoor-living-florida%2520(1).webp,"Modern pool with integrated spa, pergola and outdoor kitchen for a private tropical retreat in Fanning Springs, FL.",3D Pool Design & Visualization,Preview your pool & outdoor space in Fanning Springs with our 3D design before construction.,Pool Features & Upgrades,"Elevate your pool with spas, waterfalls & lighting for an outdoor oasis in Fanning Springs.",Project Showcase,Browse our Fanning Springs portfolio of waterfront pools & outdoor spaces to inspire your design.,What Our Clients Say,Homeowners trust us for custom pools & outdoor living in Fanning Springs. Read our reviews.,Outdoor Living & Pool Blog,"Explore tips and insights on pools & outdoor living in Fanning Springs, FL."
Fort Lauderdale,fort-lauderdale-florida,6a8f67a39235e3662e5722b0,6a8f67a39235e3662e5721ff,6a8f67a39235e3662e5727d2,false,false,Tue Jan 06 2026 20:21:32 GMT+0000 (Coordinated Universal Time),Thu Jan 29 2026 02:31:36 GMT+0000 (Coordinated Universal Time),,custom-pool-builders-broward-county-fl,"Luxury Pool Builders in Fort Lauderdale, FL | Mr & Mrs","Transform your Fort Lauderdale, FL backyard with custom pools, outdoor kitchens & outdoor living by local experts. Schedule a free consultation.","Luxury Pool Builders & Outdoor Living Contractors in Fort Lauderdale, Florida","All In One - Custom pools, pergolas & outdoor kitchens Contractors for your backyard in Fort Lauderdale, Florida","Professional custom pool builders in Fort Lauderdale, Florida. We specialize in new pool construction, pool remodeling, and luxury pool design for homeowners in South Florida.",Licensed Pool Builders & Outdoor living contractors In Fort Lauderdale,"As premier outdoor living contractors in Fort Lauderdale, FL, we design and execute elite residential and commercial projects. Our team of expert pool builders specializes in custom in-ground pool construction and luxury pool remodeling. From North to South Florida, we are the licensed contractors homeowners trust for high-end craftsmanship and lasting value.",https://cdn.prod.website-files.com/6a8f67a39235e3662e5721fe/6a8f67a39235e3662e5726aa_6951f7be1660c0941ab98250_custom-pool-pergola-outdoor-living-contractors-fl%2520(1).webp,"Modern custom pool with clear water, light stone deck, manicured lawn and pergola lounge in Fort Lauderdale, FL.",https://cdn.prod.website-files.com/6a8f67a39235e3662e5721fe/6a8f67a39235e3662e5726a9_6951f7c47e193677e64dea99_luxury-outdoor-kitchen-pool-backyard-design-florida%2520(1).webp,"Luxury pool with blue LED lights, outdoor kitchen and bar for evening entertaining in Fort Lauderdale, FL.",https://cdn.prod.website-files.com/6a8f67a39235e3662e5721fe/6a8f67a39235e3662e5726a8_6951f7cb5aa4e76b5716af79_luxury-pool-builders-outdoor-living-florida%2520(1).webp,"Modern pool with integrated spa, pergola and outdoor kitchen for a private tropical retreat in Fort Lauderdale, FL.",3D Pool Design & Visualization,Preview your pool & outdoor space in Fort Lauderdale with our 3D design before construction.,Pool Features & Upgrades,"Elevate your pool with spas, waterfalls & lighting for an outdoor oasis in Fort Lauderdale.",Project Showcase,Browse our Fort Lauderdale portfolio of waterfront pools & outdoor spaces to inspire your design.,What Our Clients Say,Homeowners trust us for custom pools & outdoor living in Fort Lauderdale. Read our reviews.,Outdoor Living & Pool Blog,"Explore tips and insights on pools & outdoor living in Fort Lauderdale, FL."
Gainesville,gainesville-florida,6a8f67a39235e3662e5722b0,6a8f67a39235e3662e5721ff,6a8f67a39235e3662e5727d3,false,false,Tue Jan 06 2026 20:21:33 GMT+0000 (Coordinated Universal Time),Thu Jan 29 2026 02:31:35 GMT+0000 (Coordinated Universal Time),,custom-pool-builders-alachua-county-fl,"Luxury Pools & Outdoor Living in Gainesville, FL | Mr & Mrs","Transform your Gainesville, FL waterfront backyard with custom pools, outdoor kitchens & complete outdoor living by local experts. Schedule a free consultation.","Luxury Pool Builders & Outdoor Living Contractors in Gainesville, Florida","All In One - Custom pools, pergolas & outdoor kitchens Contractors for your backyard in Gainesville, Florida","Professional custom pool builders in Gainesville, Florida. We specialize in new pool construction, pool remodeling, and luxury pool design for homeowners in North Florida.",Licensed Pool Builders & Outdoor living contractors In Gainesville,"As premier outdoor living contractors in Gainesville, FL, we design and execute elite residential and commercial projects. Our team of expert pool builders specializes in custom in-ground pool construction and luxury pool remodeling. From North to South Florida, we are the licensed contractors homeowners trust for high-end craftsmanship and lasting value.",https://cdn.prod.website-files.com/6a8f67a39235e3662e5721fe/6a8f67a39235e3662e5726aa_6951f7be1660c0941ab98250_custom-pool-pergola-outdoor-living-contractors-fl%2520(1).webp,"Modern custom pool with clear water, light stone deck, manicured lawn and pergola lounge in Gainesville, FL.",https://cdn.prod.website-files.com/6a8f67a39235e3662e5721fe/6a8f67a39235e3662e5726a9_6951f7c47e193677e64dea99_luxury-outdoor-kitchen-pool-backyard-design-florida%2520(1).webp,"Luxury pool with blue LED lights, outdoor kitchen and bar for evening entertaining in Gainesville, FL.",https://cdn.prod.website-files.com/6a8f67a39235e3662e5721fe/6a8f67a39235e3662e5726a8_6951f7cb5aa4e76b5716af79_luxury-pool-builders-outdoor-living-florida%2520(1).webp,"Modern pool with integrated spa, pergola and outdoor kitchen for a private tropical retreat in Gainesville, FL.",3D Pool Design & Visualization,Preview your pool & outdoor space in Gainesville with our 3D design before construction.,Pool Features & Upgrades,"Elevate your pool with spas, waterfalls & lighting for an outdoor oasis in Gainesville.",Project Showcase,Browse our Gainesville portfolio of waterfront pools & outdoor spaces to inspire your design.,What Our Clients Say,Homeowners trust us for custom pools & outdoor living in Gainesville. Read our reviews.,Outdoor Living & Pool Blog,"Explore tips and insights on pools & outdoor living in Gainesville, FL."
Gulf Stream,gulf-stream-florida,6a8f67a39235e3662e5722b0,6a8f67a39235e3662e5721ff,6a8f67a39235e3662e5727d4,false,false,Tue Jan 06 2026 20:21:34 GMT+0000 (Coordinated Universal Time),Thu Jan 29 2026 02:31:36 GMT+0000 (Coordinated Universal Time),,custom-pool-builders-palm-beach-county-fl,"Luxury Pools & Outdoor Living in Gulf Stream, FL | Mr & Mrs","Transform your Gulf Stream, FL waterfront backyard with custom pools, outdoor kitchens & complete outdoor living by local experts. Schedule a free consultation.","Luxury Pool Builders & Outdoor Living Contractors in Gulf Stream, Florida","All In One - Custom pools, pergolas & outdoor kitchens Contractors for your backyard in Gulf Stream, Florida","Professional custom pool builders in Gulf Stream, Florida. We specialize in new pool construction, pool remodeling, and luxury pool design for homeowners in South Florida.",Licensed Pool Builders & Outdoor living contractors In Gulf Stream,"As premier outdoor living contractors in Gulf Stream, FL, we design and execute elite residential and commercial projects. Our team of expert pool builders specializes in custom in-ground pool construction and luxury pool remodeling. From North to South Florida, we are the licensed contractors homeowners trust for high-end craftsmanship and lasting value.",https://cdn.prod.website-files.com/6a8f67a39235e3662e5721fe/6a8f67a39235e3662e5726aa_6951f7be1660c0941ab98250_custom-pool-pergola-outdoor-living-contractors-fl%2520(1).webp,"Modern custom pool with clear water, light stone deck, manicured lawn and pergola lounge in Gulf Stream, FL.",https://cdn.prod.website-files.com/6a8f67a39235e3662e5721fe/6a8f67a39235e3662e5726a9_6951f7c47e193677e64dea99_luxury-outdoor-kitchen-pool-backyard-design-florida%2520(1).webp,"Luxury pool with blue LED lights, outdoor kitchen and bar for evening entertaining in Gulf Stream, FL.",https://cdn.prod.website-files.com/6a8f67a39235e3662e5721fe/6a8f67a39235e3662e5726a8_6951f7cb5aa4e76b5716af79_luxury-pool-builders-outdoor-living-florida%2520(1).webp,"Modern pool with integrated spa, pergola and outdoor kitchen for a private tropical retreat in Gulf Stream, FL.",3D Pool Design & Visualization,Preview your pool & outdoor space in Gulf Stream with our 3D design before construction.,Pool Features & Upgrades,"Elevate your pool with spas, waterfalls & lighting for an outdoor oasis in Gulf Stream.",Project Showcase,Browse our Gulf Stream portfolio of waterfront pools & outdoor spaces to inspire your design.,What Our Clients Say,Homeowners trust us for custom pools & outdoor living in Gulf Stream. Read our reviews.,Outdoor Living & Pool Blog,"Explore tips and insights on pools & outdoor living in Gulf Stream, FL."
Hallandale Beach,hallandale-beach-florida,6a8f67a39235e3662e5722b0,6a8f67a39235e3662e5721ff,6a8f67a39235e3662e5727d5,false,false,Tue Jan 06 2026 20:21:33 GMT+0000 (Coordinated Universal Time),Thu Jan 29 2026 02:31:36 GMT+0000 (Coordinated Universal Time),,custom-pool-builders-broward-county-fl,"Luxury Pool Builders in Hallandale Beach, FL | Mr & Mrs","Transform your Hallandale Beach, FL backyard with custom pools, outdoor kitchens & outdoor living by local experts. Schedule a free consultation.","Luxury Pool Builders & Outdoor Living Contractors in Hallandale Beach, Florida","All In One - Custom pools, pergolas & outdoor kitchens Contractors for your backyard in Hallandale Beach, Florida","Professional custom pool builders in Hallandale Beach, Florida. We specialize in new pool construction, pool remodeling, and luxury pool design for homeowners in South Florida.",Licensed Pool Builders & Outdoor living contractors In Hallandale Beach,"As premier outdoor living contractors in Hallandale Beach, FL, we design and execute elite residential and commercial projects. Our team of expert pool builders specializes in custom in-ground pool construction and luxury pool remodeling. From North to South Florida, we are the licensed contractors homeowners trust for high-end craftsmanship and lasting value.",https://cdn.prod.website-files.com/6a8f67a39235e3662e5721fe/6a8f67a39235e3662e5726aa_6951f7be1660c0941ab98250_custom-pool-pergola-outdoor-living-contractors-fl%2520(1).webp,"Modern custom pool with clear water, light stone deck, manicured lawn and pergola lounge in Hallandale Beach, FL.",https://cdn.prod.website-files.com/6a8f67a39235e3662e5721fe/6a8f67a39235e3662e5726a9_6951f7c47e193677e64dea99_luxury-outdoor-kitchen-pool-backyard-design-florida%2520(1).webp,"Luxury pool with blue LED lights, outdoor kitchen and bar for evening entertaining in Hallandale Beach, FL.",https://cdn.prod.website-files.com/6a8f67a39235e3662e5721fe/6a8f67a39235e3662e5726a8_6951f7cb5aa4e76b5716af79_luxury-pool-builders-outdoor-living-florida%2520(1).webp,"Modern pool with integrated spa, pergola and outdoor kitchen for a private tropical retreat in Hallandale Beach, FL.",3D Pool Design & Visualization,Preview your pool & outdoor space in Hallandale Beach with our 3D design before construction.,Pool Features & Upgrades,"Elevate your pool with spas, waterfalls & lighting for an outdoor oasis in Hallandale Beach.",Project Showcase,Browse our Hallandale Beach portfolio of waterfront pools & outdoor spaces to inspire your design.,What Our Clients Say,Homeowners trust us for custom pools & outdoor living in Hallandale Beach. Read our reviews.,Outdoor Living & Pool Blog,"Explore tips and insights on pools & outdoor living in Hallandale Beach, FL."
Hawthorne,hawthorne-florida,6a8f67a39235e3662e5722b0,6a8f67a39235e3662e5721ff,6a8f67a39235e3662e5727d6,false,false,Tue Jan 06 2026 20:21:34 GMT+0000 (Coordinated Universal Time),Thu Jan 29 2026 02:31:36 GMT+0000 (Coordinated Universal Time),,custom-pool-builders-alachua-county-fl,"Luxury Pools & Outdoor Living in Hawthorne, FL | Mr & Mrs","Transform your Hawthorne, FL estate with custom pools, outdoor kitchens & outdoor living tailored for spacious rural properties. Schedule a free consultation.","Luxury Pool Builders & Outdoor Living Contractors in Hawthorne, Florida","All In One - Custom pools, pergolas & outdoor kitchens Contractors for your backyard in Hawthorne, Florida","Professional custom pool builders in Hawthorne, Florida. We specialize in new pool construction, pool remodeling, and luxury pool design for homeowners in North Florida.",Licensed Pool Builders & Outdoor living contractors In Hawthorne,"As premier outdoor living contractors in Hawthorne, FL, we design and execute elite residential and commercial projects. Our team of expert pool builders specializes in custom in-ground pool construction and luxury pool remodeling. From North to South Florida, we are the licensed contractors homeowners trust for high-end craftsmanship and lasting value.",https://cdn.prod.website-files.com/6a8f67a39235e3662e5721fe/6a8f67a39235e3662e5726aa_6951f7be1660c0941ab98250_custom-pool-pergola-outdoor-living-contractors-fl%2520(1).webp,"Modern custom pool with clear water, light stone deck, manicured lawn and pergola lounge in Hawthorne, FL.",https://cdn.prod.website-files.com/6a8f67a39235e3662e5721fe/6a8f67a39235e3662e5726a9_6951f7c47e193677e64dea99_luxury-outdoor-kitchen-pool-backyard-design-florida%2520(1).webp,"Luxury pool with blue LED lights, outdoor kitchen and bar for evening entertaining in Hawthorne, FL.",https://cdn.prod.website-files.com/6a8f67a39235e3662e5721fe/6a8f67a39235e3662e5726a8_6951f7cb5aa4e76b5716af79_luxury-pool-builders-outdoor-living-florida%2520(1).webp,"Modern pool with integrated spa, pergola and outdoor kitchen for a private tropical retreat in Hawthorne, FL.",3D Pool Design & Visualization,Preview your pool & outdoor space in Hawthorne with our 3D design before construction.,Pool Features & Upgrades,"Elevate your pool with spas, waterfalls & lighting for an outdoor oasis in Hawthorne.",Project Showcase,Browse our Hawthorne portfolio of rural pools & outdoor spaces to inspire your design.,What Our Clients Say,Homeowners trust us for custom pools & outdoor living in Hawthorne. Read our reviews.,Outdoor Living & Pool Blog,"Explore tips and insights on pools & outdoor living in Hawthorne, FL."
High Springs,high-springs-florida,6a8f67a39235e3662e5722b0,6a8f67a39235e3662e5721ff,6a8f67a39235e3662e5727d7,false,false,Tue Jan 06 2026 20:21:34 GMT+0000 (Coordinated Universal Time),Thu Jan 29 2026 02:31:35 GMT+0000 (Coordinated Universal Time),,custom-pool-builders-alachua-county-fl,"Luxury Pools & Outdoor Living in High Springs, FL | Mr & Mrs","Transform your High Springs, FL estate with custom pools, outdoor kitchens & outdoor living for rural properties. Schedule a free consultation.","Luxury Pool Builders & Outdoor Living Contractors in High Springs, Florida","All In One - Custom pools, pergolas & outdoor kitchens Contractors for your backyard in High Springs, Florida","Professional custom pool builders in High Springs, Florida. We specialize in new pool construction, pool remodeling, and luxury pool design for homeowners in North Florida.",Licensed Pool Builders & Outdoor living contractors In High Springs,"As premier outdoor living contractors in High Springs, FL, we design and execute elite residential and commercial projects. Our team of expert pool builders specializes in custom in-ground pool construction and luxury pool remodeling. From North to South Florida, we are the licensed contractors homeowners trust for high-end craftsmanship and lasting value.",https://cdn.prod.website-files.com/6a8f67a39235e3662e5721fe/6a8f67a39235e3662e5726aa_6951f7be1660c0941ab98250_custom-pool-pergola-outdoor-living-contractors-fl%2520(1).webp,"Modern custom pool with clear water, light stone deck, manicured lawn and pergola lounge in High Springs, FL.",https://cdn.prod.website-files.com/6a8f67a39235e3662e5721fe/6a8f67a39235e3662e5726a9_6951f7c47e193677e64dea99_luxury-outdoor-kitchen-pool-backyard-design-florida%2520(1).webp,"Luxury pool with blue LED lights, outdoor kitchen and bar for evening entertaining in High Springs, FL.",https://cdn.prod.website-files.com/6a8f67a39235e3662e5721fe/6a8f67a39235e3662e5726a8_6951f7cb5aa4e76b5716af79_luxury-pool-builders-outdoor-living-florida%2520(1).webp,"Modern pool with integrated spa, pergola and outdoor kitchen for a private tropical retreat in High Springs, FL.",3D Pool Design & Visualization,Preview your pool & outdoor space in High Springs with our 3D design before construction.,Pool Features & Upgrades,"Elevate your pool with spas, waterfalls & lighting for an outdoor oasis in High Springs.",Project Showcase,Browse our High Springs portfolio of rural pools & outdoor spaces to inspire your design.,What Our Clients Say,Homeowners trust us for custom pools & outdoor living in High Springs. Read our reviews.,Outdoor Living & Pool Blog,"Explore tips and insights on pools & outdoor living in High Springs, FL."
Hillsboro Beach,beach-florida,6a8f67a39235e3662e5722b0,6a8f67a39235e3662e5721ff,6a8f67a39235e3662e5727d8,false,false,Tue Jan 06 2026 20:21:34 GMT+0000 (Coordinated Universal Time),Thu Jan 29 2026 02:31:36 GMT+0000 (Coordinated Universal Time),,custom-pool-builders-broward-county-fl,"Luxury Pool Builders in Hillsboro Beach, FL | Mr & Mrs","Transform your Hillsboro Beach, FL backyard with custom pools, outdoor kitchens & outdoor living by local experts. Schedule a free consultation.","Luxury Pool Builders & Outdoor Living Contractors in Hillsboro Beach, Florida","All In One - Custom pools, pergolas & outdoor kitchens Contractors for your backyard in Hillsboro Beach, Florida","Professional custom pool builders in Hillsboro Beach, Florida. We specialize in new pool construction, pool remodeling, and luxury pool design for homeowners in South Florida.",Licensed Pool Builders & Outdoor living contractors In Hillsboro Beach,"As premier outdoor living contractors in Hillsboro Beach, FL, we design and execute elite residential and commercial projects. Our team of expert pool builders specializes in custom in-ground pool construction and luxury pool remodeling. From North to South Florida, we are the licensed contractors homeowners trust for high-end craftsmanship and lasting value.",https://cdn.prod.website-files.com/6a8f67a39235e3662e5721fe/6a8f67a39235e3662e5726aa_6951f7be1660c0941ab98250_custom-pool-pergola-outdoor-living-contractors-fl%2520(1).webp,"Modern custom pool with clear water, light stone deck, manicured lawn and pergola lounge in Hillsboro Beach, FL.",https://cdn.prod.website-files.com/6a8f67a39235e3662e5721fe/6a8f67a39235e3662e5726a9_6951f7c47e193677e64dea99_luxury-outdoor-kitchen-pool-backyard-design-florida%2520(1).webp,"Luxury pool with blue LED lights, outdoor kitchen and bar for evening entertaining in Hillsboro Beach, FL.",https://cdn.prod.website-files.com/6a8f67a39235e3662e5721fe/6a8f67a39235e3662e5726a8_6951f7cb5aa4e76b5716af79_luxury-pool-builders-outdoor-living-florida%2520(1).webp,"Modern pool with integrated spa, pergola and outdoor kitchen for a private tropical retreat in Hillsboro Beach, FL.",3D Pool Design & Visualization,Preview your pool & outdoor space in Hillsboro Beach with our 3D design before construction.,Pool Features & Upgrades,"Elevate your pool with spas, waterfalls & lighting for an outdoor oasis in Hillsboro Beach.",Project Showcase,Browse our Hillsboro Beach portfolio of waterfront pools & outdoor spaces to inspire your design.,What Our Clients Say,Homeowners trust us for custom pools & outdoor living in Hillsboro Beach. Read our reviews.,Outdoor Living & Pool Blog,"Explore tips and insights on pools & outdoor living in Hillsboro Beach, FL."
Hollywood,hollywood-florida,6a8f67a39235e3662e5722b0,6a8f67a39235e3662e5721ff,6a8f67a39235e3662e5727d9,false,false,Tue Jan 06 2026 20:21:35 GMT+0000 (Coordinated Universal Time),Thu Jan 29 2026 02:31:35 GMT+0000 (Coordinated Universal Time),,custom-pool-builders-broward-county-fl,"Luxury Pools & Outdoor Living in Hollywood, FL | Mr & Mrs","Transform your Hollywood, FL waterfront backyard with custom pools, outdoor kitchens & complete outdoor living by local experts. Schedule a free consultation.","Luxury Pool Builders & Outdoor Living Contractors in Hollywood, Florida","All In One - Custom pools, pergolas & outdoor kitchens Contractors for your backyard in Hollywood, Florida","Professional custom pool builders in Hollywood, Florida. We specialize in new pool construction, pool remodeling, and luxury pool design for homeowners in South Florida.",Licensed Pool Builders & Outdoor living contractors In Hollywood,"As premier outdoor living contractors in Hollywood, FL, we design and execute elite residential and commercial projects. Our team of expert pool builders specializes in custom in-ground pool construction and luxury pool remodeling. From North to South Florida, we are the licensed contractors homeowners trust for high-end craftsmanship and lasting value.",https://cdn.prod.website-files.com/6a8f67a39235e3662e5721fe/6a8f67a39235e3662e5726aa_6951f7be1660c0941ab98250_custom-pool-pergola-outdoor-living-contractors-fl%2520(1).webp,"Modern custom pool with clear water, light stone deck, manicured lawn and pergola lounge in Hollywood, FL.",https://cdn.prod.website-files.com/6a8f67a39235e3662e5721fe/6a8f67a39235e3662e5726a9_6951f7c47e193677e64dea99_luxury-outdoor-kitchen-pool-backyard-design-florida%2520(1).webp,"Luxury pool with blue LED lights, outdoor kitchen and bar for evening entertaining in Hollywood, FL.",https://cdn.prod.website-files.com/6a8f67a39235e3662e5721fe/6a8f67a39235e3662e5726a8_6951f7cb5aa4e76b5716af79_luxury-pool-builders-outdoor-living-florida%2520(1).webp,"Modern pool with integrated spa, pergola and outdoor kitchen for a private tropical retreat in Hollywood, FL.",3D Pool Design & Visualization,Preview your pool & outdoor space in Hollywood with our 3D design before construction.,Pool Features & Upgrades,"Elevate your pool with spas, waterfalls & lighting for an outdoor oasis in Hollywood.",Project Showcase,Browse our Hollywood portfolio of waterfront pools & outdoor spaces to inspire your design.,What Our Clients Say,Homeowners trust us for custom pools & outdoor living in Hollywood. Read our reviews.,Outdoor Living & Pool Blog,"Explore tips and insights on pools & outdoor living in Hollywood, FL."
Hypoluxo,hypoluxo-florida,6a8f67a39235e3662e5722b0,6a8f67a39235e3662e5721ff,6a8f67a39235e3662e5727da,false,false,Tue Jan 06 2026 20:21:36 GMT+0000 (Coordinated Universal Time),Thu Jan 29 2026 02:31:35 GMT+0000 (Coordinated Universal Time),,custom-pool-builders-palm-beach-county-fl,"Luxury Pools & Outdoor Living in Hypoluxo, FL | Mr & Mrs","Transform your Hypoluxo, FL waterfront backyard with custom pools, outdoor kitchens & complete outdoor living by local experts. Schedule a free consultation.","Luxury Pool Builders & Outdoor Living Contractors in Hypoluxo, Florida","All In One - Custom pools, pergolas & outdoor kitchens Contractors for your backyard in Hypoluxo, Florida","Professional custom pool builders in Hypoluxo, Florida. We specialize in new pool construction, pool remodeling, and luxury pool design for homeowners in South Florida.",Licensed Pool Builders & Outdoor living contractors In Hypoluxo,"As premier outdoor living contractors in Hypoluxo, FL, we design and execute elite residential and commercial projects. Our team of expert pool builders specializes in custom in-ground pool construction and luxury pool remodeling. From North to South Florida, we are the licensed contractors homeowners trust for high-end craftsmanship and lasting value.",https://cdn.prod.website-files.com/6a8f67a39235e3662e5721fe/6a8f67a39235e3662e5726aa_6951f7be1660c0941ab98250_custom-pool-pergola-outdoor-living-contractors-fl%2520(1).webp,"Modern custom pool with clear water, light stone deck, manicured lawn and pergola lounge in Hypoluxo, FL.",https://cdn.prod.website-files.com/6a8f67a39235e3662e5721fe/6a8f67a39235e3662e5726a9_6951f7c47e193677e64dea99_luxury-outdoor-kitchen-pool-backyard-design-florida%2520(1).webp,"Luxury pool with blue LED lights, outdoor kitchen and bar for evening entertaining in Hypoluxo, FL.",https://cdn.prod.website-files.com/6a8f67a39235e3662e5721fe/6a8f67a39235e3662e5726a8_6951f7cb5aa4e76b5716af79_luxury-pool-builders-outdoor-living-florida%2520(1).webp,"Modern pool with integrated spa, pergola and outdoor kitchen for a private tropical retreat in Hypoluxo, FL.",3D Pool Design & Visualization,Preview your pool & outdoor space in Hypoluxo with our 3D design before construction.,Pool Features & Upgrades,"Elevate your pool with spas, waterfalls & lighting for an outdoor oasis in Hypoluxo.",Project Showcase,Browse our Hypoluxo portfolio of waterfront pools & outdoor spaces to inspire your design.,What Our Clients Say,Homeowners trust us for custom pools & outdoor living in Hypoluxo. Read our reviews.,Outdoor Living & Pool Blog,"Explore tips and insights on pools & outdoor living in Hypoluxo, FL."
Juno Beach,juno-beach-florida,6a8f67a39235e3662e5722b0,6a8f67a39235e3662e5721ff,6a8f67a39235e3662e5727db,false,false,Tue Jan 06 2026 20:21:36 GMT+0000 (Coordinated Universal Time),Thu Jan 29 2026 02:31:36 GMT+0000 (Coordinated Universal Time),,custom-pool-builders-palm-beach-county-fl,"Luxury Pools & Outdoor Living in Juno Beach, FL | Mr & Mrs","Transform your Juno Beach, FL waterfront backyard with custom pools, outdoor kitchens & complete outdoor living by local experts. Schedule a free consultation.","Luxury Pool Builders & Outdoor Living Contractors in Juno Beach, Florida","All In One - Custom pools, pergolas & outdoor kitchens Contractors for your backyard in Juno Beach, Florida","Professional custom pool builders in Juno Beach, Florida. We specialize in new pool construction, pool remodeling, and luxury pool design for homeowners in South Florida.",Licensed Pool Builders & Outdoor living contractors In Juno Beach,"As premier outdoor living contractors in Juno Beach, FL, we design and execute elite residential and commercial projects. Our team of expert pool builders specializes in custom in-ground pool construction and luxury pool remodeling. From North to South Florida, we are the licensed contractors homeowners trust for high-end craftsmanship and lasting value.",https://cdn.prod.website-files.com/6a8f67a39235e3662e5721fe/6a8f67a39235e3662e5726aa_6951f7be1660c0941ab98250_custom-pool-pergola-outdoor-living-contractors-fl%2520(1).webp,"Modern custom pool with clear water, light stone deck, manicured lawn and pergola lounge in Juno Beach, FL.",https://cdn.prod.website-files.com/6a8f67a39235e3662e5721fe/6a8f67a39235e3662e5726a9_6951f7c47e193677e64dea99_luxury-outdoor-kitchen-pool-backyard-design-florida%2520(1).webp,"Luxury pool with blue LED lights, outdoor kitchen and bar for evening entertaining in Juno Beach, FL.",https://cdn.prod.website-files.com/6a8f67a39235e3662e5721fe/6a8f67a39235e3662e5726a8_6951f7cb5aa4e76b5716af79_luxury-pool-builders-outdoor-living-florida%2520(1).webp,"Modern pool with integrated spa, pergola and outdoor kitchen for a private tropical retreat in Juno Beach, FL.",3D Pool Design & Visualization,Preview your pool & outdoor space in Juno Beach with our 3D design before construction.,Pool Features & Upgrades,"Elevate your pool with spas, waterfalls & lighting for an outdoor oasis in Juno Beach.",Project Showcase,Browse our Juno Beach portfolio of waterfront pools & outdoor spaces to inspire your design.,What Our Clients Say,Homeowners trust us for custom pools & outdoor living in Juno Beach. Read our reviews.,Outdoor Living & Pool Blog,"Explore tips and insights on pools & outdoor living in Juno Beach, FL."
Jupiter,jupiter-florida,6a8f67a39235e3662e5722b0,6a8f67a39235e3662e5721ff,6a8f67a39235e3662e5727dc,false,false,Tue Jan 06 2026 20:21:36 GMT+0000 (Coordinated Universal Time),Thu Jan 29 2026 02:31:36 GMT+0000 (Coordinated Universal Time),,custom-pool-builders-palm-beach-county-fl,"Luxury Pools & Outdoor Living in Jupiter, FL | Mr & Mrs","Transform your Jupiter, FL waterfront backyard with custom pools, outdoor kitchens & complete outdoor living by local experts. Schedule a free consultation.","Luxury Pool Builders & Outdoor Living Contractors in Jupiter, Florida","All In One - Custom pools, pergolas & outdoor kitchens Contractors for your backyard in Jupiter, Florida","Professional custom pool builders in Jupiter, Florida. We specialize in new pool construction, pool remodeling, and luxury pool design for homeowners in South Florida.",Licensed Pool Builders & Outdoor living contractors In Jupiter,"As premier outdoor living contractors in Jupiter, FL, we design and execute elite residential and commercial projects. Our team of expert pool builders specializes in custom in-ground pool construction and luxury pool remodeling. From North to South Florida, we are the licensed contractors homeowners trust for high-end craftsmanship and lasting value.",https://cdn.prod.website-files.com/6a8f67a39235e3662e5721fe/6a8f67a39235e3662e5726aa_6951f7be1660c0941ab98250_custom-pool-pergola-outdoor-living-contractors-fl%2520(1).webp,"Modern custom pool with clear water, light stone deck, manicured lawn and pergola lounge in Jupiter, FL.",https://cdn.prod.website-files.com/6a8f67a39235e3662e5721fe/6a8f67a39235e3662e5726a9_6951f7c47e193677e64dea99_luxury-outdoor-kitchen-pool-backyard-design-florida%2520(1).webp,"Luxury pool with blue LED lights, outdoor kitchen and bar for evening entertaining in Jupiter, FL.",https://cdn.prod.website-files.com/6a8f67a39235e3662e5721fe/6a8f67a39235e3662e5726a8_6951f7cb5aa4e76b5716af79_luxury-pool-builders-outdoor-living-florida%2520(1).webp,"Modern pool with integrated spa, pergola and outdoor kitchen for a private tropical retreat in Jupiter, FL.",3D Pool Design & Visualization,Preview your pool & outdoor space in Jupiter with our 3D design before construction.,Pool Features & Upgrades,"Elevate your pool with spas, waterfalls & lighting for an outdoor oasis in Jupiter.",Project Showcase,Browse our Jupiter portfolio of waterfront pools & outdoor spaces to inspire your design.,What Our Clients Say,Homeowners trust us for custom pools & outdoor living in Jupiter. Read our reviews.,Outdoor Living & Pool Blog,"Explore tips and insights on pools & outdoor living in Jupiter, FL."
Lake City,lake-city-florida,6a8f67a39235e3662e5722b0,6a8f67a39235e3662e5721ff,6a8f67a39235e3662e5727dd,false,false,Tue Jan 06 2026 20:21:36 GMT+0000 (Coordinated Universal Time),Thu Jan 29 2026 02:31:35 GMT+0000 (Coordinated Universal Time),,custom-pool-builders-columbia-county-fl,"Luxury Pools & Outdoor Living in Lake City, FL | Mr & Mrs","Transform your Lake City, FL estate with custom pools, outdoor kitchens & outdoor living tailored for spacious rural properties. Schedule a free consultation.","Luxury Pool Builders & Outdoor Living Contractors in Lake City, Florida","All In One - Custom pools, pergolas & outdoor kitchens Contractors for your backyard in Lake City, Florida","Professional custom pool builders in Lake City, Florida. We specialize in new pool construction, pool remodeling, and luxury pool design for homeowners in North Florida.",Licensed Pool Builders & Outdoor living contractors In Lake City,"As premier outdoor living contractors in Lake City, FL, we design and execute elite residential and commercial projects. Our team of expert pool builders specializes in custom in-ground pool construction and luxury pool remodeling. From North to South Florida, we are the licensed contractors homeowners trust for high-end craftsmanship and lasting value.",https://cdn.prod.website-files.com/6a8f67a39235e3662e5721fe/6a8f67a39235e3662e5726aa_6951f7be1660c0941ab98250_custom-pool-pergola-outdoor-living-contractors-fl%2520(1).webp,"Modern custom pool with clear water, light stone deck, manicured lawn and pergola lounge in Lake City, FL.",https://cdn.prod.website-files.com/6a8f67a39235e3662e5721fe/6a8f67a39235e3662e5726a9_6951f7c47e193677e64dea99_luxury-outdoor-kitchen-pool-backyard-design-florida%2520(1).webp,"Luxury pool with blue LED lights, outdoor kitchen and bar for evening entertaining in Lake City, FL.",https://cdn.prod.website-files.com/6a8f67a39235e3662e5721fe/6a8f67a39235e3662e5726a8_6951f7cb5aa4e76b5716af79_luxury-pool-builders-outdoor-living-florida%2520(1).webp,"Modern pool with integrated spa, pergola and outdoor kitchen for a private tropical retreat in Lake City, FL.",3D Pool Design & Visualization,Preview your pool & outdoor space in Lake City with our 3D design before construction.,Pool Features & Upgrades,"Elevate your pool with spas, waterfalls & lighting for an outdoor oasis in Lake City.",Project Showcase,Browse our Lake City portfolio of rural pools & outdoor spaces to inspire your design.,What Our Clients Say,Homeowners trust us for custom pools & outdoor living in Lake City. Read our reviews.,Outdoor Living & Pool Blog,"Explore tips and insights on pools & outdoor living in Lake City, FL."
Lighthouse Point,lighthouse-point-florida,6a8f67a39235e3662e5722b0,6a8f67a39235e3662e5721ff,6a8f67a39235e3662e5727de,false,false,Tue Jan 06 2026 20:21:37 GMT+0000 (Coordinated Universal Time),Thu Jan 29 2026 02:31:36 GMT+0000 (Coordinated Universal Time),,custom-pool-builders-broward-county-fl,"Luxury Pool Builders in Lighthouse Point, FL | Mr & Mrs","Transform your Lighthouse Point, FL backyard with custom pools, outdoor kitchens & outdoor living by local experts. Schedule a free consultation.","Luxury Pool Builders & Outdoor Living Contractors in Lighthouse Point, Florida","All In One - Custom pools, pergolas & outdoor kitchens Contractors for your backyard in Lighthouse Point, Florida","Professional custom pool builders in Lighthouse Point, Florida. We specialize in new pool construction, pool remodeling, and luxury pool design for homeowners in South Florida.",Licensed Pool Builders & Outdoor living contractors In Lighthouse Point,"As premier outdoor living contractors in Lighthouse Point, FL, we design and execute elite residential and commercial projects. Our team of expert pool builders specializes in custom in-ground pool construction and luxury pool remodeling. From North to South Florida, we are the licensed contractors homeowners trust for high-end craftsmanship and lasting value.",https://cdn.prod.website-files.com/6a8f67a39235e3662e5721fe/6a8f67a39235e3662e5726aa_6951f7be1660c0941ab98250_custom-pool-pergola-outdoor-living-contractors-fl%2520(1).webp,"Modern custom pool with clear water, light stone deck, manicured lawn and pergola lounge in Lighthouse Point, FL.",https://cdn.prod.website-files.com/6a8f67a39235e3662e5721fe/6a8f67a39235e3662e5726a9_6951f7c47e193677e64dea99_luxury-outdoor-kitchen-pool-backyard-design-florida%2520(1).webp,"Luxury pool with blue LED lights, outdoor kitchen and bar for evening entertaining in Lighthouse Point, FL.",https://cdn.prod.website-files.com/6a8f67a39235e3662e5721fe/6a8f67a39235e3662e5726a8_6951f7cb5aa4e76b5716af79_luxury-pool-builders-outdoor-living-florida%2520(1).webp,"Modern pool with integrated spa, pergola and outdoor kitchen for a private tropical retreat in Lighthouse Point, FL.",3D Pool Design & Visualization,Preview your pool & outdoor space in Lighthouse Point with our 3D design before construction.,Pool Features & Upgrades,"Elevate your pool with spas, waterfalls & lighting for an outdoor oasis in Lighthouse Point.",Project Showcase,Browse our Lighthouse Point portfolio of waterfront pools & outdoor spaces to inspire your design.,What Our Clients Say,Homeowners trust us for custom pools & outdoor living in Lighthouse Point. Read our reviews.,Outdoor Living & Pool Blog,"Explore tips and insights on pools & outdoor living in Lighthouse Point, FL."
Manalapan,manalapan-florida,6a8f67a39235e3662e5722b0,6a8f67a39235e3662e5721ff,6a8f67a39235e3662e5727df,false,false,Tue Jan 06 2026 20:21:37 GMT+0000 (Coordinated Universal Time),Thu Jan 29 2026 02:31:35 GMT+0000 (Coordinated Universal Time),,custom-pool-builders-palm-beach-county-fl,"Luxury Pools & Outdoor Living in Manalapan, FL | Mr & Mrs","Transform your Manalapan, FL waterfront backyard with custom pools, outdoor kitchens & complete outdoor living by local experts. Schedule a free consultation.","Luxury Pool Builders & Outdoor Living Contractors in Manalapan, Florida","All In One - Custom pools, pergolas & outdoor kitchens Contractors for your backyard in Manalapan, Florida","Professional custom pool builders in Manalapan, Florida. We specialize in new pool construction, pool remodeling, and luxury pool design for homeowners in South Florida.",Licensed Pool Builders & Outdoor living contractors In Manalapan,"As premier outdoor living contractors in Manalapan, FL, we design and execute elite residential and commercial projects. Our team of expert pool builders specializes in custom in-ground pool construction and luxury pool remodeling. From North to South Florida, we are the licensed contractors homeowners trust for high-end craftsmanship and lasting value.",https://cdn.prod.website-files.com/6a8f67a39235e3662e5721fe/6a8f67a39235e3662e5726aa_6951f7be1660c0941ab98250_custom-pool-pergola-outdoor-living-contractors-fl%2520(1).webp,"Modern custom pool with clear water, light stone deck, manicured lawn and pergola lounge in Manalapan, FL.",https://cdn.prod.website-files.com/6a8f67a39235e3662e5721fe/6a8f67a39235e3662e5726a9_6951f7c47e193677e64dea99_luxury-outdoor-kitchen-pool-backyard-design-florida%2520(1).webp,"Luxury pool with blue LED lights, outdoor kitchen and bar for evening entertaining in Manalapan, FL.",https://cdn.prod.website-files.com/6a8f67a39235e3662e5721fe/6a8f67a39235e3662e5726a8_6951f7cb5aa4e76b5716af79_luxury-pool-builders-outdoor-living-florida%2520(1).webp,"Modern pool with integrated spa, pergola and outdoor kitchen for a private tropical retreat in Manalapan, FL.",3D Pool Design & Visualization,Preview your pool & outdoor space in Manalapan with our 3D design before construction.,Pool Features & Upgrades,"Elevate your pool with spas, waterfalls & lighting for an outdoor oasis in Manalapan.",Project Showcase,Browse our Manalapan portfolio of waterfront pools & outdoor spaces to inspire your design.,What Our Clients Say,Homeowners trust us for custom pools & outdoor living in Manalapan. Read our reviews.,Outdoor Living & Pool Blog,"Explore tips and insights on pools & outdoor living in Manalapan, FL."
McIntosh,mcintosh-florida,6a8f67a39235e3662e5722b0,6a8f67a39235e3662e5721ff,6a8f67a39235e3662e5727e0,false,false,Tue Jan 06 2026 20:21:37 GMT+0000 (Coordinated Universal Time),Thu Jan 29 2026 02:31:35 GMT+0000 (Coordinated Universal Time),,custom-pool-builders-marion-county-fl,"Luxury Pools & Outdoor Living in McIntosh, FL | Mr & Mrs","Transform your McIntosh, FL estate with custom pools, outdoor kitchens & outdoor living tailored for spacious rural properties. Schedule a free consultation.","Luxury Pool Builders & Outdoor Living Contractors in McIntosh, Florida","All In One - Custom pools, pergolas & outdoor kitchens Contractors for your backyard in McIntosh, Florida","Professional custom pool builders in McIntosh, Florida. We specialize in new pool construction, pool remodeling, and luxury pool design for homeowners in North Florida.",Licensed Pool Builders & Outdoor living contractors In McIntosh,"As premier outdoor living contractors in McIntosh, FL, we design and execute elite residential and commercial projects. Our team of expert pool builders specializes in custom in-ground pool construction and luxury pool remodeling. From North to South Florida, we are the licensed contractors homeowners trust for high-end craftsmanship and lasting value.",https://cdn.prod.website-files.com/6a8f67a39235e3662e5721fe/6a8f67a39235e3662e5726aa_6951f7be1660c0941ab98250_custom-pool-pergola-outdoor-living-contractors-fl%2520(1).webp,"Modern custom pool with clear water, light stone deck, manicured lawn and pergola lounge in McIntosh, FL.",https://cdn.prod.website-files.com/6a8f67a39235e3662e5721fe/6a8f67a39235e3662e5726a9_6951f7c47e193677e64dea99_luxury-outdoor-kitchen-pool-backyard-design-florida%2520(1).webp,"Luxury pool with blue LED lights, outdoor kitchen and bar for evening entertaining in McIntosh, FL.",https://cdn.prod.website-files.com/6a8f67a39235e3662e5721fe/6a8f67a39235e3662e5726a8_6951f7cb5aa4e76b5716af79_luxury-pool-builders-outdoor-living-florida%2520(1).webp,"Modern pool with integrated spa, pergola and outdoor kitchen for a private tropical retreat in McIntosh, FL.",3D Pool Design & Visualization,Preview your pool & outdoor space in McIntosh with our 3D design before construction.,Pool Features & Upgrades,"Elevate your pool with spas, waterfalls & lighting for an outdoor oasis in McIntosh.",Project Showcase,Browse our McIntosh portfolio of rural pools & outdoor spaces to inspire your design.,What Our Clients Say,Homeowners trust us for custom pools & outdoor living in McIntosh. Read our reviews.,Outdoor Living & Pool Blog,"Explore tips and insights on pools & outdoor living in McIntosh, FL."
Micanopy,micanopy-florida,6a8f67a39235e3662e5722b0,6a8f67a39235e3662e5721ff,6a8f67a39235e3662e5727e1,false,false,Tue Jan 06 2026 20:21:38 GMT+0000 (Coordinated Universal Time),Thu Jan 29 2026 02:31:35 GMT+0000 (Coordinated Universal Time),,custom-pool-builders-alachua-county-fl,"Luxury Pools & Outdoor Living in Micanopy, FL | Mr & Mrs","Transform your Micanopy, FL estate with custom pools, outdoor kitchens & outdoor living tailored for spacious rural properties. Schedule a free consultation.","Luxury Pool Builders & Outdoor Living Contractors in Micanopy, Florida","All In One - Custom pools, pergolas & outdoor kitchens Contractors for your backyard in Micanopy, Florida","Professional custom pool builders in Micanopy, Florida. We specialize in new pool construction, pool remodeling, and luxury pool design for homeowners in North Florida.",Licensed Pool Builders & Outdoor living contractors In Micanopy,"As premier outdoor living contractors in Micanopy, FL, we design and execute elite residential and commercial projects. Our team of expert pool builders specializes in custom in-ground pool construction and luxury pool remodeling. From North to South Florida, we are the licensed contractors homeowners trust for high-end craftsmanship and lasting value.",https://cdn.prod.website-files.com/6a8f67a39235e3662e5721fe/6a8f67a39235e3662e5726aa_6951f7be1660c0941ab98250_custom-pool-pergola-outdoor-living-contractors-fl%2520(1).webp,"Modern custom pool with clear water, light stone deck, manicured lawn and pergola lounge in Micanopy, FL.",https://cdn.prod.website-files.com/6a8f67a39235e3662e5721fe/6a8f67a39235e3662e5726a9_6951f7c47e193677e64dea99_luxury-outdoor-kitchen-pool-backyard-design-florida%2520(1).webp,"Luxury pool with blue LED lights, outdoor kitchen and bar for evening entertaining in Micanopy, FL.",https://cdn.prod.website-files.com/6a8f67a39235e3662e5721fe/6a8f67a39235e3662e5726a8_6951f7cb5aa4e76b5716af79_luxury-pool-builders-outdoor-living-florida%2520(1).webp,"Modern pool with integrated spa, pergola and outdoor kitchen for a private tropical retreat in Micanopy, FL.",3D Pool Design & Visualization,Preview your pool & outdoor space in Micanopy with our 3D design before construction.,Pool Features & Upgrades,"Elevate your pool with spas, waterfalls & lighting for an outdoor oasis in Micanopy.",Project Showcase,Browse our Micanopy portfolio of rural pools & outdoor spaces to inspire your design.,What Our Clients Say,Homeowners trust us for custom pools & outdoor living in Micanopy. Read our reviews.,Outdoor Living & Pool Blog,"Explore tips and insights on pools & outdoor living in Micanopy, FL."
Miramar,miramar-florida,6a8f67a39235e3662e5722b0,6a8f67a39235e3662e5721ff,6a8f67a39235e3662e5727e2,false,false,Tue Jan 06 2026 20:21:38 GMT+0000 (Coordinated Universal Time),Thu Jan 29 2026 02:31:35 GMT+0000 (Coordinated Universal Time),,custom-pool-builders-broward-county-fl,"Luxury Pools & Outdoor Living in Miramar, FL | Mr & Mrs","Transform your Miramar, FL backyard with custom pools, outdoor kitchens & complete outdoor living for family-friendly homes. Schedule a free consultation.","Luxury Pool Builders & Outdoor Living Contractors in Miramar, Florida","All In One - Custom pools, pergolas & outdoor kitchens Contractors for your backyard in Miramar, Florida","Professional custom pool builders in Miramar, Florida. We specialize in new pool construction, pool remodeling, and luxury pool design for homeowners in South Florida.",Licensed Pool Builders & Outdoor living contractors In Miramar,"As premier outdoor living contractors in Miramar, FL, we design and execute elite residential and commercial projects. Our team of expert pool builders specializes in custom in-ground pool construction and luxury pool remodeling. From North to South Florida, we are the licensed contractors homeowners trust for high-end craftsmanship and lasting value.",https://cdn.prod.website-files.com/6a8f67a39235e3662e5721fe/6a8f67a39235e3662e5726aa_6951f7be1660c0941ab98250_custom-pool-pergola-outdoor-living-contractors-fl%2520(1).webp,"Modern custom pool with clear water, light stone deck, manicured lawn and pergola lounge in Miramar, FL.",https://cdn.prod.website-files.com/6a8f67a39235e3662e5721fe/6a8f67a39235e3662e5726a9_6951f7c47e193677e64dea99_luxury-outdoor-kitchen-pool-backyard-design-florida%2520(1).webp,"Luxury pool with blue LED lights, outdoor kitchen and bar for evening entertaining in Miramar, FL.",https://cdn.prod.website-files.com/6a8f67a39235e3662e5721fe/6a8f67a39235e3662e5726a8_6951f7cb5aa4e76b5716af79_luxury-pool-builders-outdoor-living-florida%2520(1).webp,"Modern pool with integrated spa, pergola and outdoor kitchen for a private tropical retreat in Miramar, FL.",3D Pool Design & Visualization,Preview your pool & outdoor space in Miramar with our 3D design before construction.,Pool Features & Upgrades,"Elevate your pool with spas, waterfalls & lighting for an outdoor oasis in Miramar.",Project Showcase,Browse our Miramar portfolio of family pools & outdoor spaces to inspire your design.,What Our Clients Say,Homeowners trust us for custom pools & outdoor living in Miramar. Read our reviews.,Outdoor Living & Pool Blog,"Explore tips and insights on pools & outdoor living in Miramar, FL."
Newberry,newberry-florida,6a8f67a39235e3662e5722b0,6a8f67a39235e3662e5721ff,6a8f67a39235e3662e5727e3,false,false,Tue Jan 06 2026 20:21:39 GMT+0000 (Coordinated Universal Time),Thu Jan 29 2026 02:31:35 GMT+0000 (Coordinated Universal Time),,custom-pool-builders-alachua-county-fl,"Luxury Pools & Outdoor Living in Newberry, FL | Mr & Mrs","Transform your Newberry, FL estate with custom pools, outdoor kitchens & outdoor living tailored for spacious rural properties. Schedule a free consultation.","Luxury Pool Builders & Outdoor Living Contractors in Newberry, Florida","All In One - Custom pools, pergolas & outdoor kitchens Contractors for your backyard in Newberry, Florida","Professional custom pool builders in Newberry, Florida. We specialize in new pool construction, pool remodeling, and luxury pool design for homeowners in North Florida.",Licensed Pool Builders & Outdoor living contractors In Newberry,"As premier outdoor living contractors in Newberry, FL, we design and execute elite residential and commercial projects. Our team of expert pool builders specializes in custom in-ground pool construction and luxury pool remodeling. From North to South Florida, we are the licensed contractors homeowners trust for high-end craftsmanship and lasting value.",https://cdn.prod.website-files.com/6a8f67a39235e3662e5721fe/6a8f67a39235e3662e5726aa_6951f7be1660c0941ab98250_custom-pool-pergola-outdoor-living-contractors-fl%2520(1).webp,"Modern custom pool with clear water, light stone deck, manicured lawn and pergola lounge in Newberry, FL.",https://cdn.prod.website-files.com/6a8f67a39235e3662e5721fe/6a8f67a39235e3662e5726a9_6951f7c47e193677e64dea99_luxury-outdoor-kitchen-pool-backyard-design-florida%2520(1).webp,"Luxury pool with blue LED lights, outdoor kitchen and bar for evening entertaining in Newberry, FL.",https://cdn.prod.website-files.com/6a8f67a39235e3662e5721fe/6a8f67a39235e3662e5726a8_6951f7cb5aa4e76b5716af79_luxury-pool-builders-outdoor-living-florida%2520(1).webp,"Modern pool with integrated spa, pergola and outdoor kitchen for a private tropical retreat in Newberry, FL.",3D Pool Design & Visualization,Preview your pool & outdoor space in Newberry with our 3D design before construction.,Pool Features & Upgrades,"Elevate your pool with spas, waterfalls & lighting for an outdoor oasis in Newberry.",Project Showcase,Browse our Newberry portfolio of rural pools & outdoor spaces to inspire your design.,What Our Clients Say,Homeowners trust us for custom pools & outdoor living in Newberry. Read our reviews.,Outdoor Living & Pool Blog,"Explore tips and insights on pools & outdoor living in Newberry, FL."
North Palm Beach,north-palm-beach-florida,6a8f67a39235e3662e5722b0,6a8f67a39235e3662e5721ff,6a8f67a39235e3662e5727e4,false,false,Tue Jan 06 2026 20:21:39 GMT+0000 (Coordinated Universal Time),Thu Jan 29 2026 02:31:36 GMT+0000 (Coordinated Universal Time),,custom-pool-builders-palm-beach-county-fl,"Luxury Pool Builders in North Palm Beach, FL | Mr & Mrs","Transform your North Palm Beach, FL backyard with custom pools, outdoor kitchens & outdoor living by local experts. Schedule a free consultation.","Luxury Pool Builders & Outdoor Living Contractors in North Palm Beach, Florida","All In One - Custom pools, pergolas & outdoor kitchens Contractors for your backyard in North Palm Beach, Florida","Professional custom pool builders in North Palm Beach, Florida. We specialize in new pool construction, pool remodeling, and luxury pool design for homeowners in South Florida.",Licensed Pool Builders & Outdoor living contractors In North Palm Beach,"As premier outdoor living contractors in North Palm Beach, FL, we design and execute elite residential and commercial projects. Our team of expert pool builders specializes in custom in-ground pool construction and luxury pool remodeling. From North to South Florida, we are the licensed contractors homeowners trust for high-end craftsmanship and lasting value.",https://cdn.prod.website-files.com/6a8f67a39235e3662e5721fe/6a8f67a39235e3662e5726aa_6951f7be1660c0941ab98250_custom-pool-pergola-outdoor-living-contractors-fl%2520(1).webp,"Modern custom pool with clear water, light stone deck, manicured lawn and pergola lounge in North Palm Beach, FL.",https://cdn.prod.website-files.com/6a8f67a39235e3662e5721fe/6a8f67a39235e3662e5726a9_6951f7c47e193677e64dea99_luxury-outdoor-kitchen-pool-backyard-design-florida%2520(1).webp,"Luxury pool with blue LED lights, outdoor kitchen and bar for evening entertaining in North Palm Beach, FL.",https://cdn.prod.website-files.com/6a8f67a39235e3662e5721fe/6a8f67a39235e3662e5726a8_6951f7cb5aa4e76b5716af79_luxury-pool-builders-outdoor-living-florida%2520(1).webp,"Modern pool with integrated spa, pergola and outdoor kitchen for a private tropical retreat in North Palm Beach, FL.",3D Pool Design & Visualization,Preview your pool & outdoor space in North Palm Beach with our 3D design before construction.,Pool Features & Upgrades,"Elevate your pool with spas, waterfalls & lighting for an outdoor oasis in North Palm Beach.",Project Showcase,Browse our North Palm Beach portfolio of waterfront pools & outdoor spaces to inspire your design.,What Our Clients Say,Homeowners trust us for custom pools & outdoor living in North Palm Beach. Read our reviews.,Outdoor Living & Pool Blog,"Explore tips and insights on pools & outdoor living in North Palm Beach, FL."
Ocala,ocala-florida,6a8f67a39235e3662e5722b0,6a8f67a39235e3662e5721ff,6a8f67a39235e3662e5727e5,false,false,Tue Jan 06 2026 20:21:38 GMT+0000 (Coordinated Universal Time),Thu Jan 29 2026 02:31:35 GMT+0000 (Coordinated Universal Time),,custom-pool-builders-marion-county-fl,"Luxury Pools & Outdoor Living in Ocala, FL | Mr & Mrs","Transform your Ocala, FL estate with custom pools, outdoor kitchens & outdoor living for luxury and equestrian lifestyles. Schedule a free consultation.","Luxury Pool Builders & Outdoor Living Contractors in Ocala, Florida","All In One - Custom pools, pergolas & outdoor kitchens Contractors for your backyard in Ocala, Florida","Professional custom pool builders in Ocala, Florida. We specialize in new pool construction, pool remodeling, and luxury pool design for homeowners in North Florida.",Licensed Pool Builders & Outdoor living contractors In Ocala,"As premier outdoor living contractors in Ocala, FL, we design and execute elite residential and commercial projects. Our team of expert pool builders specializes in custom in-ground pool construction and luxury pool remodeling. From North to South Florida, we are the licensed contractors homeowners trust for high-end craftsmanship and lasting value.",https://cdn.prod.website-files.com/6a8f67a39235e3662e5721fe/6a8f67a39235e3662e5726aa_6951f7be1660c0941ab98250_custom-pool-pergola-outdoor-living-contractors-fl%2520(1).webp,"Modern custom pool with clear water, light stone deck, manicured lawn and pergola lounge in Ocala, FL.",https://cdn.prod.website-files.com/6a8f67a39235e3662e5721fe/6a8f67a39235e3662e5726a9_6951f7c47e193677e64dea99_luxury-outdoor-kitchen-pool-backyard-design-florida%2520(1).webp,"Luxury pool with blue LED lights, outdoor kitchen and bar for evening entertaining in Ocala, FL.",https://cdn.prod.website-files.com/6a8f67a39235e3662e5721fe/6a8f67a39235e3662e5726a8_6951f7cb5aa4e76b5716af79_luxury-pool-builders-outdoor-living-florida%2520(1).webp,"Modern pool with integrated spa, pergola and outdoor kitchen for a private tropical retreat in Ocala, FL.",3D Pool Design & Visualization,Preview your pool & outdoor space in Ocala with our 3D design before construction.,Pool Features & Upgrades,"Elevate your pool with spas, waterfalls & lighting for an outdoor oasis in Ocala.",Project Showcase,Browse our Ocala portfolio of luxury pools & outdoor spaces to inspire your design.,What Our Clients Say,Homeowners trust us for custom pools & outdoor living in Ocala. Read our reviews.,Outdoor Living & Pool Blog,"Explore tips and insights on pools & outdoor living in Ocala, FL."
Ocean Ridge,ocean-ridge-florida,6a8f67a39235e3662e5722b0,6a8f67a39235e3662e5721ff,6a8f67a39235e3662e5727e6,false,false,Tue Jan 06 2026 20:21:40 GMT+0000 (Coordinated Universal Time),Thu Jan 29 2026 02:31:35 GMT+0000 (Coordinated Universal Time),,custom-pool-builders-palm-beach-county-fl,"Luxury Pools & Outdoor Living in Ocean Ridge, FL | Mr & Mrs","Transform your Ocean Ridge, FL waterfront backyard with custom pools, outdoor kitchens & complete outdoor living by local experts. Schedule a free consultation.","Luxury Pool Builders & Outdoor Living Contractors in Ocean Ridge, Florida","All In One - Custom pools, pergolas & outdoor kitchens Contractors for your backyard in Ocean Ridge, Florida","Professional custom pool builders in Ocean Ridge, Florida. We specialize in new pool construction, pool remodeling, and luxury pool design for homeowners in South Florida.",Licensed Pool Builders & Outdoor living contractors In Ocean Ridge,"As premier outdoor living contractors in Ocean Ridge, FL, we design and execute elite residential and commercial projects. Our team of expert pool builders specializes in custom in-ground pool construction and luxury pool remodeling. From North to South Florida, we are the licensed contractors homeowners trust for high-end craftsmanship and lasting value.",https://cdn.prod.website-files.com/6a8f67a39235e3662e5721fe/6a8f67a39235e3662e5726aa_6951f7be1660c0941ab98250_custom-pool-pergola-outdoor-living-contractors-fl%2520(1).webp,"Modern custom pool with clear water, light stone deck, manicured lawn and pergola lounge in Ocean Ridge, FL.",https://cdn.prod.website-files.com/6a8f67a39235e3662e5721fe/6a8f67a39235e3662e5726a9_6951f7c47e193677e64dea99_luxury-outdoor-kitchen-pool-backyard-design-florida%2520(1).webp,"Luxury pool with blue LED lights, outdoor kitchen and bar for evening entertaining in Ocean Ridge, FL.",https://cdn.prod.website-files.com/6a8f67a39235e3662e5721fe/6a8f67a39235e3662e5726a8_6951f7cb5aa4e76b5716af79_luxury-pool-builders-outdoor-living-florida%2520(1).webp,"Modern pool with integrated spa, pergola and outdoor kitchen for a private tropical retreat in Ocean Ridge, FL.",3D Pool Design & Visualization,Preview your pool & outdoor space in Ocean Ridge with our 3D design before construction.,Pool Features & Upgrades,"Elevate your pool with spas, waterfalls & lighting for an outdoor oasis in Ocean Ridge.",Project Showcase,Browse our Ocean Ridge portfolio of waterfront pools & outdoor spaces to inspire your design.,What Our Clients Say,Homeowners trust us for custom pools & outdoor living in Ocean Ridge. Read our reviews.,Outdoor Living & Pool Blog,"Explore tips and insights on pools & outdoor living in Ocean Ridge, FL."
Old Town,old-town-florida,6a8f67a39235e3662e5722b0,6a8f67a39235e3662e5721ff,6a8f67a39235e3662e5727e7,false,false,Tue Jan 06 2026 20:21:39 GMT+0000 (Coordinated Universal Time),Thu Jan 29 2026 02:31:35 GMT+0000 (Coordinated Universal Time),,custom-pool-builders-dixie-county-fl,"Luxury Pools & Outdoor Living in Old Town, FL | Mr & Mrs","Transform your Old Town, FL estate with custom pools, outdoor kitchens & outdoor living tailored for spacious rural properties. Schedule a free consultation.","Luxury Pool Builders & Outdoor Living Contractors in Old Town, Florida","All In One - Custom pools, pergolas & outdoor kitchens Contractors for your backyard in Old Town, Florida","Professional custom pool builders in Old Town, Florida. We specialize in new pool construction, pool remodeling, and luxury pool design for homeowners in North Florida.",Licensed Pool Builders & Outdoor living contractors In Old Town,"As premier outdoor living contractors in Old Town, FL, we design and execute elite residential and commercial projects. Our team of expert pool builders specializes in custom in-ground pool construction and luxury pool remodeling. From North to South Florida, we are the licensed contractors homeowners trust for high-end craftsmanship and lasting value.",https://cdn.prod.website-files.com/6a8f67a39235e3662e5721fe/6a8f67a39235e3662e5726aa_6951f7be1660c0941ab98250_custom-pool-pergola-outdoor-living-contractors-fl%2520(1).webp,"Modern custom pool with clear water, light stone deck, manicured lawn and pergola lounge in Old Town, FL.",https://cdn.prod.website-files.com/6a8f67a39235e3662e5721fe/6a8f67a39235e3662e5726a9_6951f7c47e193677e64dea99_luxury-outdoor-kitchen-pool-backyard-design-florida%2520(1).webp,"Luxury pool with blue LED lights, outdoor kitchen and bar for evening entertaining in Old Town, FL.",https://cdn.prod.website-files.com/6a8f67a39235e3662e5721fe/6a8f67a39235e3662e5726a8_6951f7cb5aa4e76b5716af79_luxury-pool-builders-outdoor-living-florida%2520(1).webp,"Modern pool with integrated spa, pergola and outdoor kitchen for a private tropical retreat in Old Town, FL.",3D Pool Design & Visualization,Preview your pool & outdoor space in Old Town with our 3D design before construction.,Pool Features & Upgrades,"Elevate your pool with spas, waterfalls & lighting for an outdoor oasis in Old Town.",Project Showcase,Browse our Old Town portfolio of rural pools & outdoor spaces to inspire your design.,What Our Clients Say,Homeowners trust us for custom pools & outdoor living in Old Town. Read our reviews.,Outdoor Living & Pool Blog,"Explore tips and insights on pools & outdoor living in Old Town, FL."
Palatka,palatka-florida,6a8f67a39235e3662e5722b0,6a8f67a39235e3662e5721ff,6a8f67a39235e3662e5727e8,false,false,Tue Jan 06 2026 20:21:41 GMT+0000 (Coordinated Universal Time),Thu Jan 29 2026 02:31:36 GMT+0000 (Coordinated Universal Time),,custom-pool-builders-putnam-county-fl,"Luxury Pools & Outdoor Living in Palatka, FL | Mr & Mrs","Transform your Palatka, FL estate with custom pools, outdoor kitchens & outdoor living tailored for spacious rural properties. Schedule a free consultation.","Luxury Pool Builders & Outdoor Living Contractors in Palatka, Florida","All In One - Custom pools, pergolas & outdoor kitchens Contractors for your backyard in Palatka, Florida","Professional custom pool builders in Palatka, Florida. We specialize in new pool construction, pool remodeling, and luxury pool design for homeowners in North Florida.",Licensed Pool Builders & Outdoor living contractors In Palatka,"As premier outdoor living contractors in Palatka, FL, we design and execute elite residential and commercial projects. Our team of expert pool builders specializes in custom in-ground pool construction and luxury pool remodeling. From North to South Florida, we are the licensed contractors homeowners trust for high-end craftsmanship and lasting value.",https://cdn.prod.website-files.com/6a8f67a39235e3662e5721fe/6a8f67a39235e3662e5726aa_6951f7be1660c0941ab98250_custom-pool-pergola-outdoor-living-contractors-fl%2520(1).webp,"Modern custom pool with clear water, light stone deck, manicured lawn and pergola lounge in Palatka, FL.",https://cdn.prod.website-files.com/6a8f67a39235e3662e5721fe/6a8f67a39235e3662e5726a9_6951f7c47e193677e64dea99_luxury-outdoor-kitchen-pool-backyard-design-florida%2520(1).webp,"Luxury pool with blue LED lights, outdoor kitchen and bar for evening entertaining in Palatka, FL.",https://cdn.prod.website-files.com/6a8f67a39235e3662e5721fe/6a8f67a39235e3662e5726a8_6951f7cb5aa4e76b5716af79_luxury-pool-builders-outdoor-living-florida%2520(1).webp,"Modern pool with integrated spa, pergola and outdoor kitchen for a private tropical retreat in Palatka, FL.",3D Pool Design & Visualization,Preview your pool & outdoor space in Palatka with our 3D design before construction.,Pool Features & Upgrades,"Elevate your pool with spas, waterfalls & lighting for an outdoor oasis in Palatka.",Project Showcase,Browse our Palatka portfolio of rural pools & outdoor spaces to inspire your design.,What Our Clients Say,Homeowners trust us for custom pools & outdoor living in Palatka. Read our reviews.,Outdoor Living & Pool Blog,"Explore tips and insights on pools & outdoor living in Palatka, FL."
Palm Beach Gardens,palm-beach-gardens-florida,6a8f67a39235e3662e5722b0,6a8f67a39235e3662e5721ff,6a8f67a39235e3662e5727e9,false,false,Tue Jan 06 2026 20:21:40 GMT+0000 (Coordinated Universal Time),Thu Jan 29 2026 02:31:35 GMT+0000 (Coordinated Universal Time),,custom-pool-builders-palm-beach-county-fl,"Luxury Pool Builders in Palm Beach Gardens, FL | Mr & Mrs","Transform your Palm Beach Gardens, FL backyard with custom pools, outdoor kitchens & outdoor living by local experts. Schedule a free consultation.","Luxury Pool Builders & Outdoor Living Contractors in Palm Beach Gardens, Florida","All In One - Custom pools, pergolas & outdoor kitchens Contractors for your backyard in Palm Beach Gardens, Florida","Professional custom pool builders in Palm Beach Gardens, Florida. We specialize in new pool construction, pool remodeling, and luxury pool design for homeowners in South Florida.",Licensed Pool Builders & Outdoor living contractors In Palm Beach Gardens,"As premier outdoor living contractors in Palm Beach Gardens, FL, we design and execute elite residential and commercial projects. Our team of expert pool builders specializes in custom in-ground pool construction and luxury pool remodeling. From North to South Florida, we are the licensed contractors homeowners trust for high-end craftsmanship and lasting value.",https://cdn.prod.website-files.com/6a8f67a39235e3662e5721fe/6a8f67a39235e3662e5726aa_6951f7be1660c0941ab98250_custom-pool-pergola-outdoor-living-contractors-fl%2520(1).webp,"Modern custom pool with clear water, light stone deck, manicured lawn and pergola lounge in Palm Beach Gardens, FL.",https://cdn.prod.website-files.com/6a8f67a39235e3662e5721fe/6a8f67a39235e3662e5726a9_6951f7c47e193677e64dea99_luxury-outdoor-kitchen-pool-backyard-design-florida%2520(1).webp,"Luxury pool with blue LED lights, outdoor kitchen and bar for evening entertaining in Palm Beach Gardens, FL.",https://cdn.prod.website-files.com/6a8f67a39235e3662e5721fe/6a8f67a39235e3662e5726a8_6951f7cb5aa4e76b5716af79_luxury-pool-builders-outdoor-living-florida%2520(1).webp,"Modern pool with integrated spa, pergola and outdoor kitchen for a private tropical retreat in Palm Beach Gardens, FL.",3D Pool Design & Visualization,Preview your pool & outdoor space in Palm Beach Gardens with our 3D design before construction.,Pool Features & Upgrades,"Elevate your pool with spas, waterfalls & lighting for an outdoor oasis in Palm Beach Gardens.",Project Showcase,Browse our Palm Beach Gardens portfolio of waterfront pools & outdoor spaces to inspire your design.,What Our Clients Say,Homeowners trust us for custom pools & outdoor living in Palm Beach Gardens. Read our reviews.,Outdoor Living & Pool Blog,"Explore tips and insights on pools & outdoor living in Palm Beach Gardens, FL."
Parkland,parkland-florida,6a8f67a39235e3662e5722b0,6a8f67a39235e3662e5721ff,6a8f67a39235e3662e5727ea,false,false,Tue Jan 06 2026 20:21:40 GMT+0000 (Coordinated Universal Time),Thu Jan 29 2026 02:31:36 GMT+0000 (Coordinated Universal Time),,custom-pool-builders-broward-county-fl,"Luxury Pools & Outdoor Living in Parkland, FL | Mr & Mrs","Transform your Parkland, FL backyard with custom pools, outdoor kitchens & complete outdoor living for family-friendly homes. Schedule a free consultation.","Luxury Pool Builders & Outdoor Living Contractors in Parkland, Florida","All In One - Custom pools, pergolas & outdoor kitchens Contractors for your backyard in Parkland, Florida","Professional custom pool builders in Parkland, Florida. We specialize in new pool construction, pool remodeling, and luxury pool design for homeowners in South Florida.",Licensed Pool Builders & Outdoor living contractors In Parkland,"As premier outdoor living contractors in Parkland, FL, we design and execute elite residential and commercial projects. Our team of expert pool builders specializes in custom in-ground pool construction and luxury pool remodeling. From North to South Florida, we are the licensed contractors homeowners trust for high-end craftsmanship and lasting value.",https://cdn.prod.website-files.com/6a8f67a39235e3662e5721fe/6a8f67a39235e3662e5726aa_6951f7be1660c0941ab98250_custom-pool-pergola-outdoor-living-contractors-fl%2520(1).webp,"Modern custom pool with clear water, light stone deck, manicured lawn and pergola lounge in Parkland, FL.",https://cdn.prod.website-files.com/6a8f67a39235e3662e5721fe/6a8f67a39235e3662e5726a9_6951f7c47e193677e64dea99_luxury-outdoor-kitchen-pool-backyard-design-florida%2520(1).webp,"Luxury pool with blue LED lights, outdoor kitchen and bar for evening entertaining in Parkland, FL.",https://cdn.prod.website-files.com/6a8f67a39235e3662e5721fe/6a8f67a39235e3662e5726a8_6951f7cb5aa4e76b5716af79_luxury-pool-builders-outdoor-living-florida%2520(1).webp,"Modern pool with integrated spa, pergola and outdoor kitchen for a private tropical retreat in Parkland, FL.",3D Pool Design & Visualization,Preview your pool & outdoor space in Parkland with our 3D design before construction.,Pool Features & Upgrades,"Elevate your pool with spas, waterfalls & lighting for an outdoor oasis in Parkland.",Project Showcase,Browse our Parkland portfolio of family pools & outdoor spaces to inspire your design.,What Our Clients Say,Homeowners trust us for custom pools & outdoor living in Parkland. Read our reviews.,Outdoor Living & Pool Blog,"Explore tips and insights on pools & outdoor living in Parkland, FL."
Pembroke Pines,pembroke-pines-florida,6a8f67a39235e3662e5722b0,6a8f67a39235e3662e5721ff,6a8f67a39235e3662e5727eb,false,false,Tue Jan 06 2026 20:21:41 GMT+0000 (Coordinated Universal Time),Thu Jan 29 2026 02:31:36 GMT+0000 (Coordinated Universal Time),,custom-pool-builders-broward-county-fl,"Luxury Pool Builders in Pembroke Pines, FL | Mr & Mrs","Transform your Pembroke Pines, FL backyard with custom pools, outdoor kitchens & outdoor living for family-friendly homes. Schedule a free consultation.","Luxury Pool Builders & Outdoor Living Contractors in Pembroke Pines, Florida","All In One - Custom pools, pergolas & outdoor kitchens Contractors for your backyard in Pembroke Pines, Florida","Professional custom pool builders in Pembroke Pines, Florida. We specialize in new pool construction, pool remodeling, and luxury pool design for homeowners in South Florida.",Licensed Pool Builders & Outdoor living contractors In Pembroke Pines,"As premier outdoor living contractors in Pembroke Pines, FL, we design and execute elite residential and commercial projects. Our team of expert pool builders specializes in custom in-ground pool construction and luxury pool remodeling. From North to South Florida, we are the licensed contractors homeowners trust for high-end craftsmanship and lasting value.",https://cdn.prod.website-files.com/6a8f67a39235e3662e5721fe/6a8f67a39235e3662e5726aa_6951f7be1660c0941ab98250_custom-pool-pergola-outdoor-living-contractors-fl%2520(1).webp,"Modern custom pool with clear water, light stone deck, manicured lawn and pergola lounge in Pembroke Pines, FL.",https://cdn.prod.website-files.com/6a8f67a39235e3662e5721fe/6a8f67a39235e3662e5726a9_6951f7c47e193677e64dea99_luxury-outdoor-kitchen-pool-backyard-design-florida%2520(1).webp,"Luxury pool with blue LED lights, outdoor kitchen and bar for evening entertaining in Pembroke Pines, FL.",https://cdn.prod.website-files.com/6a8f67a39235e3662e5721fe/6a8f67a39235e3662e5726a8_6951f7cb5aa4e76b5716af79_luxury-pool-builders-outdoor-living-florida%2520(1).webp,"Modern pool with integrated spa, pergola and outdoor kitchen for a private tropical retreat in Pembroke Pines, FL.",3D Pool Design & Visualization,Preview your pool & outdoor space in Pembroke Pines with our 3D design before construction.,Pool Features & Upgrades,"Elevate your pool with spas, waterfalls & lighting for an outdoor oasis in Pembroke Pines.",Project Showcase,Browse our Pembroke Pines portfolio of family pools & outdoor spaces to inspire your design.,What Our Clients Say,Homeowners trust us for custom pools & outdoor living in Pembroke Pines. Read our reviews.,Outdoor Living & Pool Blog,"Explore tips and insights on pools & outdoor living in Pembroke Pines, FL."
Plantation,plantation-florida,6a8f67a39235e3662e5722b0,6a8f67a39235e3662e5721ff,6a8f67a39235e3662e5727ec,false,false,Tue Jan 06 2026 20:21:41 GMT+0000 (Coordinated Universal Time),Thu Jan 29 2026 02:31:35 GMT+0000 (Coordinated Universal Time),,custom-pool-builders-broward-county-fl,"Luxury Pools & Outdoor Living in Plantation, FL | Mr & Mrs","Transform your Plantation, FL backyard with custom pools, outdoor kitchens & complete outdoor living for family-friendly homes. Schedule a free consultation.","Luxury Pool Builders & Outdoor Living Contractors in Plantation, Florida","All In One - Custom pools, pergolas & outdoor kitchens Contractors for your backyard in Plantation, Florida","Professional custom pool builders in Plantation, Florida. We specialize in new pool construction, pool remodeling, and luxury pool design for homeowners in South Florida.",Licensed Pool Builders & Outdoor living contractors In Plantation,"As premier outdoor living contractors in Plantation, FL, we design and execute elite residential and commercial projects. Our team of expert pool builders specializes in custom in-ground pool construction and luxury pool remodeling. From North to South Florida, we are the licensed contractors homeowners trust for high-end craftsmanship and lasting value.",https://cdn.prod.website-files.com/6a8f67a39235e3662e5721fe/6a8f67a39235e3662e5726aa_6951f7be1660c0941ab98250_custom-pool-pergola-outdoor-living-contractors-fl%2520(1).webp,"Modern custom pool with clear water, light stone deck, manicured lawn and pergola lounge in Plantation, FL.",https://cdn.prod.website-files.com/6a8f67a39235e3662e5721fe/6a8f67a39235e3662e5726a9_6951f7c47e193677e64dea99_luxury-outdoor-kitchen-pool-backyard-design-florida%2520(1).webp,"Luxury pool with blue LED lights, outdoor kitchen and bar for evening entertaining in Plantation, FL.",https://cdn.prod.website-files.com/6a8f67a39235e3662e5721fe/6a8f67a39235e3662e5726a8_6951f7cb5aa4e76b5716af79_luxury-pool-builders-outdoor-living-florida%2520(1).webp,"Modern pool with integrated spa, pergola and outdoor kitchen for a private tropical retreat in Plantation, FL.",3D Pool Design & Visualization,Preview your pool & outdoor space in Plantation with our 3D design before construction.,Pool Features & Upgrades,"Elevate your pool with spas, waterfalls & lighting for an outdoor oasis in Plantation.",Project Showcase,Browse our Plantation portfolio of family pools & outdoor spaces to inspire your design.,What Our Clients Say,Homeowners trust us for custom pools & outdoor living in Plantation. Read our reviews.,Outdoor Living & Pool Blog,"Explore tips and insights on pools & outdoor living in Plantation, FL."
Pompano Beach,pompano-beach-florida,6a8f67a39235e3662e5722b0,6a8f67a39235e3662e5721ff,6a8f67a39235e3662e5727ed,false,false,Tue Jan 06 2026 20:21:41 GMT+0000 (Coordinated Universal Time),Thu Jan 29 2026 02:31:35 GMT+0000 (Coordinated Universal Time),,custom-pool-builders-broward-county-fl,"Luxury Pool Builders in Pompano Beach, FL | Mr & Mrs","Transform your Pompano Beach, FL backyard with custom pools, outdoor kitchens & outdoor living by local experts. Schedule a free consultation.","Luxury Pool Builders & Outdoor Living Contractors in Pompano Beach, Florida","All In One - Custom pools, pergolas & outdoor kitchens Contractors for your backyard in Pompano Beach, Florida","Professional custom pool builders in Pompano Beach, Florida. We specialize in new pool construction, pool remodeling, and luxury pool design for homeowners in South Florida.",Licensed Pool Builders & Outdoor living contractors In Pompano Beach,"As premier outdoor living contractors in Pompano Beach, FL, we design and execute elite residential and commercial projects. Our team of expert pool builders specializes in custom in-ground pool construction and luxury pool remodeling. From North to South Florida, we are the licensed contractors homeowners trust for high-end craftsmanship and lasting value.",https://cdn.prod.website-files.com/6a8f67a39235e3662e5721fe/6a8f67a39235e3662e5726aa_6951f7be1660c0941ab98250_custom-pool-pergola-outdoor-living-contractors-fl%2520(1).webp,"Modern custom pool with clear water, light stone deck, manicured lawn and pergola lounge in Pompano Beach, FL.",https://cdn.prod.website-files.com/6a8f67a39235e3662e5721fe/6a8f67a39235e3662e5726a9_6951f7c47e193677e64dea99_luxury-outdoor-kitchen-pool-backyard-design-florida%2520(1).webp,"Luxury pool with blue LED lights, outdoor kitchen and bar for evening entertaining in Pompano Beach, FL.",https://cdn.prod.website-files.com/6a8f67a39235e3662e5721fe/6a8f67a39235e3662e5726a8_6951f7cb5aa4e76b5716af79_luxury-pool-builders-outdoor-living-florida%2520(1).webp,"Modern pool with integrated spa, pergola and outdoor kitchen for a private tropical retreat in Pompano Beach, FL.",3D Pool Design & Visualization,Preview your pool & outdoor space in Pompano Beach with our 3D design before construction.,Pool Features & Upgrades,"Elevate your pool with spas, waterfalls & lighting for an outdoor oasis in Pompano Beach.",Project Showcase,Browse our Pompano Beach portfolio of waterfront pools & outdoor spaces to inspire your design.,What Our Clients Say,Homeowners trust us for custom pools & outdoor living in Pompano Beach. Read our reviews.,Outdoor Living & Pool Blog,"Explore tips and insights on pools & outdoor living in Pompano Beach, FL."
Reddick,reddick-florida,6a8f67a39235e3662e5722b0,6a8f67a39235e3662e5721ff,6a8f67a39235e3662e5727ee,false,false,Tue Jan 06 2026 20:21:42 GMT+0000 (Coordinated Universal Time),Thu Jan 29 2026 02:31:35 GMT+0000 (Coordinated Universal Time),,custom-pool-builders-marion-county-fl,"Luxury Pools & Outdoor Living in Reddick, FL | Mr & Mrs","Transform your Reddick, FL estate with custom pools, outdoor kitchens & outdoor living tailored for spacious rural properties. Schedule a free consultation.","Luxury Pool Builders & Outdoor Living Contractors in Reddick, Florida","All In One - Custom pools, pergolas & outdoor kitchens Contractors for your backyard in Reddick, Florida","Professional custom pool builders in Reddick, Florida. We specialize in new pool construction, pool remodeling, and luxury pool design for homeowners in North Florida.",Licensed Pool Builders & Outdoor living contractors In Reddick,"As premier outdoor living contractors in Reddick, FL, we design and execute elite residential and commercial projects. Our team of expert pool builders specializes in custom in-ground pool construction and luxury pool remodeling. From North to South Florida, we are the licensed contractors homeowners trust for high-end craftsmanship and lasting value.",https://cdn.prod.website-files.com/6a8f67a39235e3662e5721fe/6a8f67a39235e3662e5726aa_6951f7be1660c0941ab98250_custom-pool-pergola-outdoor-living-contractors-fl%2520(1).webp,"Modern custom pool with clear water, light stone deck, manicured lawn and pergola lounge in Reddick, FL.",https://cdn.prod.website-files.com/6a8f67a39235e3662e5721fe/6a8f67a39235e3662e5726a9_6951f7c47e193677e64dea99_luxury-outdoor-kitchen-pool-backyard-design-florida%2520(1).webp,"Luxury pool with blue LED lights, outdoor kitchen and bar for evening entertaining in Reddick, FL.",https://cdn.prod.website-files.com/6a8f67a39235e3662e5721fe/6a8f67a39235e3662e5726a8_6951f7cb5aa4e76b5716af79_luxury-pool-builders-outdoor-living-florida%2520(1).webp,"Modern pool with integrated spa, pergola and outdoor kitchen for a private tropical retreat in Reddick, FL.",3D Pool Design & Visualization,Preview your pool & outdoor space in Reddick with our 3D design before construction.,Pool Features & Upgrades,"Elevate your pool with spas, waterfalls & lighting for an outdoor oasis in Reddick.",Project Showcase,Browse our Reddick portfolio of rural pools & outdoor spaces to inspire your design.,What Our Clients Say,Homeowners trust us for custom pools & outdoor living in Reddick. Read our reviews.,Outdoor Living & Pool Blog,"Explore tips and insights on pools & outdoor living in Reddick, FL."
Royal Palm Beach,royal-palm-beach-florida,6a8f67a39235e3662e5722b0,6a8f67a39235e3662e5721ff,6a8f67a39235e3662e5727ef,false,false,Tue Jan 06 2026 20:21:43 GMT+0000 (Coordinated Universal Time),Thu Jan 29 2026 02:31:35 GMT+0000 (Coordinated Universal Time),,custom-pool-builders-palm-beach-county-fl,"Luxury Pool Builders in Royal Palm Beach, FL | Mr & Mrs","Transform your Royal Palm Beach, FL backyard with custom pools, outdoor kitchens & outdoor living for family-friendly homes. Schedule a free consultation.","Luxury Pool Builders & Outdoor Living Contractors in Royal Palm Beach, Florida","All In One - Custom pools, pergolas & outdoor kitchens Contractors for your backyard in Royal Palm Beach, Florida","Professional custom pool builders in Royal Palm Beach, Florida. We specialize in new pool construction, pool remodeling, and luxury pool design for homeowners in South Florida.",Licensed Pool Builders & Outdoor living contractors In Royal Palm Beach,"As premier outdoor living contractors in Royal Palm Beach, FL, we design and execute elite residential and commercial projects. Our team of expert pool builders specializes in custom in-ground pool construction and luxury pool remodeling. From North to South Florida, we are the licensed contractors homeowners trust for high-end craftsmanship and lasting value.",https://cdn.prod.website-files.com/6a8f67a39235e3662e5721fe/6a8f67a39235e3662e5726aa_6951f7be1660c0941ab98250_custom-pool-pergola-outdoor-living-contractors-fl%2520(1).webp,"Modern custom pool with clear water, light stone deck, manicured lawn and pergola lounge in Royal Palm Beach, FL.",https://cdn.prod.website-files.com/6a8f67a39235e3662e5721fe/6a8f67a39235e3662e5726a9_6951f7c47e193677e64dea99_luxury-outdoor-kitchen-pool-backyard-design-florida%2520(1).webp,"Luxury pool with blue LED lights, outdoor kitchen and bar for evening entertaining in Royal Palm Beach, FL.",https://cdn.prod.website-files.com/6a8f67a39235e3662e5721fe/6a8f67a39235e3662e5726a8_6951f7cb5aa4e76b5716af79_luxury-pool-builders-outdoor-living-florida%2520(1).webp,"Modern pool with integrated spa, pergola and outdoor kitchen for a private tropical retreat in Royal Palm Beach, FL.",3D Pool Design & Visualization,Preview your pool & outdoor space in Royal Palm Beach with our 3D design before construction.,Pool Features & Upgrades,"Elevate your pool with spas, waterfalls & lighting for an outdoor oasis in Royal Palm Beach.",Project Showcase,Browse our Royal Palm Beach portfolio of family pools & outdoor spaces to inspire your design.,What Our Clients Say,Homeowners trust us for custom pools & outdoor living in Royal Palm Beach. Read our reviews.,Outdoor Living & Pool Blog,"Explore tips and insights on pools & outdoor living in Royal Palm Beach, FL."
South Palm Beach,south-palm-beach-florida,6a8f67a39235e3662e5722b0,6a8f67a39235e3662e5721ff,6a8f67a39235e3662e5727f0,false,false,Tue Jan 06 2026 20:21:42 GMT+0000 (Coordinated Universal Time),Thu Jan 29 2026 02:31:35 GMT+0000 (Coordinated Universal Time),,custom-pool-builders-palm-beach-county-fl,"Luxury Pool Builders in South Palm Beach, FL | Mr & Mrs","Transform your South Palm Beach, FL backyard with custom pools, outdoor kitchens & outdoor living by local experts. Schedule a free consultation.","Luxury Pool Builders & Outdoor Living Contractors in South Palm Beach, Florida","All In One - Custom pools, pergolas & outdoor kitchens Contractors for your backyard in South Palm Beach, Florida","Professional custom pool builders in South Palm Beach, Florida. We specialize in new pool construction, pool remodeling, and luxury pool design for homeowners in South Florida.",Licensed Pool Builders & Outdoor living contractors In South Palm Beach,"As premier outdoor living contractors in South Palm Beach, FL, we design and execute elite residential and commercial projects. Our team of expert pool builders specializes in custom in-ground pool construction and luxury pool remodeling. From North to South Florida, we are the licensed contractors homeowners trust for high-end craftsmanship and lasting value.",https://cdn.prod.website-files.com/6a8f67a39235e3662e5721fe/6a8f67a39235e3662e5726aa_6951f7be1660c0941ab98250_custom-pool-pergola-outdoor-living-contractors-fl%2520(1).webp,"Modern custom pool with clear water, light stone deck, manicured lawn and pergola lounge in South Palm Beach, FL.",https://cdn.prod.website-files.com/6a8f67a39235e3662e5721fe/6a8f67a39235e3662e5726a9_6951f7c47e193677e64dea99_luxury-outdoor-kitchen-pool-backyard-design-florida%2520(1).webp,"Luxury pool with blue LED lights, outdoor kitchen and bar for evening entertaining in South Palm Beach, FL.",https://cdn.prod.website-files.com/6a8f67a39235e3662e5721fe/6a8f67a39235e3662e5726a8_6951f7cb5aa4e76b5716af79_luxury-pool-builders-outdoor-living-florida%2520(1).webp,"Modern pool with integrated spa, pergola and outdoor kitchen for a private tropical retreat in South Palm Beach, FL.",3D Pool Design & Visualization,Preview your pool & outdoor space in South Palm Beach with our 3D design before construction.,Pool Features & Upgrades,"Elevate your pool with spas, waterfalls & lighting for an outdoor oasis in South Palm Beach.",Project Showcase,Browse our South Palm Beach portfolio of waterfront pools & outdoor spaces to inspire your design.,What Our Clients Say,Homeowners trust us for custom pools & outdoor living in South Palm Beach. Read our reviews.,Outdoor Living & Pool Blog,"Explore tips and insights on pools & outdoor living in South Palm Beach, FL."
Southwest Ranches,southwest-ranches-florida,6a8f67a39235e3662e5722b0,6a8f67a39235e3662e5721ff,6a8f67a39235e3662e5727f1,false,false,Tue Jan 06 2026 20:21:43 GMT+0000 (Coordinated Universal Time),Thu Jan 29 2026 02:31:35 GMT+0000 (Coordinated Universal Time),,custom-pool-builders-broward-county-fl,"Luxury Pool Builders in Southwest Ranches, FL | Mr & Mrs","Transform your Southwest Ranches, FL estate with custom pools, outdoor kitchens & outdoor living for luxury and equestrian lifestyles. Schedule a free consulta","Luxury Pool Builders & Outdoor Living Contractors in Southwest Ranches, Florida","All In One - Custom pools, pergolas & outdoor kitchens Contractors for your backyard in Southwest Ranches, Florida","Professional custom pool builders in Southwest Ranches, Florida. We specialize in new pool construction, pool remodeling, and luxury pool design for homeowners in South Florida.",Licensed Pool Builders & Outdoor living contractors In Southwest Ranches,"As premier outdoor living contractors in Southwest Ranches, FL, we design and execute elite residential and commercial projects. Our team of expert pool builders specializes in custom in-ground pool construction and luxury pool remodeling. From North to South Florida, we are the licensed contractors homeowners trust for high-end craftsmanship and lasting value.",https://cdn.prod.website-files.com/6a8f67a39235e3662e5721fe/6a8f67a39235e3662e5726aa_6951f7be1660c0941ab98250_custom-pool-pergola-outdoor-living-contractors-fl%2520(1).webp,"Modern custom pool with clear water, light stone deck, manicured lawn and pergola lounge in Southwest Ranches, FL.",https://cdn.prod.website-files.com/6a8f67a39235e3662e5721fe/6a8f67a39235e3662e5726a9_6951f7c47e193677e64dea99_luxury-outdoor-kitchen-pool-backyard-design-florida%2520(1).webp,"Luxury pool with blue LED lights, outdoor kitchen and bar for evening entertaining in Southwest Ranches, FL.",https://cdn.prod.website-files.com/6a8f67a39235e3662e5721fe/6a8f67a39235e3662e5726a8_6951f7cb5aa4e76b5716af79_luxury-pool-builders-outdoor-living-florida%2520(1).webp,"Modern pool with integrated spa, pergola and outdoor kitchen for a private tropical retreat in Southwest Ranches, FL.",3D Pool Design & Visualization,Preview your pool & outdoor space in Southwest Ranches with our 3D design before construction.,Pool Features & Upgrades,"Elevate your pool with spas, waterfalls & lighting for an outdoor oasis in Southwest Ranches.",Project Showcase,Browse our Southwest Ranches portfolio of luxury pools & outdoor spaces to inspire your design.,What Our Clients Say,Homeowners trust us for custom pools & outdoor living in Southwest Ranches. Read our reviews.,Outdoor Living & Pool Blog,"Explore tips and insights on pools & outdoor living in Southwest Ranches, FL."
Tequesta,tequesta-florida,6a8f67a39235e3662e5722b0,6a8f67a39235e3662e5721ff,6a8f67a39235e3662e5727f2,false,false,Tue Jan 06 2026 20:21:43 GMT+0000 (Coordinated Universal Time),Thu Jan 29 2026 02:31:36 GMT+0000 (Coordinated Universal Time),,custom-pool-builders-palm-beach-county-fl,"Luxury Pools & Outdoor Living in Tequesta, FL | Mr & Mrs","Transform your Tequesta, FL waterfront backyard with custom pools, outdoor kitchens & complete outdoor living by local experts. Schedule a free consultation.","Luxury Pool Builders & Outdoor Living Contractors in Tequesta, Florida","All In One - Custom pools, pergolas & outdoor kitchens Contractors for your backyard in Tequesta, Florida","Professional custom pool builders in Tequesta, Florida. We specialize in new pool construction, pool remodeling, and luxury pool design for homeowners in South Florida.",Licensed Pool Builders & Outdoor living contractors In Tequesta,"As premier outdoor living contractors in Tequesta, FL, we design and execute elite residential and commercial projects. Our team of expert pool builders specializes in custom in-ground pool construction and luxury pool remodeling. From North to South Florida, we are the licensed contractors homeowners trust for high-end craftsmanship and lasting value.",https://cdn.prod.website-files.com/6a8f67a39235e3662e5721fe/6a8f67a39235e3662e5726aa_6951f7be1660c0941ab98250_custom-pool-pergola-outdoor-living-contractors-fl%2520(1).webp,"Modern custom pool with clear water, light stone deck, manicured lawn and pergola lounge in Tequesta, FL.",https://cdn.prod.website-files.com/6a8f67a39235e3662e5721fe/6a8f67a39235e3662e5726a9_6951f7c47e193677e64dea99_luxury-outdoor-kitchen-pool-backyard-design-florida%2520(1).webp,"Luxury pool with blue LED lights, outdoor kitchen and bar for evening entertaining in Tequesta, FL.",https://cdn.prod.website-files.com/6a8f67a39235e3662e5721fe/6a8f67a39235e3662e5726a8_6951f7cb5aa4e76b5716af79_luxury-pool-builders-outdoor-living-florida%2520(1).webp,"Modern pool with integrated spa, pergola and outdoor kitchen for a private tropical retreat in Tequesta, FL.",3D Pool Design & Visualization,Preview your pool & outdoor space in Tequesta with our 3D design before construction.,Pool Features & Upgrades,"Elevate your pool with spas, waterfalls & lighting for an outdoor oasis in Tequesta.",Project Showcase,Browse our Tequesta portfolio of waterfront pools & outdoor spaces to inspire your design.,What Our Clients Say,Homeowners trust us for custom pools & outdoor living in Tequesta. Read our reviews.,Outdoor Living & Pool Blog,"Explore tips and insights on pools & outdoor living in Tequesta, FL."
Trenton,trenton-florida,6a8f67a39235e3662e5722b0,6a8f67a39235e3662e5721ff,6a8f67a39235e3662e5727f3,false,false,Tue Jan 06 2026 20:21:44 GMT+0000 (Coordinated Universal Time),Thu Jan 29 2026 02:31:35 GMT+0000 (Coordinated Universal Time),,custom-pool-builders-gilchrist-county-fl,"Luxury Pools & Outdoor Living in Trenton, FL | Mr & Mrs","Transform your Trenton, FL estate with custom pools, outdoor kitchens & outdoor living tailored for spacious rural properties. Schedule a free consultation.","Luxury Pool Builders & Outdoor Living Contractors in Trenton, Florida","All In One - Custom pools, pergolas & outdoor kitchens Contractors for your backyard in Trenton, Florida","Professional custom pool builders in Trenton, Florida. We specialize in new pool construction, pool remodeling, and luxury pool design for homeowners in North Florida.",Licensed Pool Builders & Outdoor living contractors In Trenton,"As premier outdoor living contractors in Trenton, FL, we design and execute elite residential and commercial projects. Our team of expert pool builders specializes in custom in-ground pool construction and luxury pool remodeling. From North to South Florida, we are the licensed contractors homeowners trust for high-end craftsmanship and lasting value.",https://cdn.prod.website-files.com/6a8f67a39235e3662e5721fe/6a8f67a39235e3662e5726aa_6951f7be1660c0941ab98250_custom-pool-pergola-outdoor-living-contractors-fl%2520(1).webp,"Modern custom pool with clear water, light stone deck, manicured lawn and pergola lounge in Trenton, FL.",https://cdn.prod.website-files.com/6a8f67a39235e3662e5721fe/6a8f67a39235e3662e5726a9_6951f7c47e193677e64dea99_luxury-outdoor-kitchen-pool-backyard-design-florida%2520(1).webp,"Luxury pool with blue LED lights, outdoor kitchen and bar for evening entertaining in Trenton, FL.",https://cdn.prod.website-files.com/6a8f67a39235e3662e5721fe/6a8f67a39235e3662e5726a8_6951f7cb5aa4e76b5716af79_luxury-pool-builders-outdoor-living-florida%2520(1).webp,"Modern pool with integrated spa, pergola and outdoor kitchen for a private tropical retreat in Trenton, FL.",3D Pool Design & Visualization,Preview your pool & outdoor space in Trenton with our 3D design before construction.,Pool Features & Upgrades,"Elevate your pool with spas, waterfalls & lighting for an outdoor oasis in Trenton.",Project Showcase,Browse our Trenton portfolio of rural pools & outdoor spaces to inspire your design.,What Our Clients Say,Homeowners trust us for custom pools & outdoor living in Trenton. Read our reviews.,Outdoor Living & Pool Blog,"Explore tips and insights on pools & outdoor living in Trenton, FL."
Waldo,waldo-florida,6a8f67a39235e3662e5722b0,6a8f67a39235e3662e5721ff,6a8f67a39235e3662e5727f4,false,false,Tue Jan 06 2026 20:21:44 GMT+0000 (Coordinated Universal Time),Thu Jan 29 2026 02:31:35 GMT+0000 (Coordinated Universal Time),,custom-pool-builders-alachua-county-fl,"Luxury Pools & Outdoor Living in Waldo, FL | Mr & Mrs","Transform your Waldo, FL estate with custom pools, outdoor kitchens & outdoor living tailored for spacious rural properties. Schedule a free consultation.","Luxury Pool Builders & Outdoor Living Contractors in Waldo, Florida","All In One - Custom pools, pergolas & outdoor kitchens Contractors for your backyard in Waldo, Florida","Professional custom pool builders in Waldo, Florida. We specialize in new pool construction, pool remodeling, and luxury pool design for homeowners in North Florida.",Licensed Pool Builders & Outdoor living contractors In Waldo,"As premier outdoor living contractors in Waldo, FL, we design and execute elite residential and commercial projects. Our team of expert pool builders specializes in custom in-ground pool construction and luxury pool remodeling. From North to South Florida, we are the licensed contractors homeowners trust for high-end craftsmanship and lasting value.",https://cdn.prod.website-files.com/6a8f67a39235e3662e5721fe/6a8f67a39235e3662e5726aa_6951f7be1660c0941ab98250_custom-pool-pergola-outdoor-living-contractors-fl%2520(1).webp,"Modern custom pool with clear water, light stone deck, manicured lawn and pergola lounge in Waldo, FL.",https://cdn.prod.website-files.com/6a8f67a39235e3662e5721fe/6a8f67a39235e3662e5726a9_6951f7c47e193677e64dea99_luxury-outdoor-kitchen-pool-backyard-design-florida%2520(1).webp,"Luxury pool with blue LED lights, outdoor kitchen and bar for evening entertaining in Waldo, FL.",https://cdn.prod.website-files.com/6a8f67a39235e3662e5721fe/6a8f67a39235e3662e5726a8_6951f7cb5aa4e76b5716af79_luxury-pool-builders-outdoor-living-florida%2520(1).webp,"Modern pool with integrated spa, pergola and outdoor kitchen for a private tropical retreat in Waldo, FL.",3D Pool Design & Visualization,Preview your pool & outdoor space in Waldo with our 3D design before construction.,Pool Features & Upgrades,"Elevate your pool with spas, waterfalls & lighting for an outdoor oasis in Waldo.",Project Showcase,Browse our Waldo portfolio of rural pools & outdoor spaces to inspire your design.,What Our Clients Say,Homeowners trust us for custom pools & outdoor living in Waldo. Read our reviews.,Outdoor Living & Pool Blog,"Explore tips and insights on pools & outdoor living in Waldo, FL."
Wellington,wellington-florida,6a8f67a39235e3662e5722b0,6a8f67a39235e3662e5721ff,6a8f67a39235e3662e5727f5,false,false,Tue Jan 06 2026 20:21:44 GMT+0000 (Coordinated Universal Time),Thu Jan 29 2026 02:31:35 GMT+0000 (Coordinated Universal Time),,custom-pool-builders-palm-beach-county-fl,"Luxury Pools & Outdoor Living in Wellington, FL | Mr & Mrs","Transform your Wellington, FL estate with custom pools, outdoor kitchens & outdoor living for luxury and equestrian lifestyles. Schedule a free consultation.","Luxury Pool Builders & Outdoor Living Contractors in Wellington, Florida","All In One - Custom pools, pergolas & outdoor kitchens Contractors for your backyard in Wellington, Florida","Professional custom pool builders in Wellington, Florida. We specialize in new pool construction, pool remodeling, and luxury pool design for homeowners in South Florida.",Licensed Pool Builders & Outdoor living contractors In Wellington,"As premier outdoor living contractors in Wellington, FL, we design and execute elite residential and commercial projects. Our team of expert pool builders specializes in custom in-ground pool construction and luxury pool remodeling. From North to South Florida, we are the licensed contractors homeowners trust for high-end craftsmanship and lasting value.",https://cdn.prod.website-files.com/6a8f67a39235e3662e5721fe/6a8f67a39235e3662e5726aa_6951f7be1660c0941ab98250_custom-pool-pergola-outdoor-living-contractors-fl%2520(1).webp,"Modern custom pool with clear water, light stone deck, manicured lawn and pergola lounge in Wellington, FL.",https://cdn.prod.website-files.com/6a8f67a39235e3662e5721fe/6a8f67a39235e3662e5726a9_6951f7c47e193677e64dea99_luxury-outdoor-kitchen-pool-backyard-design-florida%2520(1).webp,"Luxury pool with blue LED lights, outdoor kitchen and bar for evening entertaining in Wellington, FL.",https://cdn.prod.website-files.com/6a8f67a39235e3662e5721fe/6a8f67a39235e3662e5726a8_6951f7cb5aa4e76b5716af79_luxury-pool-builders-outdoor-living-florida%2520(1).webp,"Modern pool with integrated spa, pergola and outdoor kitchen for a private tropical retreat in Wellington, FL.",3D Pool Design & Visualization,Preview your pool & outdoor space in Wellington with our 3D design before construction.,Pool Features & Upgrades,"Elevate your pool with spas, waterfalls & lighting for an outdoor oasis in Wellington.",Project Showcase,Browse our Wellington portfolio of luxury pools & outdoor spaces to inspire your design.,What Our Clients Say,Homeowners trust us for custom pools & outdoor living in Wellington. Read our reviews.,Outdoor Living & Pool Blog,"Explore tips and insights on pools & outdoor living in Wellington, FL."
West Palm Beach,west-palm-beach-florida,6a8f67a39235e3662e5722b0,6a8f67a39235e3662e5721ff,6a8f67a39235e3662e5727f6,false,false,Tue Jan 06 2026 20:21:44 GMT+0000 (Coordinated Universal Time),Thu Jan 29 2026 02:31:35 GMT+0000 (Coordinated Universal Time),,custom-pool-builders-palm-beach-county-fl,"Luxury Pool Builders in West Palm Beach, FL | Mr & Mrs","Transform your West Palm Beach, FL backyard with custom pools, outdoor kitchens & outdoor living by local experts. Schedule a free consultation.","Luxury Pool Builders & Outdoor Living Contractors in West Palm Beach, Florida","All In One - Custom pools, pergolas & outdoor kitchens Contractors for your backyard in West Palm Beach, Florida","Professional custom pool builders in West Palm Beach, Florida. We specialize in new pool construction, pool remodeling, and luxury pool design for homeowners in South Florida.",Licensed Pool Builders & Outdoor living contractors In West Palm Beach,"As premier outdoor living contractors in West Palm Beach, FL, we design and execute elite residential and commercial projects. Our team of expert pool builders specializes in custom in-ground pool construction and luxury pool remodeling. From North to South Florida, we are the licensed contractors homeowners trust for high-end craftsmanship and lasting value.",https://cdn.prod.website-files.com/6a8f67a39235e3662e5721fe/6a8f67a39235e3662e5726aa_6951f7be1660c0941ab98250_custom-pool-pergola-outdoor-living-contractors-fl%2520(1).webp,"Modern custom pool with clear water, light stone deck, manicured lawn and pergola lounge in West Palm Beach, FL.",https://cdn.prod.website-files.com/6a8f67a39235e3662e5721fe/6a8f67a39235e3662e5726a9_6951f7c47e193677e64dea99_luxury-outdoor-kitchen-pool-backyard-design-florida%2520(1).webp,"Luxury pool with blue LED lights, outdoor kitchen and bar for evening entertaining in West Palm Beach, FL.",https://cdn.prod.website-files.com/6a8f67a39235e3662e5721fe/6a8f67a39235e3662e5726a8_6951f7cb5aa4e76b5716af79_luxury-pool-builders-outdoor-living-florida%2520(1).webp,"Modern pool with integrated spa, pergola and outdoor kitchen for a private tropical retreat in West Palm Beach, FL.",3D Pool Design & Visualization,Preview your pool & outdoor space in West Palm Beach with our 3D design before construction.,Pool Features & Upgrades,"Elevate your pool with spas, waterfalls & lighting for an outdoor oasis in West Palm Beach.",Project Showcase,Browse our West Palm Beach portfolio of waterfront pools & outdoor spaces to inspire your design.,What Our Clients Say,Homeowners trust us for custom pools & outdoor living in West Palm Beach. Read our reviews.,Outdoor Living & Pool Blog,"Explore tips and insights on pools & outdoor living in West Palm Beach, FL."
Weston,weston-florida,6a8f67a39235e3662e5722b0,6a8f67a39235e3662e5721ff,6a8f67a39235e3662e5727f7,false,false,Tue Jan 06 2026 20:21:44 GMT+0000 (Coordinated Universal Time),Thu Jan 29 2026 02:31:36 GMT+0000 (Coordinated Universal Time),,custom-pool-builders-broward-county-fl,"Luxury Pools & Outdoor Living in Weston, FL | Mr & Mrs","Transform your Weston, FL backyard with custom pools, outdoor kitchens & complete outdoor living for family-friendly homes. Schedule a free consultation.","Luxury Pool Builders & Outdoor Living Contractors in Weston, Florida","All In One - Custom pools, pergolas & outdoor kitchens Contractors for your backyard in Weston, Florida","Professional custom pool builders in Weston, Florida. We specialize in new pool construction, pool remodeling, and luxury pool design for homeowners in South Florida.",Licensed Pool Builders & Outdoor living contractors In Weston,"As premier outdoor living contractors in Weston, FL, we design and execute elite residential and commercial projects. Our team of expert pool builders specializes in custom in-ground pool construction and luxury pool remodeling. From North to South Florida, we are the licensed contractors homeowners trust for high-end craftsmanship and lasting value.",https://cdn.prod.website-files.com/6a8f67a39235e3662e5721fe/6a8f67a39235e3662e5726aa_6951f7be1660c0941ab98250_custom-pool-pergola-outdoor-living-contractors-fl%2520(1).webp,"Modern custom pool with clear water, light stone deck, manicured lawn and pergola lounge in Weston, FL.",https://cdn.prod.website-files.com/6a8f67a39235e3662e5721fe/6a8f67a39235e3662e5726a9_6951f7c47e193677e64dea99_luxury-outdoor-kitchen-pool-backyard-design-florida%2520(1).webp,"Luxury pool with blue LED lights, outdoor kitchen and bar for evening entertaining in Weston, FL.",https://cdn.prod.website-files.com/6a8f67a39235e3662e5721fe/6a8f67a39235e3662e5726a8_6951f7cb5aa4e76b5716af79_luxury-pool-builders-outdoor-living-florida%2520(1).webp,"Modern pool with integrated spa, pergola and outdoor kitchen for a private tropical retreat in Weston, FL.",3D Pool Design & Visualization,Preview your pool & outdoor space in Weston with our 3D design before construction.,Pool Features & Upgrades,"Elevate your pool with spas, waterfalls & lighting for an outdoor oasis in Weston.",Project Showcase,Browse our Weston portfolio of family pools & outdoor spaces to inspire your design.,What Our Clients Say,Homeowners trust us for custom pools & outdoor living in Weston. Read our reviews.,Outdoor Living & Pool Blog,"Explore tips and insights on pools & outdoor living in Weston, FL."
Williston,williston-florida,6a8f67a39235e3662e5722b0,6a8f67a39235e3662e5721ff,6a8f67a39235e3662e5727f8,false,false,Tue Jan 06 2026 20:21:45 GMT+0000 (Coordinated Universal Time),Thu Jan 29 2026 02:31:36 GMT+0000 (Coordinated Universal Time),,custom-pool-builders-levy-county-fl,"Luxury Pools & Outdoor Living in Williston, FL | Mr & Mrs","Transform your Williston, FL estate with custom pools, outdoor kitchens & outdoor living tailored for spacious rural properties. Schedule a free consultation.","Luxury Pool Builders & Outdoor Living Contractors in Williston, Florida","All In One - Custom pools, pergolas & outdoor kitchens Contractors for your backyard in Williston, Florida","Professional custom pool builders in Williston, Florida. We specialize in new pool construction, pool remodeling, and luxury pool design for homeowners in North Florida.",Licensed Pool Builders & Outdoor living contractors In Williston,"As premier outdoor living contractors in Williston, FL, we design and execute elite residential and commercial projects. Our team of expert pool builders specializes in custom in-ground pool construction and luxury pool remodeling. From North to South Florida, we are the licensed contractors homeowners trust for high-end craftsmanship and lasting value.",https://cdn.prod.website-files.com/6a8f67a39235e3662e5721fe/6a8f67a39235e3662e5726aa_6951f7be1660c0941ab98250_custom-pool-pergola-outdoor-living-contractors-fl%2520(1).webp,"Modern custom pool with clear water, light stone deck, manicured lawn and pergola lounge in Williston, FL.",https://cdn.prod.website-files.com/6a8f67a39235e3662e5721fe/6a8f67a39235e3662e5726a9_6951f7c47e193677e64dea99_luxury-outdoor-kitchen-pool-backyard-design-florida%2520(1).webp,"Luxury pool with blue LED lights, outdoor kitchen and bar for evening entertaining in Williston, FL.",https://cdn.prod.website-files.com/6a8f67a39235e3662e5721fe/6a8f67a39235e3662e5726a8_6951f7cb5aa4e76b5716af79_luxury-pool-builders-outdoor-living-florida%2520(1).webp,"Modern pool with integrated spa, pergola and outdoor kitchen for a private tropical retreat in Williston, FL.",3D Pool Design & Visualization,Preview your pool & outdoor space in Williston with our 3D design before construction.,Pool Features & Upgrades,"Elevate your pool with spas, waterfalls & lighting for an outdoor oasis in Williston.",Project Showcase,Browse our Williston portfolio of rural pools & outdoor spaces to inspire your design.,What Our Clients Say,Homeowners trust us for custom pools & outdoor living in Williston. Read our reviews.,Outdoor Living & Pool Blog,"Explore tips and insights on pools & outdoor living in Williston, FL."
Wilton Manors,wilton-manors-florida,6a8f67a39235e3662e5722b0,6a8f67a39235e3662e5721ff,6a8f67a39235e3662e5727f9,false,false,Tue Jan 06 2026 20:21:46 GMT+0000 (Coordinated Universal Time),Thu Jan 29 2026 02:31:35 GMT+0000 (Coordinated Universal Time),,custom-pool-builders-broward-county-fl,"Luxury Pool Builders in Wilton Manors, FL | Mr & Mrs","Transform your Wilton Manors, FL backyard with custom pools, outdoor kitchens & outdoor living by local experts. Schedule a free consultation.","Luxury Pool Builders & Outdoor Living Contractors in Wilton Manors, Florida","All In One - Custom pools, pergolas & outdoor kitchens Contractors for your backyard in Wilton Manors, Florida","Professional custom pool builders in Wilton Manors, Florida. We specialize in new pool construction, pool remodeling, and luxury pool design for homeowners in South Florida.",Licensed Pool Builders & Outdoor living contractors In Wilton Manors,"As premier outdoor living contractors in Wilton Manors, FL, we design and execute elite residential and commercial projects. Our team of expert pool builders specializes in custom in-ground pool construction and luxury pool remodeling. From North to South Florida, we are the licensed contractors homeowners trust for high-end craftsmanship and lasting value.",https://cdn.prod.website-files.com/6a8f67a39235e3662e5721fe/6a8f67a39235e3662e5726aa_6951f7be1660c0941ab98250_custom-pool-pergola-outdoor-living-contractors-fl%2520(1).webp,"Modern custom pool with clear water, light stone deck, manicured lawn and pergola lounge in Wilton Manors, FL.",https://cdn.prod.website-files.com/6a8f67a39235e3662e5721fe/6a8f67a39235e3662e5726a9_6951f7c47e193677e64dea99_luxury-outdoor-kitchen-pool-backyard-design-florida%2520(1).webp,"Luxury pool with blue LED lights, outdoor kitchen and bar for evening entertaining in Wilton Manors, FL.",https://cdn.prod.website-files.com/6a8f67a39235e3662e5721fe/6a8f67a39235e3662e5726a8_6951f7cb5aa4e76b5716af79_luxury-pool-builders-outdoor-living-florida%2520(1).webp,"Modern pool with integrated spa, pergola and outdoor kitchen for a private tropical retreat in Wilton Manors, FL.",3D Pool Design & Visualization,Preview your pool & outdoor space in Wilton Manors with our 3D design before construction.,Pool Features & Upgrades,"Elevate your pool with spas, waterfalls & lighting for an outdoor oasis in Wilton Manors.",Project Showcase,Browse our Wilton Manors portfolio of waterfront pools & outdoor spaces to inspire your design.,What Our Clients Say,Homeowners trust us for custom pools & outdoor living in Wilton Manors. Read our reviews.,Outdoor Living & Pool Blog,"Explore tips and insights on pools & outdoor living in Wilton Manors, FL."
